iteration,bound,simulation_value,num_cuts_generated,wall_time_s,has_converged
1,1.3725021530010263e7,5.3397539793009505e7,9,6.522634983062744,false
2,6.579488899274832e7,1.0893134306832546e8,16,0.08952903747558594,false
3,6.628146016394073e7,2.7788435790325012e7,4,0.01376485824584961,false
4,6.6281518273348555e7,1.3273209580000006e7,2,0.0026891231536865234,false
5,6.628260653343127e7,6.5438603500000015e6,1,0.0017299652099609375,false
6,6.642915088102374e7,1.3273531360103592e7,2,0.0025849342346191406,false
7,6.6442227150553256e7,5.807995940937854e7,8,0.007925033569335938,false
8,6.64671220379235e7,2.7780560013687864e7,4,0.004651069641113281,false
9,6.660906344315539e7,1.9874672849212438e7,3,0.0035309791564941406,false
10,6.674041786980543e7,1.3158213093259417e7,2,0.0026869773864746094,false
11,8.31934925107631e7,1.8361615361109155e8,17,0.014755010604858398,false
12,9.201249771629499e7,7.45712290196628e7,10,0.008434057235717773,false
13,9.214886076387723e7,3.368492219999999e6,1,0.0015959739685058594,false
14,9.314048464340319e7,3.082770178616567e7,6,0.00610804557800293,false
15,9.318373288632242e7,1.1296379264229625e7,3,0.003265857696533203,false
16,9.48661865205277e7,7.140176569573772e7,12,0.010329961776733398,false
17,9.486821907981353e7,2.735983829999998e6,1,0.0013720989227294922,false
18,9.546893999905434e7,2.543138097704695e7,6,0.005624055862426758,false
19,9.830454657380033e7,3.4007314157191336e7,9,0.008411884307861328,false
20,9.84560557730537e7,2.4501940244917735e7,9,0.008208036422729492,false
21,9.847620309245504e7,3.882773066997388e7,10,0.009165048599243164,false
22,9.86242452493805e7,1.2429059791665345e7,5,0.005486965179443359,false
23,9.899962887332547e7,1.0106880412787259e7,4,0.004551887512207031,false
24,9.999794639729044e7,9.971947560846634e7,21,0.020940065383911133,false
25,1.0510991729478996e8,5.307178517659421e7,15,0.013978004455566406,false
26,1.0511635456540462e8,6.4276734215234965e6,3,0.003407001495361328,false
27,1.0707639924773213e8,3.436303547539729e7,9,0.009643077850341797,false
28,1.0847600785937896e8,3.020320898687105e7,9,0.009454011917114258,false
29,1.084770769631724e8,5.709875937613651e6,2,0.002440929412841797,false
30,1.0847913381756921e8,2.7456669880763933e7,9,0.009170055389404297,false
31,1.0863337741888653e8,9.674186116064174e7,22,0.023176908493041992,false
32,1.099526009122675e8,1.0968183785784373e8,28,0.027909040451049805,false
33,1.1011909336814037e8,1.2345138513132736e7,4,0.004545927047729492,false
34,1.1015373844706967e8,2.735983829999998e6,1,0.0016531944274902344,false
35,1.1015401018624999e8,2.735983829999998e6,1,0.0017359256744384766,false
36,1.1017313025910328e8,1.6201188790336251e7,6,0.006411075592041016,false
37,1.1026329117109135e8,1.108315466915001e7,4,0.004787921905517578,false
38,1.1026539724116687e8,2.973827829999998e6,1,0.0016760826110839844,false
39,1.1029878914701048e8,2.9726742025476173e7,9,0.009882926940917969,false
40,1.1059984033473721e8,5.028660195413835e7,16,0.015558004379272461,false
41,1.1060148506758155e8,9.603444392561093e6,3,0.0036749839782714844,false
42,1.1062725850597055e8,6.234840128637314e6,2,0.0026340484619140625,false
43,1.1063509506367603e8,1.1342758501017645e7,4,0.0046808719635009766,false
44,1.1065752827032356e8,6.234537441620797e6,2,0.002666950225830078,false
45,1.106805014807265e8,5.9806631677214205e6,2,0.0027611255645751953,false
46,1.106819296654071e8,5.709759077337295e6,2,0.002871990203857422,false
47,1.1070297008199514e8,5.997039679056361e6,2,0.002811908721923828,false
48,1.1071150933797747e8,1.297783054238452e7,4,0.004712104797363281,false
49,1.1091187873559955e8,1.505110045909597e7,5,0.00533604621887207,false
50,1.110789476451004e8,5.2664372988287166e7,17,0.016563892364501953,false
51,1.1913977870131004e8,1.6847717996690324e8,27,0.02575993537902832,false
52,1.1921220295582455e8,7.43012657954912e7,15,0.014793157577514648,false
53,1.1921333784910779e8,3.2602546599999964e6,1,0.0016808509826660156,false
54,1.1922322659916131e8,2.477460463537793e7,7,0.007537126541137695,false
55,1.1932552248184744e8,4.548613966545874e7,14,0.014127016067504883,false
56,1.213848163093795e8,2.0006381833979335e8,35,0.0357358455657959,false
57,1.214249848457079e8,2.691197175899382e7,8,0.008702993392944336,false
58,1.2143987084227285e8,1.0122964289999992e7,3,0.004060029983520508,false
59,1.2152135125615422e8,9.61852507375966e7,15,0.016968965530395508,false
60,1.2184819559699087e8,3.635504165206832e7,9,0.01038217544555664,false
61,1.2229245708471665e8,1.0458679581298772e8,17,0.019040822982788086,false
62,1.2230081258639908e8,6.753575519062594e6,2,0.002710103988647461,false
63,1.2232289458577268e8,4.227098415091336e7,11,0.011826038360595703,false
64,1.2242807502559696e8,3.421125032751014e8,49,0.05408906936645508,false
65,1.2280782192091234e8,1.5826694214373046e8,29,0.03354287147521973,false
66,1.2287558549928947e8,1.0270377331812006e8,17,0.019770145416259766,false
67,1.2463684731293318e8,5.954436568353458e7,13,0.014741897583007812,false
68,1.2465046078695293e8,2.361411640798174e7,7,0.007350921630859375,false
69,1.2465097341159727e8,6.238908862096369e6,2,0.002897977828979492,false
70,1.2508391677661003e8,3.544287687061347e7,8,0.010040998458862305,false
71,1.2518459283332787e8,2.843799616337522e8,28,0.03187918663024902,false
72,1.25206023117121e8,2.1833116804360464e7,7,0.009030818939208984,false
73,1.2522295195903873e8,4.196639060491623e7,12,0.01485300064086914,false
74,1.2528448415547682e8,2.6332608597230658e7,8,0.01041412353515625,false
75,1.2530127483783606e8,6.7375807033433765e6,2,0.0034019947052001953,false
76,1.2531758692283575e8,6.071534112175962e7,14,0.016643047332763672,false
77,1.2535373726450591e8,3.655247217682831e7,12,0.013949871063232422,false
78,1.2553217144959031e8,6.572811477331714e7,16,0.019546985626220703,false
79,1.255874744570139e8,6.648889417765111e6,2,0.003245115280151367,false
80,1.2559954447543111e8,1.5816530238186598e7,4,0.006048917770385742,false
81,1.257843102591637e8,4.986351761583942e7,12,0.014529943466186523,false
82,1.2639209339880961e8,1.6514824261460277e8,30,0.03476214408874512,false
83,1.2659063272514546e8,1.7871966187900662e7,5,0.00647282600402832,false
84,1.2665323069325377e8,3.3685836099999994e6,1,0.002006053924560547,false
85,1.2717077235351522e8,1.6190654368006328e8,34,0.03978300094604492,false
86,1.272745827424503e8,9.452568981273413e7,19,0.02419114112854004,false
87,1.2733570431515211e8,5.469042072218023e7,11,0.014585018157958984,false
88,1.2737080673958749e8,9.63278147086857e7,15,0.019598007202148438,false
89,1.274660320888926e8,6.85528359334249e7,17,0.022064924240112305,false
90,1.2748673097541851e8,6.754122389470473e6,2,0.0036399364471435547,false
91,1.2751626953767954e8,1.632796390800795e7,5,0.007005929946899414,false
92,1.2754948287443244e8,4.943792755667211e7,9,0.011638164520263672,false
93,1.2756913800716469e8,9.997669581123918e6,3,0.004804849624633789,false
94,1.2763034550076786e8,1.8001506284587324e7,4,0.006324052810668945,false
95,1.2766417733924544e8,3.637465875660294e7,11,0.014292001724243164,false
96,1.2767771345669863e8,1.2567326042215362e7,4,0.006281137466430664,false
97,1.2770929253939e8,6.872772278200924e6,2,0.004105806350708008,false
98,1.2772752071509787e8,1.2876961214719549e7,4,0.006234169006347656,false
99,1.277437322592719e8,1.4287690725206852e8,20,0.025929927825927734,false
100,1.2776388485377935e8,3.1406815589048892e7,8,0.01152491569519043,false
101,1.2777241632804795e8,7.822346496647179e6,2,0.0038750171661376953,false
102,1.2777640806364293e8,1.2082305912983567e7,3,0.005110025405883789,false
103,1.2777689258733818e8,5.512767641771829e7,13,0.01789999008178711,false
104,1.2780422194896136e8,5.497456013703202e7,12,0.01681208610534668,false
105,1.2787177099329422e8,1.2481589533335161e8,27,0.036427974700927734,false
106,1.2789752757062797e8,1.0103682513077797e8,22,0.02981090545654297,false
107,1.2791103876433694e8,1.4027033917982608e7,3,0.005346059799194336,false
108,1.2792502368565859e8,5.822243561678326e7,13,0.018338918685913086,false
109,1.2795412544167963e8,1.796538970284517e7,5,0.00740814208984375,false
110,1.2800998013534631e8,1.636935222452752e8,30,0.038630008697509766,false
111,1.2802804921092126e8,5.356805284748633e7,10,0.014745950698852539,false
112,1.2803560240999682e8,1.3171065744154334e7,4,0.006122112274169922,false
113,1.2804189824015084e8,3.9773388696043596e7,13,0.017502784729003906,false
114,1.2804361890567616e8,2.8050804904679224e7,9,0.013529062271118164,false
115,1.2804854904174754e8,5.4186346166514814e7,14,0.02039813995361328,false
116,1.2805975555082346e8,6.628732729999989e6,2,0.004103899002075195,false
117,1.2812056136793934e8,1.702453843553412e7,4,0.007502079010009766,false
118,1.2813845243980844e8,2.547194625404993e8,35,0.05103302001953125,false
119,1.2817535172986802e8,9.501774667535706e7,15,0.023408889770507812,false
120,1.2822066569641061e8,8.696569635221723e7,18,0.025063037872314453,false
121,1.2823472642195278e8,3.8934290197027457e8,62,0.08644700050354004,false
122,1.2824710825492513e8,1.5347029467918053e7,5,0.008827924728393555,false
123,1.2836769517827491e8,7.818592354693608e7,22,0.030004024505615234,false
124,1.2841752620048566e8,2.100868633665219e7,6,0.010462045669555664,false
125,1.284668119911488e8,2.524684459632002e7,7,0.010768890380859375,false
126,1.285264718343351e8,8.203270864382191e7,21,0.028873205184936523,false
127,1.2854952975006285e8,3.734453452652475e7,11,0.014842987060546875,false
128,1.2856458226319161e8,3.2445541599999964e6,1,0.002666950225830078,false
129,1.2860140859136662e8,4.2448924985180944e7,8,0.013278007507324219,false
130,1.2860423981855848e8,1.1903595490826398e7,4,0.0067670345306396484,false
131,1.2860953176523066e8,6.6148451464833915e6,2,0.00429987907409668,false
132,1.2866948502418594e8,5.960826096970081e7,15,0.021347999572753906,false
133,1.2867626762658139e8,2.1987353296743855e7,7,0.010384082794189453,false
134,1.2867819313842383e8,6.509293951643258e6,2,0.004199981689453125,false
135,1.2869467247647944e8,6.01872485772807e7,11,0.016607999801635742,false
136,1.2871119145768377e8,3.2445541599999964e6,1,0.0028848648071289062,false
137,1.2871419220021227e8,3.2445541599999964e6,1,0.002892017364501953,false
138,1.2872597153496434e8,1.2306485341495703e8,24,0.03549504280090332,false
139,1.2873460096131167e8,7.2625953298146725e6,2,0.004358053207397461,false
140,1.2877149801754059e8,1.8846148149600163e7,5,0.008218050003051758,false
141,1.2879418139712372e8,3.2602546599999964e6,1,0.0029048919677734375,false
142,1.2879906824768026e8,5.1895560189764604e7,13,0.019223928451538086,false
143,1.2881082731954095e8,2.746515318062623e7,8,0.012075185775756836,false
144,1.2883566152434045e8,2.1535495265154988e7,6,0.010542869567871094,false
145,1.288393944262051e8,4.607821680414592e7,10,0.015851974487304688,false
146,1.2886914521059597e8,8.607117097226839e7,21,0.03126406669616699,false
147,1.2892514892465025e8,3.291827614385076e7,7,0.011567115783691406,false
148,1.2894140257175948e8,6.97884682798404e7,22,0.030536890029907227,false
149,1.2895336883602606e8,5.330880470119044e7,11,0.017035961151123047,false
150,1.2896171721193185e8,2.287810447191888e7,8,0.011667013168334961,false
151,1.2898014013603391e8,4.6166306542476445e7,10,0.01618814468383789,false
152,1.2899816376137917e8,3.8264745096903816e7,12,0.01731395721435547,false
153,1.2900038828511938e8,8.43143871844307e7,21,0.03156399726867676,false
154,1.2900666312966427e8,8.206888301191503e7,18,0.0271148681640625,false
155,1.2901090703348657e8,8.235025735092463e7,19,0.03009200096130371,false
156,1.2902592558337942e8,4.229511376287207e7,12,0.01904296875,false
157,1.2903107730968766e8,3.2445334390625954e6,1,0.002960205078125,false
158,1.2904108900325933e8,5.6031875596113e7,13,0.023350000381469727,false
159,1.2904558512775107e8,9.369442688963711e6,3,0.006056785583496094,false
160,1.290464855500368e8,2.819722425065422e7,8,0.01377105712890625,false
161,1.2905318684468412e8,1.0108751842240393e7,3,0.006687164306640625,false
162,1.2907168089380157e8,5.369509895823778e7,14,0.0238039493560791,false
163,1.2907184405454992e8,6.628732729999989e6,2,0.004534006118774414,false
164,1.2910932862876177e8,1.0125007041137546e7,3,0.006090879440307617,false
165,1.2911005837204787e8,3.2602546599999964e6,1,0.0029239654541015625,false
166,1.2911231468613374e8,1.3384540447352752e7,4,0.007304191589355469,false
167,1.291138662094748e8,1.3099037479337946e7,4,0.0075228214263916016,false
168,1.2912060462224536e8,1.0128689613569632e7,3,0.006040096282958984,false
169,1.2912290628574677e8,5.874610873633593e7,13,0.021626949310302734,false
170,1.2915844174615727e8,3.1327968760661006e7,7,0.012407064437866211,false
171,1.2918139357527554e8,1.0980705954819322e8,22,0.037071943283081055,false
172,1.2918779832556927e8,2.7030036995957896e7,8,0.013431072235107422,false
173,1.2921959844096649e8,2.022380352225621e7,6,0.010963916778564453,false
174,1.2922375543870738e8,3.2445541599999964e6,1,0.003134012222290039,false
175,1.2925168224115193e8,9.430612741399199e7,17,0.02942800521850586,false
176,1.2925379347266725e8,1.188477477161348e8,25,0.04019594192504883,false
177,1.2927647066675267e8,2.1788618792667776e7,6,0.010868072509765625,false
178,1.292808024059715e8,6.867873955254704e6,2,0.004730939865112305,false
179,1.2928291608568273e8,1.8421505961430073e7,5,0.008973121643066406,false
180,1.2928989803345396e8,1.0146581979526249e8,18,0.031520843505859375,false
181,1.2929420987957615e8,6.234321810961202e6,2,0.004686117172241211,false
182,1.2931427042549911e8,1.0627577367812395e7,3,0.006426095962524414,false
183,1.2932411979820463e8,6.0171515333183646e7,17,0.028918981552124023,false
184,1.293381468362197e8,6.6298459450389445e6,2,0.004621982574462891,false
185,1.2936680921180984e8,5.4684860821985796e7,10,0.016880035400390625,false
186,1.2937195069994742e8,8.041235910396828e7,17,0.02903580665588379,false
187,1.2938107666896467e8,1.7125832860636947e8,32,0.0543670654296875,false
188,1.2939028499810144e8,6.613664148156986e6,2,0.004822969436645508,false
189,1.2939298779145405e8,1.3029199470094636e7,4,0.007920026779174805,false
190,1.2940044722179675e8,8.515695088424765e7,16,0.02732396125793457,false
191,1.2940493114871518e8,6.660707005187914e7,19,0.031931161880493164,false
192,1.2941625649456777e8,7.264690089626189e7,19,0.0332338809967041,false
193,1.2941992271947558e8,1.2475026814804442e8,25,0.04258608818054199,false
194,1.2942142706983757e8,8.115925585767564e7,18,0.0308840274810791,false
195,1.2943717907900889e8,4.537704355775617e7,14,0.023218870162963867,false
196,1.2944129288000561e8,5.5221290766188964e7,14,0.0244600772857666,false
197,1.2951285618065515e8,3.3434704930506945e7,7,0.013254880905151367,false
198,1.2952034992392188e8,1.9017017534936258e8,36,0.06124305725097656,false
199,1.295326394316385e8,3.3685836100000143e6,1,0.0032749176025390625,false
200,1.2953687537271085e8,1.2047134866407593e8,24,0.04115700721740723,false
201,1.2954075019725266e8,6.918201965861933e7,18,0.030999183654785156,false
202,1.2954996241170488e8,3.5162726899999976e6,1,0.0035560131072998047,false
203,1.295515025265186e8,1.8936709948035255e7,6,0.011056900024414062,false
204,1.2956145172647937e8,8.611655306559509e7,19,0.034028053283691406,false
205,1.2957729940362553e8,7.045879508871889e7,18,0.032460927963256836,false
206,1.2958604174337836e8,1.157978164547393e8,24,0.04097890853881836,false
207,1.2958792896832791e8,2.623407399316165e7,9,0.015178203582763672,false
208,1.2959069347837724e8,2.0884734181320205e7,5,0.010562896728515625,false
209,1.2959267892585208e8,3.072774463617906e7,7,0.013609886169433594,false
210,1.2960241557777628e8,2.6318797630263776e7,9,0.015757083892822266,false
211,1.2960609105494945e8,3.2445541599999964e6,1,0.0034360885620117188,false
212,1.2960661989248393e8,3.1717655759436294e7,9,0.017287015914916992,false
213,1.2961810224937716e8,1.1839782126037414e8,22,0.03873896598815918,false
214,1.2962079747480443e8,3.7724052899999917e6,1,0.0034608840942382812,false
215,1.2962591405631632e8,1.3937119913548318e8,34,0.05770611763000488,false
216,1.2964888366081251e8,9.097165074125059e7,23,0.03871583938598633,false
217,1.297103976277459e8,1.4835656219070864e8,23,0.03947901725769043,false
218,1.2972770988934687e8,3.0498092188788906e7,10,0.018500089645385742,false
219,1.2973980863126126e8,2.6740647320900813e7,8,0.014477014541625977,false
220,1.2973980863126124e8,6.755414531794518e6,2,0.0051419734954833984,false
221,1.2974925695713788e8,1.4759078704292873e8,22,0.03633904457092285,false
222,1.2986669078884594e8,1.3633025906904355e7,4,0.008466005325317383,false
223,1.2988358327623257e8,1.741220400384602e7,5,0.009990930557250977,false
224,1.2991068615478693e8,2.518491967013806e7,5,0.009639978408813477,false
225,1.2993408990243354e8,1.9978158868802106e8,38,0.06489300727844238,false
226,1.2994699323193471e8,7.991443620276272e6,2,0.005149126052856445,false
227,1.299644436124199e8,3.3685830905476213e6,1,0.0033309459686279297,false
228,1.2997326857473196e8,4.9461450821975216e7,13,0.024180889129638672,false
229,1.2998700308720416e8,5.278395421727523e7,9,0.017158031463623047,false
230,1.3000566736062115e8,7.15250825525552e6,2,0.005377054214477539,false
231,1.3002006686265454e8,1.2976687537797093e7,4,0.009280920028686523,false
232,1.3002006914770257e8,3.385118169999987e6,1,0.003322124481201172,false
233,1.3004540985529508e8,8.575329450269842e7,16,0.02925705909729004,false
234,1.3005700972828299e8,2.5253331424595132e7,8,0.015411853790283203,false
235,1.3006206356037532e8,3.534609865966272e7,7,0.014055013656616211,false
236,1.3008214547046833e8,6.928511933401555e6,2,0.005285024642944336,false
237,1.3008583552923347e8,1.1213888315410733e7,3,0.007064104080200195,false
238,1.3009852311693852e8,1.3665416502303183e7,3,0.0069539546966552734,false
239,1.3010487751532972e8,2.5402195759916097e7,6,0.012513875961303711,false
240,1.3011559140305711e8,6.629679409999996e6,2,0.005109071731567383,false
241,1.301199466874285e8,7.152278333428085e6,2,0.005268096923828125,false
242,1.3012577773897009e8,4.096173698978682e7,12,0.021356821060180664,false
243,1.3012797112679029e8,5.4217915503510565e7,12,0.022724151611328125,false
244,1.3013871958046947e8,1.201732454069423e8,23,0.04209184646606445,false
245,1.3014511069567013e8,1.8651000390279442e7,4,0.009509086608886719,false
246,1.3015904013164754e8,2.2365851186940774e7,7,0.016290903091430664,false
247,1.3016696113846445e8,2.743738351856135e7,9,0.016582012176513672,false
248,1.3016794942150009e8,6.928171300000012e6,2,0.005679130554199219,false
249,1.3017043250530863e8,6.758327449212462e6,2,0.005670070648193359,false
250,1.3018837160607642e8,2.3385397939124495e7,5,0.010331869125366211,false
251,1.3020633487408492e8,4.672137237296918e7,15,0.026641130447387695,false
252,1.3021732562450352e8,7.678126333486527e6,2,0.005579948425292969,false
253,1.3021984324462415e8,3.2110810650758386e7,9,0.01772785186767578,false
254,1.3022712046727553e8,3.3685836099999994e6,1,0.0034410953521728516,false
255,1.3025229618880634e8,6.867940414141193e6,2,0.005282878875732422,false
256,1.3025597909130919e8,2.704965855005184e7,6,0.01303720474243164,false
257,1.3025755897442985e8,2.237872806747444e7,8,0.01470494270324707,false
258,1.3025833323046991e8,3.3685836099999994e6,1,0.003259897232055664,false
259,1.3026042513959374e8,1.3399216243693188e7,4,0.008958101272583008,false
260,1.3026138712158734e8,2.949180413352768e7,9,0.017210006713867188,false
261,1.3026500889038628e8,6.758327449212462e6,2,0.00545191764831543,false
262,1.3026866341560516e8,9.460769814634025e7,17,0.03289794921875,false
263,1.3026934667353034e8,3.3685836099999994e6,1,0.003376007080078125,false
264,1.3027371775618017e8,3.3685836099999994e6,1,0.0035240650177001953,false
265,1.3027654990185305e8,2.1756744876835972e7,6,0.012946128845214844,false
266,1.303223746155066e8,4.1529918909009784e7,7,0.014831781387329102,false
267,1.3032354627362728e8,9.230812850308555e7,23,0.04376816749572754,false
268,1.3032486315666266e8,9.889578481148824e6,3,0.006891965866088867,false
269,1.3032668200128053e8,3.3685836099999994e6,1,0.0034699440002441406,false
270,1.3035333432230437e8,5.437237235163191e7,10,0.01850605010986328,false
271,1.3035694256560229e8,1.5389422003135204e7,5,0.01083993911743164,false
272,1.3035949556428358e8,1.7796801968595073e7,4,0.009439945220947266,false
273,1.3035957386777031e8,2.2065214763286984e8,50,0.09257316589355469,false
274,1.3037916065983023e8,6.0877869508835375e7,11,0.022162914276123047,false
275,1.303813384985591e8,6.6453206741236895e6,2,0.00568699836730957,false
276,1.3038451170762126e8,3.2633512189530656e7,10,0.019067049026489258,false
277,1.3043662212948681e8,6.589366480482222e7,16,0.03053593635559082,false
278,1.3044040647729191e8,3.847425029313275e7,9,0.016698122024536133,false
279,1.3044330178278822e8,1.9528758474813834e7,7,0.013805866241455078,false
280,1.3047023398795722e8,3.0782201128450662e7,9,0.017672061920166016,false
281,1.3047118399569167e8,3.3851176505476236e6,1,0.003777027130126953,false
282,1.3047218178216931e8,6.2988396701170206e7,11,0.02309107780456543,false
283,1.3047567393619215e8,1.1225284374378666e7,3,0.007882833480834961,false
284,1.304812365217724e8,1.709405716289884e7,4,0.009392976760864258,false
285,1.3048213032833743e8,6.252309600309491e6,2,0.006116151809692383,false
286,1.3048399264781402e8,7.560015835338719e7,15,0.030736923217773438,false
287,1.304932624992205e8,5.583066393388164e7,10,0.02014899253845215,false
288,1.3051036900575392e8,4.9570781695346594e7,10,0.021995067596435547,false
289,1.3052711452233654e8,3.667146308389574e7,12,0.022111892700195312,false
290,1.3052955993473616e8,6.757218367765129e6,2,0.005887031555175781,false
291,1.305408270236004e8,1.8986460817349e7,4,0.009853124618530273,false
292,1.3054422925195932e8,1.4784672085989475e7,4,0.010025978088378906,false
293,1.3055174597250481e8,1.1658897961728784e8,28,0.11997079849243164,false
294,1.305733170768888e8,2.4494748718164474e7,6,0.013573169708251953,false
295,1.3059463381405932e8,8.106850482111344e7,17,0.03680086135864258,false
296,1.3059675677092695e8,3.183607604871954e7,6,0.013286113739013672,false
297,1.3060059988733825e8,2.4871198733590335e7,9,0.017544031143188477,false
298,1.3060097861532149e8,6.053058552611144e7,16,0.03258204460144043,false
299,1.3060232337701863e8,1.0936879437861116e8,20,0.0423128604888916,false
300,1.3060239674434888e8,8.783645272096366e6,3,0.00769805908203125,false
301,1.3061614012002337e8,4.148638290646225e7,8,0.01708197593688965,false
302,1.306225033323658e8,2.5616069324677974e7,8,0.018173933029174805,false
303,1.3062457639871424e8,1.5320672396167114e7,5,0.012253999710083008,false
304,1.3062710397147706e8,5.293155998354441e7,11,0.023801088333129883,false
305,1.3062970041921413e8,2.5596509255151168e7,7,0.015872955322265625,false
306,1.3063747191937073e8,6.867873955254704e6,2,0.006189107894897461,false
307,1.3064146912256159e8,6.194574638408217e7,13,0.025563955307006836,false
308,1.3064585746638411e8,9.021053587537509e7,20,0.04038691520690918,false
309,1.3065549802187535e8,6.868014349470496e6,2,0.006315946578979492,false
310,1.3065739186632381e8,3.0863011581332535e7,7,0.015848159790039062,false
311,1.3065762228498474e8,3.5162726899999976e6,1,0.004081010818481445,false
312,1.3066052015010297e8,6.737061680000007e6,2,0.006043910980224609,false
313,1.3066665588084374e8,3.963209379105544e7,8,0.01784801483154297,false
314,1.3066717032984464e8,1.5864040459101874e8,29,0.05972909927368164,false
315,1.3067334531645538e8,1.1949291251827046e7,4,0.010069847106933594,false
316,1.306829189867483e8,1.755892189738992e7,5,0.012032032012939453,false
317,1.3068483584358004e8,6.398813527265398e7,16,0.03500199317932129,false
318,1.3070445880099021e8,9.44279151835702e7,10,0.021342039108276367,false
319,1.30705919176169e8,1.0020377059752643e7,3,0.008311033248901367,false
320,1.3071431785988924e8,2.672219571254033e7,6,0.01379704475402832,false
321,1.3072819639870499e8,2.6239029633529335e7,7,0.016376972198486328,false
322,1.3073015070440802e8,7.820995431443536e7,16,0.03542184829711914,false
323,1.3073377113370563e8,1.5756805141709566e8,30,0.06255698204040527,false
324,1.3073539602276435e8,3.394012654696907e7,10,0.021862030029296875,false
325,1.3073737545306222e8,2.3655351602038294e7,7,0.017117023468017578,false
326,1.3073875517648609e8,7.1412691152547e6,2,0.006590127944946289,false
327,1.3073971107166554e8,6.628732729999989e6,2,0.006639957427978516,false
328,1.3074085300808616e8,1.1494166481198415e7,3,0.008547067642211914,false
329,1.307452708474509e8,5.957075624709371e7,12,0.027141809463500977,false
330,1.3074568943609236e8,3.3685836100000143e6,1,0.004237174987792969,false
331,1.3074568943609236e8,6.75359624000001e6,2,0.0065288543701171875,false
332,1.307462209915493e8,1.2764396034544826e7,3,0.00979304313659668,false
333,1.3075228491869146e8,2.909746358639978e7,8,0.01850104331970215,false
334,1.3076224849707386e8,6.978621310794905e7,18,0.03824806213378906,false
335,1.3076339799376607e8,8.440118378662497e6,2,0.006654024124145508,false
336,1.3076826184864508e8,4.151192206338139e7,12,0.023382902145385742,false
337,1.307734332346967e8,2.4423979681777516e8,41,0.08581900596618652,false
338,1.3077421484707183e8,8.037725707032946e7,17,0.035611867904663086,false
339,1.3078739377949391e8,1.569986828095305e7,4,0.010612010955810547,false
340,1.3078774234651022e8,3.3685836099999994e6,1,0.004199028015136719,false
341,1.3079050857075557e8,1.1755379300732225e7,3,0.008532047271728516,false
342,1.3079260372246012e8,3.3685628890625983e6,1,0.004271030426025391,false
343,1.3079359494295125e8,2.8849312125489485e8,44,0.09479308128356934,false
344,1.3079864088930017e8,4.072063038237962e7,12,0.024084806442260742,false
345,1.3079864088930017e8,4.2073656400000155e6,1,0.004370212554931641,false
346,1.3080411155393922e8,6.1311643083655834e7,13,0.030000925064086914,false
347,1.3082156808851148e8,6.22242922863566e7,13,0.029844045639038086,false
348,1.3083180712700596e8,4.9907244620754e7,14,0.030421972274780273,false
349,1.3084089385826634e8,1.6868030597268716e7,5,0.012588977813720703,false
350,1.3084354480208081e8,1.9080151350259602e7,5,0.013473033905029297,false
351,1.308494900156754e8,3.2602546599999964e6,1,0.004252910614013672,false
352,1.3085405282353634e8,3.37285576534325e7,10,0.022443056106567383,false
353,1.3085793342676994e8,1.4897798597540587e7,4,0.011523008346557617,false
354,1.3085930145955354e8,6.7374482987422645e6,2,0.0067920684814453125,false
355,1.3086276088690986e8,2.3802470893255055e7,5,0.01287984848022461,false
356,1.3086555296697636e8,3.1819261662605256e7,7,0.017127037048339844,false
357,1.308662451025495e8,1.01233036093276e7,3,0.008896112442016602,false
358,1.3086721001876722e8,2.9319618763246402e7,8,0.02039790153503418,false
359,1.3086754155331591e8,1.012268419785811e7,3,0.008923053741455078,false
360,1.308706145131042e8,6.969528936497289e7,15,0.03501296043395996,false
361,1.3087062378339237e8,3.2602546599999964e6,1,0.0044078826904296875,false
362,1.3087368475507241e8,6.628732729999989e6,2,0.00669407844543457,false
363,1.3087750566788132e8,3.989929306632815e7,8,0.019053936004638672,false
364,1.3087978169203301e8,2.6111321051372632e7,9,0.019008159637451172,false
365,1.308800577511818e8,1.3241986313554116e8,24,0.05225396156311035,false
366,1.3088083880666266e8,2.5416258891066164e7,8,0.01857590675354004,false
367,1.3089301795482813e8,2.8380581785336062e7,9,0.02027106285095215,false
368,1.3089327658881067e8,1.6241857551018417e7,4,0.011729955673217773,false
369,1.3090259458111528e8,8.117840035255522e6,2,0.007086992263793945,false
370,1.3090533376577486e8,2.8647063059654966e7,8,0.020075082778930664,false
371,1.3091214041631564e8,8.42737997866249e6,2,0.006944894790649414,false
372,1.3091648540928501e8,1.7230140261552393e7,5,0.012637138366699219,false
373,1.3091841498079781e8,2.6787676912031963e7,9,0.02000284194946289,false
374,1.309225935846305e8,3.651542271288538e7,8,0.021193981170654297,false
375,1.3092526795135039e8,2.954806907054536e7,10,0.02215719223022461,false
376,1.3092842136388572e8,6.250949699374944e7,15,0.03421497344970703,false
377,1.3093045810674152e8,3.0241477938459158e7,7,0.016288042068481445,false
378,1.3093362922144069e8,3.099825082639937e7,8,0.019867897033691406,false
379,1.309397637989929e8,3.939922859006816e7,10,0.02391505241394043,false
380,1.3094206940114075e8,7.48875555901479e7,22,0.048941850662231445,false
381,1.309466540444131e8,6.629189622287229e6,2,0.00683903694152832,false
382,1.3094678307930686e8,5.530499630347997e7,13,0.029780149459838867,false
383,1.3095235195565808e8,6.88475076000002e6,2,0.0070269107818603516,false
384,1.3095235195565806e8,3.3685836100000143e6,1,0.004486083984375,false
385,1.3095448024134415e8,2.3054836316048607e7,7,0.017055034637451172,false
386,1.3095757718047048e8,9.99794265038973e6,3,0.008801937103271484,false
387,1.3095776635251884e8,3.3685836100000143e6,1,0.004435062408447266,false
388,1.3096397370270976e8,5.9603804555007964e7,13,0.03337287902832031,false
389,1.3096473576042154e8,1.9838331097063914e7,6,0.015455007553100586,false
390,1.3096513986487055e8,2.133017344431968e7,6,0.015474081039428711,false
391,1.3096590642223184e8,2.503388709240909e7,6,0.015971899032592773,false
392,1.3096650007074992e8,6.505646959999993e6,2,0.0066339969635009766,false
393,1.3096733158478418e8,1.7980943905337334e7,5,0.01347494125366211,false
394,1.309707530700007e8,2.0282670171480015e7,6,0.015064001083374023,false
395,1.3097075307000071e8,3.2602546599999964e6,1,0.0043849945068359375,false
396,1.3097075307000071e8,3.2602546599999964e6,1,0.0042781829833984375,false
397,1.3097166214592397e8,1.1026819743917662e8,24,0.05573892593383789,false
398,1.3097483666795726e8,2.223027579068896e7,6,0.016362905502319336,false
399,1.3097629592339925e8,2.368572072986819e7,7,0.01777815818786621,false
400,1.3097931091650923e8,3.601029557095489e7,10,0.023825883865356445,false
401,1.3098012761888999e8,1.6643002098206237e7,5,0.01330113410949707,false
402,1.3098419021009831e8,2.2829849128993005e7,7,0.017576932907104492,false
403,1.3098926244389702e8,4.606249233104186e7,14,0.030531883239746094,false
404,1.309897579007764e8,9.047812721789083e7,22,0.04937005043029785,false
405,1.3099867891860248e8,1.4484132127115887e8,31,0.0719449520111084,false
406,1.3104344228688616e8,3.9141717059177846e7,7,0.018047094345092773,false
407,1.3105008773045373e8,6.75366859785676e6,2,0.007154941558837891,false
408,1.3105204139690483e8,3.3685836100000143e6,1,0.004442930221557617,false
409,1.3105701947158076e8,6.4583357308294505e7,14,0.034126996994018555,false
410,1.3105915055772415e8,6.926090604590006e7,14,0.03401303291320801,false
411,1.3106186614783268e8,2.3809807499645874e7,6,0.016195058822631836,false
412,1.310750845569494e8,2.3935709007666558e7,6,0.015255928039550781,false
413,1.310780215842263e8,1.0015420866960871e8,15,0.035471200942993164,false
414,1.3108691929944937e8,1.9944515348570317e7,4,0.012044906616210938,false
415,1.3108916890498555e8,9.781009745043412e6,3,0.00940704345703125,false
416,1.3109034259436677e8,1.6395644301410884e7,5,0.013187885284423828,false
417,1.3109342286602679e8,5.271343508573601e7,9,0.021121978759765625,false
418,1.3109747794760895e8,6.737345558314398e6,2,0.006880044937133789,false
419,1.3112516140674964e8,6.138946181447269e7,16,0.038114070892333984,false
420,1.3112601319192603e8,1.7123819031441122e7,6,0.014381885528564453,false
421,1.3115154677251741e8,7.856242065282047e6,2,0.007174015045166016,false
422,1.3116426788154586e8,2.3643113882320672e7,7,0.01822209358215332,false
423,1.311663938838484e8,1.8914175948180437e7,4,0.012187957763671875,false
424,1.3117508254042035e8,2.4101599798493385e7,5,0.013618946075439453,false
425,1.3118086513896416e8,7.581338664658639e7,13,0.03369617462158203,false
426,1.3118629500696966e8,1.2425294784471631e7,4,0.011180877685546875,false
427,1.3118772419018367e8,1.4335304431859821e7,4,0.011680126190185547,false
428,1.3118856641464762e8,3.3685836099999994e6,1,0.004548788070678711,false
429,1.3118961898208359e8,4.4377821054552615e7,11,0.026128053665161133,false
430,1.3119474428129438e8,9.333743805492285e7,18,0.04269099235534668,false
431,1.3119795116059218e8,2.8363831463766858e7,7,0.01931309700012207,false
432,1.3120168096145515e8,1.6729688755925566e7,5,0.021383047103881836,false
433,1.3121895553441164e8,5.3067327727683485e7,11,0.03814196586608887,false
434,1.3121975889050274e8,3.3685836100000143e6,1,0.004979848861694336,false
435,1.3122269678452374e8,1.0303401753074154e7,3,0.010023117065429688,false
436,1.3122813965406469e8,5.038096789767809e7,14,0.03412985801696777,false
437,1.3123127417817272e8,1.728546071638742e7,5,0.013636112213134766,false
438,1.312324292222543e8,1.6320065436320364e7,4,0.012304067611694336,false
439,1.3124051195486242e8,1.1808148183133075e8,20,0.04672598838806152,false
440,1.3124129208572531e8,1.8142063831074142e8,31,0.07008695602416992,false
441,1.3124450794733262e8,1.6799283307408005e7,4,0.012058019638061523,false
442,1.312448832028848e8,3.099150756909865e7,6,0.015891075134277344,false
443,1.312537242380758e8,6.554595171336064e7,12,0.03149080276489258,false
444,1.3125483499630423e8,1.6004905874048203e7,5,0.012251138687133789,false
445,1.3125593540597357e8,2.6361674841332063e7,6,0.01695704460144043,false
446,1.3126631371300893e8,2.3191385812134972e8,35,0.08248281478881836,false
447,1.3126916858530776e8,1.3205664411797866e7,4,0.011448144912719727,false
448,1.3127047572139126e8,6.629157465009436e6,2,0.006924867630004883,false
449,1.3128336420417319e8,4.207365639999986e6,1,0.004636049270629883,false
450,1.3129019296260129e8,1.033516411471735e8,21,0.052117109298706055,false
451,1.3129303392284398e8,1.0437210340060952e8,22,0.04984784126281738,false
452,1.3129407724378242e8,1.1754022200000003e7,3,0.009917020797729492,false
453,1.3130075356051402e8,1.9513914036307484e7,4,0.012546062469482422,false
454,1.3131743161095293e8,2.9733898302067578e7,9,0.02115011215209961,false
455,1.3132155373308907e8,1.0014221841842815e7,3,0.009444952011108398,false
456,1.313215537330891e8,3.3685836099999994e6,1,0.004736900329589844,false
457,1.3132856494994126e8,3.385118169999987e6,1,0.0048580169677734375,false
458,1.3133070946244086e8,6.695711960771738e7,21,0.04370713233947754,false
459,1.3133907338665886e8,4.240553026085001e7,8,0.022287845611572266,false
460,1.3134138761655281e8,1.45543613726601e7,5,0.013193130493164062,false
461,1.3134235961599621e8,4.8299350203035146e7,10,0.026271820068359375,false
462,1.3134461598828106e8,5.255912107663767e7,14,0.03344297409057617,false
463,1.3134513017575628e8,6.337102520113577e7,18,0.04186606407165527,false
464,1.3134528201599544e8,3.7836138900000155e6,1,0.004918098449707031,false
465,1.3134835655731493e8,2.3496793917307764e7,7,0.01795506477355957,false
466,1.3135078874779788e8,1.6907328167972293e8,31,0.07381296157836914,false
467,1.3135181894948143e8,1.262918966618e7,4,0.01173090934753418,false
468,1.3135509731887077e8,1.3258948676013798e7,4,0.01183009147644043,false
469,1.3136405106697823e8,1.7678250314793617e7,4,0.012881040573120117,false
470,1.3136656021780346e8,1.0898217136097193e7,3,0.009701967239379883,false
471,1.3136760593236206e8,6.628982439139679e6,2,0.006901979446411133,false
472,1.3136955330673626e8,1.7838611986645773e7,6,0.01541900634765625,false
473,1.3137255393131936e8,9.489442870000005e6,3,0.009649991989135742,false
474,1.3137255393131936e8,3.3685836099999994e6,1,0.004900932312011719,false
475,1.3138590364199899e8,4.969516276834956e7,10,0.027296066284179688,false
476,1.3138845185595134e8,3.853760891037916e7,8,0.021611928939819336,false
477,1.3138910492368335e8,5.14579525351281e7,11,0.027328968048095703,false
478,1.3139095510361728e8,9.31774765882738e6,3,0.009473085403442383,false
479,1.3139233899805412e8,4.344613934168053e7,8,0.02202606201171875,false
480,1.3140389415309078e8,7.872594410547614e6,2,0.008066892623901367,false
481,1.3140389415309078e8,3.3851176505476236e6,1,0.00515294075012207,false
482,1.3141189985223216e8,1.503416700829032e7,5,0.01424407958984375,false
483,1.3141265708209752e8,1.3026549197576448e7,4,0.012125968933105469,false
484,1.3141402231877324e8,2.0348975067210004e7,5,0.014256954193115234,false
485,1.3142024211780031e8,2.0588568173381403e7,6,0.01695704460144043,false
486,1.3142024211780159e8,3.3685836100000143e6,1,0.0051250457763671875,false
487,1.3142094911780909e8,2.8223222172929555e7,6,0.01743292808532715,false
488,1.3142146402179751e8,1.9798042285354003e7,5,0.014994144439697266,false
489,1.3142415708354865e8,1.1377100090690225e7,3,0.010185956954956055,false
490,1.3142994278736013e8,3.0784899404421255e7,8,0.021782875061035156,false
491,1.3143238980152816e8,2.5108980649904698e7,8,0.020620107650756836,false
492,1.3143825311387394e8,6.5180231942248255e7,15,0.03695201873779297,false
493,1.3144513170120858e8,2.8237522963845402e7,6,0.017859935760498047,false
494,1.3145489356310295e8,1.5297081460654506e8,29,0.07067608833312988,false
495,1.3145641548170565e8,2.8732528308048308e7,9,0.02290797233581543,false
496,1.3147772739552043e8,6.610734636907095e7,11,0.028323888778686523,false
497,1.3148102036097132e8,3.3685836100000143e6,1,0.005131959915161133,false
498,1.3148120731677781e8,1.0195755982033432e8,17,0.04325413703918457,false
499,1.3148353895547318e8,1.849174525444126e7,4,0.013293027877807617,false
500,1.3148355641101192e8,3.2026746434921592e7,9,0.02329397201538086,false
501,1.3148383838328569e8,3.3685836099999994e6,1,0.005169868469238281,false
502,1.3148451313548836e8,2.3480554440676093e7,6,0.016587018966674805,false
503,1.3148639219343981e8,3.6812919202560335e7,6,0.01712512969970703,false
504,1.3148908646780063e8,3.582355105254601e7,11,0.02594304084777832,false
505,1.3148969395791814e8,9.711515588681728e6,3,0.009881973266601562,false
506,1.3149382347123094e8,5.469737296251957e7,16,0.03743696212768555,false
507,1.3149614356559584e8,6.737264439766094e6,2,0.007395029067993164,false
508,1.3149828809820601e8,1.6741835255635008e7,5,0.014101982116699219,false
509,1.3150562355597891e8,6.958193687967649e7,21,0.049002885818481445,false
510,1.3150619110228547e8,3.216872568282266e7,8,0.02225804328918457,false
511,1.3150695000981863e8,3.3685836100000143e6,1,0.005875110626220703,false
512,1.3151772570174044e8,4.4696093204922214e7,11,0.02789592742919922,false
513,1.3151872238929015e8,2.6647406551803872e7,8,0.02167201042175293,false
514,1.3151975885684946e8,5.085094548159321e7,10,0.025706052780151367,false
515,1.3152174806583108e8,2.2370775065041646e7,5,0.014334917068481445,false
516,1.3152559379694259e8,6.757218367765129e6,2,0.008090972900390625,false
517,1.315375245111582e8,2.4101408941197446e8,31,0.07390904426574707,false
518,1.3153815018847515e8,5.818657640986124e7,13,0.03491687774658203,false
519,1.3154443463098751e8,2.6173215444321275e7,6,0.016295194625854492,false
520,1.3154443463098751e8,3.3685836100000143e6,1,0.005597829818725586,false
521,1.3154539578975424e8,1.0123082013133615e7,3,0.011062145233154297,false
522,1.3155196569719963e8,1.594496434464173e7,5,0.01417994499206543,false
523,1.3155892633029072e8,3.3851176505476236e6,1,0.00519108772277832,false
524,1.315610597881609e8,7.962187623740129e7,21,0.05215287208557129,false
525,1.3156384856919207e8,8.867543543771651e7,19,0.04772615432739258,false
526,1.3157062174035329e8,4.838875752471356e7,13,0.03184390068054199,false
527,1.3157217227760261e8,6.884500717259824e6,2,0.008217096328735352,false
528,1.3157292239265575e8,1.4689597779105276e7,5,0.013586997985839844,false
529,1.3157338020902942e8,1.1939634004542798e7,3,0.01086878776550293,false
530,1.3157342638042556e8,3.731980809735304e7,8,0.022358179092407227,false
531,1.3157458867579122e8,6.5410361920963675e6,2,0.007994890213012695,false
532,1.3157609689321999e8,4.8473328150204316e7,17,0.039385080337524414,false
533,1.3157845675474818e8,6.867488200000018e6,2,0.008316993713378906,false
534,1.3157865856510395e8,7.539455451963723e7,16,0.040454864501953125,false
535,1.315857523620427e8,5.563497315267998e7,14,0.03569316864013672,false
536,1.3158604556999552e8,1.9455610262340978e7,6,0.016844987869262695,false
537,1.315992202450951e8,2.3334836452189744e7,5,0.015197038650512695,false
538,1.3160388839023742e8,9.216661473418543e7,11,0.027187824249267578,false
539,1.3160555470366773e8,6.998813847080004e7,16,0.04109311103820801,false
540,1.316284875831212e8,7.099099648212534e7,14,0.03615403175354004,false
541,1.3163537968366301e8,1.2300591945850292e8,20,0.05617785453796387,false
542,1.3163943187519991e8,9.547728796087801e6,2,0.008536100387573242,false
543,1.3164197763127193e8,4.63547804044548e7,9,0.02563190460205078,false
544,1.3164586567897451e8,4.4713333450998366e7,10,0.025207996368408203,false
545,1.3164850988244025e8,3.3811046062418476e7,10,0.02493000030517578,false
546,1.3165096315034722e8,1.6349989277955726e7,5,0.01517796516418457,false
547,1.3165140774599963e8,1.4992930879997611e7,5,0.014834165573120117,false
548,1.3165244070081149e8,3.776257729377751e7,8,0.022969961166381836,false
549,1.3165896697166249e8,3.3685836100000143e6,1,0.005281925201416016,false
550,1.3167404166038224e8,1.777704213390793e7,6,0.016440153121948242,false
551,1.3167589078865705e8,4.476064280000001e6,1,0.005697011947631836,false
552,1.3168265404782408e8,1.685301207243071e8,34,0.0859839916229248,false
553,1.3168558160628375e8,6.737924858637333e6,2,0.0077669620513916016,false
554,1.3168919384700331e8,2.1805207054662496e7,5,0.015312910079956055,false
555,1.3169011183364761e8,1.0077468277611628e7,3,0.011642932891845703,false
556,1.3169283903753835e8,5.034064155915341e7,15,0.042817115783691406,false
557,1.3169971500434907e8,1.1315311964752108e7,3,0.011976003646850586,false
558,1.3170502077683376e8,3.1278355481959835e7,8,0.024457931518554688,false
559,1.3171102951406604e8,7.883457824529284e7,12,0.03458905220031738,false
560,1.3171276791114347e8,1.1741131866888896e7,4,0.013218879699707031,false
561,1.3172297054737736e8,1.5706410100082693e8,24,0.08269715309143066,false
562,1.3173532014236191e8,3.3685836099999994e6,1,0.00550389289855957,false
563,1.3174709860303833e8,2.52526717837317e7,6,0.019716978073120117,false
564,1.3178936104327323e8,4.3616228350038856e7,8,0.023472070693969727,false
565,1.3179440824585375e8,4.130761071731311e7,8,0.022481918334960938,false
566,1.3179847065398426e8,3.976759622177428e7,8,0.02498912811279297,false
567,1.3179944443948002e8,3.2602546599999964e6,1,0.005248069763183594,false
568,1.3181499521010973e8,2.2246998970355532e8,49,0.12088584899902344,false
569,1.3182728294899523e8,5.969808860165803e7,15,0.04223513603210449,false
570,1.3183353391266927e8,1.341765445685783e7,4,0.013615846633911133,false
571,1.3183534834257449e8,1.2177675651051357e7,4,0.01336216926574707,false
572,1.3184965801528646e8,9.542730132544681e7,19,0.05223989486694336,false
573,1.3185567580584133e8,6.42819162666111e7,11,0.028860092163085938,false
574,1.3185586706760979e8,3.3685836099999994e6,1,0.00542902946472168,false
575,1.3188539384283017e8,9.297899904435582e7,20,0.056387901306152344,false
576,1.3188908658742331e8,5.0477408570481956e7,16,0.04371809959411621,false
577,1.3189319455544358e8,5.2906125897438824e7,9,0.028116941452026367,false
578,1.3190170697658734e8,6.867674573428094e6,2,0.008695840835571289,false
579,1.3190368041846429e8,3.3685836099999994e6,1,0.005750179290771484,false
580,1.319054660627705e8,2.082021048543442e8,33,0.08969688415527344,false
581,1.3190643021048924e8,3.2160757905427426e7,7,0.02142500877380371,false
582,1.3191672188168257e8,7.155145746302313e7,12,0.032562971115112305,false
583,1.3191787046576281e8,6.737404556715891e6,2,0.00826716423034668,false
584,1.319232591653616e8,1.4872511740712687e7,4,0.013835906982421875,false
585,1.3192487227197084e8,6.737114637337387e6,2,0.008059978485107422,false
586,1.319367495481289e8,8.355494634087068e7,14,0.041841983795166016,false
587,1.319390260855682e8,1.2063576692122102e7,4,0.014163970947265625,false
588,1.3197690209880495e8,1.7090060478297442e7,4,0.014295101165771484,false
589,1.3198195829655626e8,1.4326982235128984e7,4,0.013416051864624023,false
590,1.3198880883417764e8,1.0107827965157121e7,3,0.010474920272827148,false
591,1.3199349448183703e8,3.921220262748705e7,12,0.03344392776489258,false
592,1.3199636056490824e8,2.0246352330207705e7,7,0.020668983459472656,false
593,1.3200635623420112e8,8.127727635955393e7,15,0.04252314567565918,false
594,1.3200644468174852e8,2.4070519635515958e7,8,0.023152828216552734,false
595,1.3201240041513161e8,1.9817438759111643e7,6,0.018136024475097656,false
596,1.3201254843636486e8,2.2372673416924983e7,7,0.02222299575805664,false
597,1.320126492360657e8,3.3685836100000143e6,1,0.005895137786865234,false
598,1.3202200009348261e8,1.64473395819927e7,4,0.013963937759399414,false
599,1.3202534716196337e8,4.5532907605185166e7,12,0.033097028732299805,false
600,1.3202534716196337e8,3.3685836100000143e6,1,0.005316972732543945,false
601,1.3203146996089919e8,7.075840666896439e7,15,0.0418698787689209,false
602,1.3203155049320368e8,1.2973214356209561e7,4,0.013913154602050781,false
603,1.3203668506334457e8,1.1754323157780051e7,3,0.011652946472167969,false
604,1.3203668506334457e8,3.2602546599999964e6,1,0.0056040287017822266,false
605,1.3203805549331518e8,5.7474122434861794e7,20,0.050987958908081055,false
606,1.3203883194405214e8,3.474611413232908e7,10,0.02729010581970215,false
607,1.3203967217711402e8,2.0611282807575285e7,7,0.02042388916015625,false
608,1.3205405892892544e8,6.872150859120974e7,15,0.04120302200317383,false
609,1.3205702309420559e8,2.328972363773994e7,6,0.01890110969543457,false
610,1.3205885025560884e8,6.737040959062591e6,2,0.008154869079589844,false
611,1.3206912023150966e8,4.113762949532202e7,9,0.026363134384155273,false
612,1.3207251138015333e8,3.5357398241208166e7,9,0.025316953659057617,false
613,1.3207292997793952e8,1.851575932187289e7,5,0.016698837280273438,false
614,1.3208785284090663e8,6.944699105608702e6,2,0.008755207061767578,false
615,1.3208958759630427e8,1.0302402521076903e7,3,0.013135910034179688,false
616,1.3210028965920442e8,3.385118169999987e6,1,0.00681304931640625,false
617,1.3210083362126653e8,6.770608757259816e6,2,0.008964061737060547,false
618,1.32110505590319e8,2.5082350199056098e8,39,0.10601997375488281,false
619,1.3211583005409543e8,1.952006735915655e7,7,0.02091693878173828,false
620,1.3211943180556187e8,5.581683924356364e7,10,0.02693486213684082,false
621,1.3212109145166154e8,4.28571380204452e7,12,0.03370213508605957,false
622,1.3213140621446194e8,1.258967341190505e7,3,0.012392044067382812,false
623,1.3213343508069183e8,2.130809215812597e8,38,0.10293102264404297,false
624,1.3213847805348793e8,6.15491044812178e7,10,0.029941797256469727,false
625,1.3214388092031352e8,1.832090336352232e7,4,0.014797210693359375,false
626,1.3214388092031355e8,3.2602546599999964e6,1,0.005950927734375,false
627,1.3214486724343528e8,1.2390692383621246e7,3,0.012264013290405273,false
628,1.3214551644698536e8,1.0025404771564245e7,3,0.012591838836669922,false
629,1.3214665468505327e8,1.339203487277025e7,4,0.015310049057006836,false
630,1.3214975609744193e8,1.8124037066132125e8,32,0.09031105041503906,false
631,1.3214975609744202e8,3.3685836099999994e6,1,0.006120920181274414,false
632,1.3215303220988297e8,3.3685628890625983e6,1,0.005889177322387695,false
633,1.321534061996575e8,1.6824444843333438e7,4,0.014770030975341797,false
634,1.3217348301182443e8,3.1177369660636085e8,35,0.08774089813232422,false
635,1.3218362781014192e8,2.2397991829414874e7,7,0.022706031799316406,false
636,1.321946548437331e8,6.423347358208567e7,11,0.03328704833984375,false
637,1.3219562618785992e8,3.1180062877468184e7,11,0.028419017791748047,false
638,1.3220259295236656e8,7.152278333428085e6,2,0.009131908416748047,false
639,1.3220350206153828e8,1.6526644709893242e7,6,0.019752025604248047,false
640,1.322049832628948e8,1.9127949842351794e7,4,0.017925024032592773,false
641,1.3220560883828937e8,2.86979753321241e7,8,0.02647686004638672,false
642,1.3220571990993914e8,2.10757319976632e7,7,0.02205801010131836,false
643,1.3220815797586891e8,3.3851176505476236e6,1,0.0060460567474365234,false
644,1.3220902253509505e8,4.53801170324527e7,14,0.0379030704498291,false
645,1.3221301190409374e8,3.5236096495007664e7,10,0.02791905403137207,false
646,1.32214312526485e8,1.5808393602580905e7,5,0.017242908477783203,false
647,1.3221641502643523e8,1.3367348353228077e7,4,0.015305042266845703,false
648,1.3221992456405981e8,3.2551455978223383e7,6,0.020300865173339844,false
649,1.3222201498432401e8,3.3851176505476236e6,1,0.006005048751831055,false
650,1.3222300574505922e8,3.3685628890625983e6,1,0.0059320926666259766,false
651,1.3222649008519459e8,1.298237542521596e7,4,0.01476597785949707,false
652,1.322266115965393e8,1.8162590791665927e7,5,0.017766952514648438,false
653,1.3222683374293534e8,3.3685836100000143e6,1,0.006369113922119141,false
654,1.3222901746365091e8,2.746264409033914e7,9,0.026573896408081055,false
655,1.3223036449578567e8,3.2602339390625954e6,1,0.006179094314575195,false
656,1.3223063724004954e8,1.7363994958572462e7,5,0.017363786697387695,false
657,1.3223096630840012e8,1.9328526308391505e8,27,0.07817316055297852,false
658,1.3223109883418602e8,2.242793908661492e7,7,0.02227497100830078,false
659,1.3223254813816643e8,4.891550311302066e7,10,0.030564069747924805,false
660,1.3223582948078391e8,1.7819710198082805e7,4,0.014752864837646484,false
661,1.3223609649618143e8,2.0704595649207786e7,5,0.017544984817504883,false
662,1.3224297390034786e8,9.494632808547564e7,24,0.06354212760925293,false
663,1.322460107491142e8,2.4796260215953693e7,7,0.02283191680908203,false
664,1.3224623030476275e8,6.631364880309477e6,2,0.009562969207763672,false
665,1.3224833283467995e8,6.628732729999989e6,2,0.009273052215576172,false
666,1.3224936179477528e8,6.867827519327611e6,2,0.009366989135742188,false
667,1.3225373442876503e8,4.220004039999992e6,1,0.0061130523681640625,false
668,1.3226198423502219e8,3.3685836100000143e6,1,0.006134986877441406,false
669,1.322619842350222e8,3.2602546599999964e6,1,0.0062160491943359375,false
670,1.3226233688673304e8,4.6693091758499116e7,13,0.03767085075378418,false
671,1.3227265586736287e8,3.915310465276417e7,7,0.022452116012573242,false
672,1.3227716418106633e8,1.9221769459719828e8,37,0.10327601432800293,false
673,1.3227903004402456e8,1.7027980316724822e7,5,0.018146991729736328,false
674,1.3227951280925971e8,6.628982439139664e6,2,0.00937199592590332,false
675,1.3228829336811584e8,3.724802662025887e7,7,0.02298903465270996,false
676,1.3229311495195426e8,2.121636092005822e7,6,0.018901824951171875,false
677,1.3229324427806294e8,1.6354202509866476e7,5,0.01658916473388672,false
678,1.3229335785090971e8,1.3402718262480736e7,4,0.014703035354614258,false
679,1.3229582797100362e8,2.0707708440635693e8,31,0.08396196365356445,false
680,1.322998156246947e8,1.8180274104584485e7,5,0.01735997200012207,false
681,1.3230157614811216e8,4.459394488013551e7,9,0.028024911880493164,false
682,1.3230301471226378e8,3.1820312720921427e7,8,0.026229143142700195,false
683,1.3230392103271705e8,6.737406540961206e6,2,0.009628772735595703,false
684,1.3230609705013226e8,1.755865395860687e7,6,0.020206212997436523,false
685,1.3230762808448325e8,7.767103707721442e6,2,0.009981870651245117,false
686,1.3233267520077221e8,1.906761271195212e7,4,0.014845132827758789,false
687,1.3234362377673237e8,1.2151495537642993e8,20,0.06013178825378418,false
688,1.3234596857988374e8,1.787341822063072e7,5,0.0183560848236084,false
689,1.3234685712818773e8,2.1304311710652262e7,5,0.018427133560180664,false
690,1.3236071651910444e8,1.0667632247436422e8,22,0.06567692756652832,false
691,1.3236114936215614e8,3.3685836100000143e6,1,0.006512880325317383,false
692,1.323843393594069e8,1.1051357161763209e8,22,0.06957817077636719,false
693,1.3238472859848118e8,1.4869297429570809e7,4,0.015916824340820312,false
694,1.3238503352256401e8,2.9167365494968936e7,9,0.028961181640625,false
695,1.323873988061061e8,1.5695400441868901e7,4,0.017082929611206055,false
696,1.3240332046131946e8,3.549356855223026e8,52,0.15802907943725586,false
697,1.3240379706388365e8,3.444939004549278e7,8,0.027762889862060547,false
698,1.3240439364786273e8,3.385118169999987e6,1,0.006997108459472656,false
699,1.3240531470879763e8,8.59293635634983e7,23,0.06745600700378418,false
700,1.3240796700817592e8,2.359956037696455e8,39,0.11693978309631348,false
701,1.3241524174948433e8,3.3685628890625983e6,1,0.006539106369018555,false
702,1.3241713934381548e8,4.8921114961052895e7,10,0.032560110092163086,false
703,1.3241741431363976e8,6.901471373636007e6,2,0.010211944580078125,false
704,1.3241741431363976e8,3.3685836100000143e6,1,0.006415843963623047,false
705,1.3241906301576857e8,3.270829621473363e7,6,0.02158522605895996,false
706,1.3241906301577218e8,3.3685836100000143e6,1,0.006334781646728516,false
707,1.3241982370387574e8,1.332354916960674e8,29,0.09174799919128418,false
708,1.3242120681615347e8,2.891915717020528e8,57,0.1649491786956787,false
709,1.324224729939506e8,6.888832556754082e6,2,0.009761810302734375,false
710,1.3242247299395059e8,3.385118169999987e6,1,0.007008075714111328,false
711,1.3242513836297771e8,6.84572960900678e7,16,0.0503690242767334,false
712,1.3242926092486504e8,6.855935771156204e7,16,0.055828094482421875,false
713,1.3243203976850508e8,6.774862009212434e6,2,0.010742902755737305,false
714,1.3243866357104175e8,1.1604001446163616e8,15,0.04807710647583008,false
715,1.3244572943853892e8,3.3162095823337376e7,8,0.029025793075561523,false
716,1.3244572943853895e8,3.3851176505476236e6,1,0.006509065628051758,false
717,1.3244792754661928e8,2.349818917771691e7,5,0.01931309700012207,false
718,1.3244900453592937e8,6.945386269443959e6,2,0.010175943374633789,false
719,1.3244968342111613e8,2.1707994166368425e7,5,0.018748998641967773,false
720,1.3245953895135993e8,1.3388719320511162e8,24,0.06855607032775879,false
721,1.3246231877846068e8,2.4746192110095352e7,7,0.024096012115478516,false
722,1.324747675621217e8,2.812622283232621e8,53,0.16036701202392578,false
723,1.3249033717699632e8,1.713072634055692e7,4,0.01709580421447754,false
724,1.3249237674686545e8,4.0704769221353784e7,10,0.03176522254943848,false
725,1.3249484643197745e8,1.924850361202623e7,5,0.018799781799316406,false
726,1.3249826579609378e8,4.857373001912731e7,9,0.031272172927856445,false
727,1.3250196483762856e8,1.2192624199999988e7,3,0.013489007949829102,false
728,1.3250283383970541e8,1.4381338987982571e7,3,0.013931989669799805,false
729,1.3250490224486679e8,3.2091665725919276e7,7,0.02616286277770996,false
730,1.3250740347589839e8,9.231445751465917e7,20,0.06467318534851074,false
731,1.3252049499766935e8,2.8981260499022886e7,9,0.028743982315063477,false
732,1.325209294241128e8,2.4175540545442656e7,8,0.02429795265197754,false
733,1.325216075756423e8,5.501758038012189e7,14,0.04504799842834473,false
734,1.3252322827755122e8,1.094011751691544e7,3,0.013663053512573242,false
735,1.3253676891146071e8,5.415801125815493e7,11,0.034207820892333984,false
736,1.3254044665666898e8,1.6542539560093105e8,23,0.06912517547607422,false
737,1.3254317170369242e8,2.5373023880675912e7,7,0.026085853576660156,false
738,1.325434241128803e8,6.867488200000003e6,2,0.010756969451904297,false
739,1.3255213643918471e8,5.0171668970626086e7,13,0.040184974670410156,false
740,1.3255651783349939e8,1.2735711526572913e7,3,0.013134002685546875,false
741,1.3256342316631062e8,9.3373080160878e6,2,0.010331153869628906,false
742,1.3256699233072537e8,5.82175415587295e7,13,0.04304385185241699,false
743,1.3256773130375348e8,1.2052023768606517e8,22,0.07260799407958984,false
744,1.3256850713604261e8,3.724627122470191e7,7,0.025538206100463867,false
745,1.3257400357580781e8,4.2908913674346626e7,10,0.03362393379211426,false
746,1.3257599545744345e8,3.3685836099999994e6,1,0.006381034851074219,false
747,1.3257954079572071e8,3.584256280919382e7,12,0.03310084342956543,false
748,1.3258144533061755e8,6.87156999675408e6,2,0.010042190551757812,false
749,1.3258191828757013e8,1.3499735718619704e7,4,0.01650094985961914,false
750,1.3258514485586463e8,3.0769104283628166e7,6,0.020647048950195312,false
751,1.3258627019948076e8,1.1348225244758368e7,3,0.014199972152709961,false
752,1.3259328456859438e8,1.151348732656816e8,26,0.08337783813476562,false
753,1.3259446870610748e8,3.803362908971918e7,10,0.03189396858215332,false
754,1.3259869945907001e8,2.70804955700856e7,7,0.02367115020751953,false
755,1.3259889301575905e8,1.8368769844835564e7,5,0.019734859466552734,false
756,1.3259947628643607e8,9.375726750205047e7,19,0.060923099517822266,false
757,1.3260373254871234e8,1.9496051261873397e8,38,0.11999201774597168,false
758,1.3260719388469307e8,2.1892647491815275e8,32,0.09995698928833008,false
759,1.3260832778395681e8,4.476064280000001e6,1,0.007128000259399414,false
760,1.3261092421118094e8,4.326535728590655e7,8,0.02821493148803711,false
761,1.3261265145778129e8,1.8252826531084105e7,5,0.019713163375854492,false
762,1.3261575345657218e8,1.7078387443067998e7,4,0.01690387725830078,false
763,1.326173653470829e8,1.6962367072380543e7,4,0.01853799819946289,false
764,1.326206870495725e8,1.0106708826576889e7,3,0.01415705680847168,false
765,1.326214335286835e8,8.828967472096369e6,3,0.01361989974975586,false
766,1.3262321289264771e8,8.284335377341521e7,16,0.060331106185913086,false
767,1.326259138450684e8,1.1990230984156758e7,3,0.014931917190551758,false
768,1.3262627541554952e8,2.964000771791932e7,9,0.032598018646240234,false
769,1.3262825704383409e8,3.821012162157254e7,8,0.03130602836608887,false
770,1.3263270501305504e8,6.673052288165966e7,11,0.041584014892578125,false
771,1.3263323540867664e8,1.4224955723367885e7,4,0.018455028533935547,false
772,1.3263405590811999e8,1.336723496181129e7,4,0.018307924270629883,false
773,1.3263721147905974e8,6.412393050791913e7,15,0.05549907684326172,false
774,1.326384433524069e8,1.1211915150576165e8,28,0.09684085845947266,false
775,1.3265658419228801e8,3.699783757604149e7,10,0.03457999229431152,false
776,1.326570986808466e8,3.8706495342229724e7,10,0.08672499656677246,false
777,1.3265832120803124e8,1.3279443668136328e7,4,0.018619060516357422,false
778,1.3266910666403505e8,1.852903518037027e7,4,0.018419981002807617,false
779,1.3267039166806862e8,1.1277209520794067e8,25,0.08405113220214844,false
780,1.3267136690945353e8,1.6078195452625245e7,4,0.018632888793945312,false
781,1.3267471052687383e8,3.1980842234789386e7,9,0.029870986938476562,false
782,1.326812358773616e8,1.4397892404377371e7,3,0.014527082443237305,false
783,1.3268488602695464e8,5.342896189985031e7,10,0.034548044204711914,false
784,1.3268590471316227e8,1.2033078615679309e8,19,0.06534790992736816,false
785,1.3268671230840234e8,5.79172265663283e7,12,0.04318714141845703,false
786,1.3268695154293858e8,3.3685836100000143e6,1,0.006876945495605469,false
787,1.3269753815183747e8,1.6814573451299876e7,4,0.018353939056396484,false
788,1.3269824618892874e8,8.505771195268445e7,20,0.07184600830078125,false
789,1.3270738214994486e8,7.423160374707946e7,16,0.058526039123535156,false
790,1.3270978808960906e8,6.737634599755496e6,2,0.010972976684570312,false
791,1.3271659533399135e8,8.383315704666892e7,17,0.061081886291503906,false
792,1.3271824003588156e8,6.093107195217486e7,12,0.0442659854888916,false
793,1.3272114325758702e8,1.3210847398550794e7,4,0.019440174102783203,false
794,1.3272229693791747e8,4.232742439999998e6,1,0.007372856140136719,false
795,1.327279294130021e8,1.8818598964320153e7,5,0.021921157836914062,false
796,1.3273098312475654e8,3.326365008587268e7,6,0.025174856185913086,false
797,1.3273167741241807e8,1.1129440473537445e7,3,0.014868974685668945,false
798,1.327335750592108e8,5.821921781640352e7,10,0.03644919395446777,false
799,1.3273388315832925e8,7.511695127719554e7,16,0.055856943130493164,false
800,1.3273394641695178e8,8.86074196737273e7,17,0.06299591064453125,false
801,1.3273414688857183e8,3.3851176505476236e6,1,0.007573127746582031,false
802,1.3273855254036032e8,2.4088531644599736e7,7,0.028306961059570312,false
803,1.3273914014621732e8,3.3685628890625983e6,1,0.006852865219116211,false
804,1.3273991358143361e8,7.152091960000008e6,2,0.010892152786254883,false
805,1.327422244041779e8,6.504133312232621e7,14,0.04774284362792969,false
806,1.3274335009697163e8,2.0246441500016853e7,6,0.024471044540405273,false
807,1.3274607576258305e8,5.488805970055844e7,17,0.056066036224365234,false
808,1.3274646553179027e8,3.091037512266469e8,45,0.1444721221923828,false
809,1.3274724244929136e8,6.097166010171826e7,13,0.043904781341552734,false
810,1.3275346404193786e8,8.713090165626198e6,2,0.010941028594970703,false
811,1.3275690187538338e8,8.297272824268019e7,16,0.05672717094421387,false
812,1.3275719177377367e8,2.781559359419498e7,8,0.03147602081298828,false
813,1.3275789833987416e8,9.381203509379342e6,3,0.013484954833984375,false
814,1.3275917613197087e8,8.549743301075858e7,14,0.05100703239440918,false
815,1.3275971222555801e8,3.3685628890625983e6,1,0.007023811340332031,false
816,1.3275999635461426e8,3.3851176505476236e6,1,0.007476091384887695,false
817,1.3276077244819386e8,2.534307699619019e7,6,0.026534080505371094,false
818,1.3276145511015366e8,1.813726654758504e7,6,0.023552894592285156,false
819,1.3276318556645374e8,6.667619118067379e7,14,0.052269935607910156,false
820,1.3276577435234262e8,8.707480799999982e6,2,0.01138615608215332,false
821,1.3276588419834827e8,1.0010296445539191e7,3,0.014439821243286133,false
822,1.327716203411936e8,1.672677830977322e8,30,0.10617208480834961,false
823,1.3277225376803422e8,6.884995790993646e6,2,0.011049032211303711,false
824,1.327738005572247e8,3.8124327616491646e7,9,0.03407001495361328,false
825,1.327738005572247e8,3.3685836100000143e6,1,0.0072460174560546875,false
826,1.3277701243923976e8,2.786347586413455e7,5,0.021509885787963867,false
827,1.3277905871221174e8,2.542798132359788e7,5,0.020989179611206055,false
828,1.327802989136376e8,2.906974266319664e7,9,0.030916929244995117,false
829,1.3278213452356336e8,4.549327071499899e7,15,0.047280073165893555,false
830,1.3278231680389711e8,3.226435229817128e7,9,0.03444790840148926,false
831,1.3278245311102204e8,5.819923935295758e7,14,0.04879188537597656,false
832,1.3278355384135044e8,4.97563589971277e7,10,0.03517413139343262,false
833,1.3278485138049197e8,3.7249070068069056e7,9,0.03535199165344238,false
834,1.3278993135090584e8,1.4054981180483073e7,3,0.01503300666809082,false
835,1.3279044178178291e8,6.612700260078053e7,19,0.06634187698364258,false
836,1.3279290489205013e8,2.729153577087125e7,7,0.02802109718322754,false
837,1.3279384445517187e8,1.6662270621187419e7,4,0.01877903938293457,false
838,1.3279529368084662e8,4.3752318801618055e7,14,0.04457998275756836,false
839,1.3279579049945237e8,1.0253972037033632e7,3,0.014837026596069336,false
840,1.3279614308845864e8,5.400176319534266e7,11,0.04034900665283203,false
841,1.3279790151166798e8,2.897165267055726e7,7,0.02822089195251465,false
842,1.3279928554788718e8,6.73734551318498e6,2,0.011076927185058594,false
843,1.327995331547852e8,2.551649019202727e7,6,0.025106191635131836,false
844,1.3280909049688466e8,8.10243839528203e6,2,0.0114288330078125,false
845,1.3281172731191182e8,2.979455283611071e7,5,0.021644115447998047,false
846,1.3281226352510184e8,1.3687827173169047e7,4,0.01859593391418457,false
847,1.3281376428859656e8,4.437097561037725e7,11,0.03819394111633301,false
848,1.3281683517064929e8,1.7907670870363265e7,4,0.019141197204589844,false
849,1.3281683517065129e8,3.3851176505476236e6,1,0.007289886474609375,false
850,1.3281747478763652e8,5.2696019873027965e7,11,0.04113411903381348,false
851,1.3282374319729799e8,4.929102723484674e7,11,0.03832077980041504,false
852,1.3282436926070324e8,5.276272332011789e7,12,0.040316104888916016,false
853,1.3282534927597544e8,4.9603558533696115e7,12,0.043421030044555664,false
854,1.3282662472655338e8,8.3558556677214205e6,2,0.011749029159545898,false
855,1.3283024545384933e8,1.0952907840640372e8,19,0.07469701766967773,false
856,1.3283202947998892e8,1.0106188864158764e7,3,0.015935897827148438,false
857,1.3283385084420125e8,7.7321241237722635e6,2,0.011327028274536133,false
858,1.3283426297677812e8,4.27177984520784e7,10,0.03996109962463379,false
859,1.3283444292332147e8,3.3685628890625983e6,1,0.0072629451751708984,false
860,1.328345704135984e8,1.920692512491475e7,6,0.025388002395629883,false
861,1.3283799994437222e8,1.3187229808771884e8,21,0.07287406921386719,false
862,1.3283936429621972e8,3.457725637386975e7,8,0.03168487548828125,false
863,1.3283988468602632e8,7.201852157986516e7,9,0.03482413291931152,false
864,1.3284073504223673e8,1.0106565423568338e7,3,0.015108823776245117,false
865,1.328407350422367e8,3.3685836099999994e6,1,0.007195949554443359,false
866,1.3284339139349143e8,7.033485810665253e7,18,0.07023406028747559,false
867,1.3284381685354821e8,2.9335716460459754e7,7,0.029269933700561523,false
868,1.3284568965159775e8,3.1362809000332177e7,7,0.0298612117767334,false
869,1.3284758851415743e8,9.382860336181027e7,18,0.06784391403198242,false
870,1.3284942065772985e8,2.2034981027730525e7,6,0.025815963745117188,false
871,1.3285308688644181e8,6.98677911725983e6,2,0.01223897933959961,false
872,1.32862991773703e8,8.760615622090648e7,15,0.053336143493652344,false
873,1.3286324423374669e8,8.124929333385748e7,18,0.06664490699768066,false
874,1.3286571237868868e8,1.3181449816682474e8,21,0.07295393943786621,false
875,1.3286571237868866e8,3.3685628890625983e6,1,0.007600069046020508,false
876,1.3286921356062405e8,3.302400352769284e7,7,0.027482986450195312,false
877,1.3286927954652618e8,3.3685836099999994e6,1,0.0072879791259765625,false
878,1.3287006257693067e8,2.7848100780796885e7,6,0.024344921112060547,false
879,1.3287154789095674e8,2.8706194024194747e7,7,0.02904820442199707,false
880,1.328832947452739e8,3.3685836100000143e6,1,0.00756382942199707,false
881,1.3288429098633328e8,5.671477126054327e7,11,0.03752613067626953,false
882,1.3288515472134122e8,9.693946781477937e7,17,0.0652458667755127,false
883,1.3288548025144535e8,2.7953022542562485e7,8,0.04928302764892578,false
884,1.3288578369212347e8,9.365242984002322e6,3,0.016767024993896484,false
885,1.3288651889184582e8,6.629017426672563e6,2,0.011469125747680664,false
886,1.3288702940379432e8,2.4878833084271416e7,5,0.0234220027923584,false
887,1.3288714838146178e8,4.70127774503182e7,11,0.037405967712402344,false
888,1.3289509541345342e8,3.804579627791819e7,7,0.028062820434570312,false
889,1.3289683084826827e8,2.3674303264182866e7,5,0.022471189498901367,false
890,1.3289685871290769e8,3.3685836100000143e6,1,0.007508993148803711,false
891,1.3289731869904256e8,1.0139533749268979e7,3,0.015832901000976562,false
892,1.3289961925175467e8,8.069801121265557e7,22,0.08258700370788574,false
893,1.3290200905112396e8,2.134141422508362e7,5,0.023456096649169922,false
894,1.3290387875182728e8,1.960786483865276e7,5,0.022534847259521484,false
895,1.3290470879336399e8,1.9830151904967368e7,6,0.023775100708007812,false
896,1.3290666992244726e8,1.6677273645317107e7,5,0.02172398567199707,false
897,1.3291005359661183e8,2.822018147909504e7,5,0.02319502830505371,false
898,1.3291099634796928e8,2.555069686121334e7,7,0.029199838638305664,false
899,1.3291114677535845e8,6.753783476915628e6,2,0.011881113052368164,false
900,1.3291214444201939e8,2.812049753345722e7,8,0.03312492370605469,false
901,1.3291398856459494e8,6.020050874783394e7,15,0.05915117263793945,false
902,1.3291438795687927e8,3.3685836100000143e6,1,0.00785684585571289,false
903,1.3291485039956233e8,3.3685836099999994e6,1,0.007749080657958984,false
904,1.3291557568586971e8,1.683201078039573e7,4,0.021554946899414062,false
905,1.3291644266370755e8,6.928090960000008e6,2,0.011529922485351562,false
906,1.3291780505346292e8,1.0218742737584165e8,21,0.08310818672180176,false
907,1.3291824850397962e8,6.064273635420093e7,18,0.06390500068664551,false
908,1.3292038944441533e8,2.128763253388214e7,6,0.024909019470214844,false
909,1.3292111564231737e8,2.604388624629292e7,8,0.030887842178344727,false
910,1.3292324571813177e8,1.0521119753569499e7,3,0.01537013053894043,false
911,1.3292324571813199e8,3.385118169999987e6,1,0.008404016494750977,false
912,1.3292443690860367e8,8.52227912208087e7,16,0.07030296325683594,false
913,1.3292443690860364e8,3.3685628890625983e6,1,0.007760047912597656,false
914,1.3292534698488632e8,1.837763733631982e7,5,0.02458500862121582,false
915,1.3292854484488435e8,1.6995534140124887e7,4,0.022830963134765625,false
916,1.3292956154537913e8,2.13092241493233e7,5,0.02399587631225586,false
917,1.3293014276505283e8,1.7942748629413053e7,6,0.025602102279663086,false
918,1.329306996491707e8,1.4884003966752768e7,5,0.02047896385192871,false
919,1.3293164419129589e8,3.1325559046032667e7,6,0.02546095848083496,false
920,1.3293693487068598e8,2.360387803856653e7,5,0.0231630802154541,false
921,1.3293694852847537e8,1.6418611924494684e7,4,0.022090911865234375,false
922,1.3293990300829174e8,2.7483986000415042e7,8,0.03216814994812012,false
923,1.3294734279138392e8,2.1952849753783613e7,7,0.02777695655822754,false
924,1.3295232056871156e8,5.3525345308234036e7,12,0.043756961822509766,false
925,1.3295257164259106e8,1.7183445440210268e7,5,0.02227497100830078,false
926,1.3295293064641786e8,4.2015932852052525e7,9,0.03842902183532715,false
927,1.3295412500562036e8,1.0632775197644249e8,16,0.06432890892028809,false
928,1.32960136137017e8,4.431603007828474e7,10,0.04312610626220703,false
929,1.329629185076796e8,2.0995689046206623e7,6,0.02729487419128418,false
930,1.3296318990088859e8,6.737333419683367e6,2,0.012292146682739258,false
931,1.3296414533774716e8,4.397586871438791e7,8,0.03298687934875488,false
932,1.3296585169015141e8,5.144438052375731e7,12,0.042253971099853516,false
933,1.3296637164032754e8,3.687984511312087e7,7,0.03192019462585449,false
934,1.329668921558822e8,3.9308670620322645e7,7,0.030757904052734375,false
935,1.3296885841993032e8,1.0523578498004287e7,3,0.015909910202026367,false
936,1.3297012645702803e8,3.385118169999987e6,1,0.008100032806396484,false
937,1.3297097434675904e8,1.2998801141082646e8,27,0.10634493827819824,false
938,1.3297150519070078e8,2.265808632593532e7,8,0.02979302406311035,false
939,1.329718474449241e8,8.973614021399608e7,20,0.08118820190429688,false
940,1.3297369163078365e8,1.4505859185015264e8,31,0.11989498138427734,false
941,1.3297482312670493e8,2.771104559881136e7,7,0.030968904495239258,false
942,1.3297807577158406e8,1.4987162463758975e7,3,0.016530990600585938,false
943,1.329795543050777e8,3.169418575530365e7,10,0.03659391403198242,false
944,1.3298252822250628e8,1.2883164801703215e7,3,0.01705002784729004,false
945,1.3298336217683606e8,2.6000829096755832e7,7,0.029783964157104492,false
946,1.329835519055689e8,1.2325942666790171e8,28,0.10514402389526367,false
947,1.3298413907568732e8,3.0495971400920212e7,8,0.028867006301879883,false
948,1.3298438704806532e8,4.9903313686173126e7,12,0.0451970100402832,false
949,1.3298542933200093e8,9.730533318756953e6,3,0.016052961349487305,false
950,1.329888773322131e8,2.783363562919873e7,5,0.026476144790649414,false
951,1.3299016574705242e8,3.0062770806295246e7,6,0.028163909912109375,false
952,1.3299068146051945e8,3.385118169999987e6,1,0.008526086807250977,false
953,1.3299129066754748e8,1.434877605295533e7,4,0.02116703987121582,false
954,1.3299743544190234e8,3.1321844956692785e7,8,0.035710811614990234,false
955,1.3299819684661143e8,4.871531603073317e7,12,0.04682612419128418,false
956,1.3299907565804732e8,1.8936477814774662e7,5,0.023170948028564453,false
957,1.3299981556894176e8,9.788381830248505e7,19,0.0777280330657959,false
958,1.3300394740575515e8,4.1123660212240994e7,12,0.046813011169433594,false
959,1.3300433300484936e8,1.0236515993569508e7,3,0.01633596420288086,false
960,1.3300456592494603e8,5.178575976297189e7,14,0.05436301231384277,false
961,1.3300576691819017e8,2.774382733829108e7,9,0.03464102745056152,false
962,1.3300576691819017e8,3.3685628890625983e6,1,0.007795095443725586,false
963,1.3300583015267457e8,9.59219759682621e6,3,0.016553878784179688,false
964,1.330058301526746e8,4.220004039999992e6,1,0.008126020431518555,false
965,1.3300651478749342e8,1.8890499979718477e7,4,0.021823883056640625,false
966,1.3300804554709712e8,5.2003600783941686e7,11,0.0448460578918457,false
967,1.3301028617307289e8,1.801926222258024e8,25,0.09626007080078125,false
968,1.3301092491932562e8,1.7391702680257455e7,5,0.022228002548217773,false
969,1.3301108283840913e8,1.2707452097489548e8,24,0.09427595138549805,false
970,1.3301159111810885e8,1.5555364083489925e7,4,0.021924972534179688,false
971,1.3301232487968042e8,1.3249791500251614e8,19,0.07295513153076172,false
972,1.3301239156771314e8,3.3685836099999994e6,1,0.007854938507080078,false
973,1.3301259707793272e8,1.1499233449370474e7,3,0.016695022583007812,false
974,1.3301618139728321e8,7.645612088538732e7,19,0.07831692695617676,false
975,1.330171313280831e8,4.640651889474632e7,15,0.05642414093017578,false
976,1.330176726851073e8,9.712298514543667e6,3,0.017979860305786133,false
977,1.3301779056746536e8,1.224156906929015e8,30,0.12383604049682617,false
978,1.3301900592324208e8,3.83694118460609e7,9,0.039155006408691406,false
979,1.3301918978375211e8,6.362938312096372e6,2,0.012791872024536133,false
980,1.3301970274267347e8,1.266606011789056e8,21,0.10083818435668945,false
981,1.3302138471644624e8,2.055203120268345e7,5,0.028157949447631836,false
982,1.3302565863731153e8,2.8811762237220347e7,5,0.02622699737548828,false
983,1.3302638321459301e8,5.8417616948094815e7,14,0.06496191024780273,false
984,1.3302668632405993e8,1.4011892976537615e7,3,0.01833200454711914,false
985,1.3302669785935694e8,5.654465685041079e7,15,0.058457136154174805,false
986,1.3302671378344297e8,3.3685836099999994e6,1,0.008436918258666992,false
987,1.3302874659389578e8,2.2051823848420343e8,29,0.11151003837585449,false
988,1.330302898807587e8,1.2939863620608091e7,4,0.02008509635925293,false
989,1.3303307226070784e8,1.0809018363863042e8,13,0.053343772888183594,false
990,1.3303625396075992e8,5.3746362733364135e7,8,0.030759096145629883,false
991,1.3303667322981143e8,1.011289493332924e7,3,0.0160369873046875,false
992,1.3303801056390877e8,1.3885009475898522e8,29,0.11028194427490234,false
993,1.3304080524206679e8,1.5954211144863102e8,25,0.09561705589294434,false
994,1.330410483983558e8,3.1729921579266787e7,6,0.027550935745239258,false
995,1.330426256826906e8,1.0016960148756951e7,3,0.016944169998168945,false
996,1.3304280812270422e8,3.7376711817862704e7,12,0.04038190841674805,false
997,1.3304330977902171e8,9.1569872956321e7,12,0.0523219108581543,false
998,1.3304433593627617e8,2.557777231932342e7,7,0.03413701057434082,false
999,1.330452403390535e8,5.976772379789753e7,16,0.06818914413452148,false
1000,1.3304524033905359e8,3.3685836100000143e6,1,0.007725954055786133,false
1001,1.3304541874573062e8,1.6743769779113486e7,5,0.02274608612060547,false
1002,1.330457346400469e8,3.336670444786969e7,12,0.042289018630981445,false
1003,1.3304631987957597e8,1.3635259015790552e7,4,0.020831823348999023,false
1004,1.3304837527868599e8,1.2186964831754684e7,4,0.02030014991760254,false
1005,1.3304838162274626e8,5.763158862883501e7,18,0.07064485549926758,false
1006,1.3305061070890969e8,5.3880577440768376e7,13,0.05520200729370117,false
1007,1.3305160735043603e8,8.992309542637452e7,18,0.07529211044311523,false
1008,1.330529278993219e8,1.0014753601448163e7,3,0.01630091667175293,false
1009,1.330537986519816e8,3.644823028471416e7,10,0.04021096229553223,false
1010,1.3305407583614036e8,6.867832197473645e6,2,0.012967109680175781,false
1011,1.3306030057650344e8,6.3680986736049056e7,15,0.05959606170654297,false
1012,1.330607025586038e8,3.879596715096678e7,7,0.03171992301940918,false
1013,1.3306089502164078e8,6.629322215182081e6,2,0.012495040893554688,false
1014,1.330612200868578e8,2.4275902825144067e7,8,0.03344988822937012,false
1015,1.3306130195679358e8,6.737061680000007e6,2,0.013345956802368164,false
1016,1.3306147811435774e8,1.7588376040935278e7,5,0.02519702911376953,false
1017,1.330628257754443e8,9.32929492975548e6,3,0.017155170440673828,false
1018,1.3306684826533797e8,3.845357376502055e7,12,0.048979997634887695,false
1019,1.3306711022658208e8,4.117366130819325e7,13,0.049202919006347656,false
1020,1.3306730269718683e8,3.3685836099999994e6,1,0.008398056030273438,false
1021,1.3306976822860406e8,1.9496828414188236e7,4,0.02255082130432129,false
1022,1.3307277869076386e8,8.16356987272417e7,12,0.05292916297912598,false
1023,1.3307320666314411e8,1.8130271344720453e7,6,0.028273820877075195,false
1024,1.3307379537625858e8,2.1212784251274988e7,7,0.0308530330657959,false
1025,1.3307394690567313e8,1.3562637093716651e7,4,0.021670103073120117,false
1026,1.3307492911180224e8,5.098961703588867e7,11,0.0505979061126709,false
1027,1.3307542833931825e8,2.0141924714263886e7,5,0.02665114402770996,false
1028,1.3307654352979591e8,2.7467942332870275e7,7,0.03417086601257324,false
1029,1.3307667805287212e8,9.47611169945392e6,3,0.017060041427612305,false
1030,1.3307733300956875e8,3.1139632306089327e7,10,0.040875911712646484,false
1031,1.3307783922373915e8,1.0520944772829175e7,3,0.018783092498779297,false
1032,1.3307828093023902e8,3.385118169999987e6,1,0.00883793830871582,false
1033,1.3307871073349401e8,1.8013245266149e7,5,0.02497696876525879,false
1034,1.3307887956858894e8,1.356024103814584e7,4,0.021746158599853516,false
1035,1.3307989461603269e8,3.758565316900614e7,7,0.03453683853149414,false
1036,1.3308122689146948e8,1.7054020599345088e7,4,0.02282404899597168,false
1037,1.3308295371826404e8,7.231314167154397e7,19,0.08167314529418945,false
1038,1.330855163707821e8,7.6180470973825e7,16,0.07317399978637695,false
1039,1.330856253461306e8,3.2602546599999964e6,1,0.008882999420166016,false
1040,1.3308617424809459e8,6.756212244635835e6,2,0.014159917831420898,false
1041,1.3308642507854202e8,2.3094024260110423e7,8,0.03383898735046387,false
1042,1.3308713033531272e8,3.744934013712688e7,8,0.03719210624694824,false
1043,1.3308716813457876e8,3.2602546599999964e6,1,0.008595943450927734,false
1044,1.3308759063566339e8,2.931181250316474e7,7,0.03413701057434082,false
1045,1.3308763903765677e8,2.556602848092982e7,7,0.03326296806335449,false
1046,1.3308820316368651e8,9.105087621052876e6,3,0.017034053802490234,false
1047,1.330886666074074e8,1.6737907053974417e8,31,0.13383793830871582,false
1048,1.3309007851253983e8,3.1690930422440708e7,6,0.029996871948242188,false
1049,1.3309128101483361e8,6.4097447745168716e7,14,0.060150146484375,false
1050,1.3309199657834141e8,1.9103720312541437e8,33,0.12586688995361328,false
1051,1.3309219397714908e8,7.705984511878997e7,24,0.0869760513305664,false
1052,1.3309400295594253e8,1.5000683923108846e8,32,0.12790608406066895,false
1053,1.3309490922995989e8,1.4793863884239018e7,5,0.02324986457824707,false
1054,1.3309550508152555e8,4.7589790140947565e7,13,0.052306175231933594,false
1055,1.330958472664771e8,3.385118169999987e6,1,0.008653879165649414,false
1056,1.330962857164972e8,1.3367110334109813e7,4,0.021996021270751953,false
1057,1.3309792780278037e8,1.8855699219487235e8,30,0.11789393424987793,false
1058,1.3310068963101305e8,1.4556452319115594e7,5,0.025159120559692383,false
1059,1.3310103916107176e8,2.562868260118243e7,6,0.029237031936645508,false
1060,1.3310136213186009e8,1.7019288150562525e7,5,0.02461981773376465,false
1061,1.3310204426004665e8,1.012272385094507e7,3,0.0168612003326416,false
1062,1.3310261133511099e8,6.480677960617077e7,11,0.0459589958190918,false
1063,1.3310309717133224e8,1.8767123925651982e7,5,0.025151968002319336,false
1064,1.3310314466955312e8,1.0945582182395607e7,3,0.0174558162689209,false
1065,1.3310377201243638e8,2.8905496798973322e7,8,0.03733515739440918,false
1066,1.33104765523901e8,1.9853942120621547e7,6,0.02716684341430664,false
1067,1.3310961657844982e8,2.5241786745695993e7,7,0.03209209442138672,false
1068,1.3311254077886452e8,1.5952679571874437e8,24,0.09575796127319336,false
1069,1.3311497632408409e8,1.3200371747942805e7,3,0.018125057220458984,false
1070,1.3311620596035933e8,4.2367808392394915e7,12,0.04849505424499512,false
1071,1.331176280663432e8,2.7046274548542887e7,9,0.038606882095336914,false
1072,1.3311859053570691e8,8.330371710571821e7,16,0.07211804389953613,false
1073,1.3311883718650244e8,9.203345252711222e6,3,0.017586946487426758,false
1074,1.3312073606604454e8,1.840051122343725e7,5,0.024389982223510742,false
1075,1.3312108753262028e8,6.753940237473637e6,2,0.013087034225463867,false
1076,1.3312263889858782e8,6.355807658125594e7,11,0.04480099678039551,false
1077,1.3312347103019297e8,6.77031803691563e6,2,0.013298988342285156,false
1078,1.3312350065950096e8,1.891233890487662e7,5,0.027770042419433594,false
1079,1.3312472114504527e8,1.8060827848250955e7,4,0.023298025131225586,false
1080,1.3312546456907141e8,8.180351932289392e7,17,0.07530593872070312,false
1081,1.3312656694564594e8,6.606834135849185e7,15,0.06587505340576172,false
1082,1.3312821360283849e8,1.2734329314340648e8,23,0.09630489349365234,false
1083,1.331289002088156e8,6.168443160774006e7,14,0.06306719779968262,false
1084,1.3313138930092873e8,4.10549885736212e7,13,0.05299091339111328,false
1085,1.3313138930092871e8,3.3685836100000143e6,1,0.009035110473632812,false
1086,1.3313207478325368e8,1.2040704139392014e8,23,0.0990447998046875,false
1087,1.3313258642942935e8,4.19877378198998e7,10,0.04421210289001465,false
1088,1.3313288435751686e8,9.270764085134983e6,3,0.017307043075561523,false
1089,1.331345433366046e8,6.937055138440773e7,15,0.06813883781433105,false
1090,1.331347459156146e8,1.2387797530489624e7,4,0.02128314971923828,false
1091,1.3313476232018553e8,3.954025292638363e7,12,0.049896955490112305,false
1092,1.3313572221790774e8,6.77055263688913e6,2,0.013752937316894531,false
1093,1.3313658825704537e8,7.881450324450752e7,18,0.07452607154846191,false
1094,1.3313672463413702e8,1.9000681906040147e7,6,0.02766895294189453,false
1095,1.3313784455675377e8,5.7563273442219794e7,14,0.06366395950317383,false
1096,1.3313892362800337e8,2.9067626401796073e7,8,0.038503170013427734,false
1097,1.3314038337616527e8,1.8304583319410488e7,6,0.028883934020996094,false
1098,1.3314095750652221e8,5.0866660953396425e7,12,0.04905295372009277,false
1099,1.3314102016493045e8,1.5434531594797775e7,4,0.021752119064331055,false
1100,1.3314160828228743e8,5.281531316159688e7,12,0.051383018493652344,false
1101,1.331416083221752e8,3.3685836100000143e6,1,0.00857090950012207,false
1102,1.3314209706353399e8,1.4113745843510067e8,30,0.13096094131469727,false
1103,1.3314209706353399e8,3.3685628890625983e6,1,0.008547067642211914,false
1104,1.3314250518684897e8,2.8593302847185716e7,8,0.03972792625427246,false
1105,1.3314351920894942e8,4.018939604583886e7,7,0.03516697883605957,false
1106,1.3314496450728466e8,2.1379604567176968e7,6,0.030183076858520508,false
1107,1.3314777821035495e8,9.027981392189893e7,14,0.0604710578918457,false
1108,1.3314878358540753e8,2.4191471263081223e7,7,0.035214900970458984,false
1109,1.3314910621793145e8,1.195155191135334e8,23,0.0923929214477539,false
1110,1.3314930826607293e8,6.629322215182096e6,2,0.013269186019897461,false
1111,1.3314963256906211e8,3.842382129864687e7,12,0.04984593391418457,false
1112,1.3315006111225791e8,6.75359624000001e6,2,0.013173103332519531,false
1113,1.3315008944988832e8,5.285198814303598e7,15,0.06506681442260742,false
1114,1.331501787880947e8,7.741012967860307e7,18,0.07840609550476074,false
1115,1.3315745070131652e8,1.772470935565871e7,5,0.026485919952392578,false
1116,1.3315757337553093e8,5.181064965229124e7,10,0.04762101173400879,false
1117,1.3315950164182992e8,1.49657859465798e8,23,0.09114909172058105,false
1118,1.331613693671077e8,5.158782292883226e7,10,0.0481109619140625,false
1119,1.3316158166977204e8,1.463319298958011e7,5,0.025768041610717773,false
1120,1.3316209041940625e8,4.5559980951364666e7,10,0.04685497283935547,false
1121,1.33163830862174e8,2.6272205726299495e7,8,0.03769993782043457,false
1122,1.3316557026215501e8,1.2845899374056011e7,3,0.019305944442749023,false
1123,1.3316595908202888e8,9.794424921362409e7,21,0.08865118026733398,false
1124,1.3316625858667313e8,1.1908778585092843e7,4,0.021240949630737305,false
1125,1.331669379563291e8,6.774862009212434e6,2,0.014333963394165039,false
1126,1.3317048516375625e8,2.4197586222492844e7,5,0.027719974517822266,false
1127,1.331721534182003e8,1.6252696975718573e7,5,0.026493072509765625,false
1128,1.3317251977928379e8,9.611526600936411e7,22,0.09513401985168457,false
1129,1.3317509108400035e8,2.1552944479533076e7,5,0.029248952865600586,false
1130,1.3317531852779981e8,3.548174428251016e7,12,0.049143075942993164,false
1131,1.3317622127083744e8,4.116396543037689e7,11,0.05172586441040039,false
1132,1.3317697349376749e8,7.605203043428063e6,2,0.014788150787353516,false
1133,1.3317719151356336e8,1.468763136333482e7,4,0.023382902145385742,false
1134,1.3317729279345529e8,6.77031803691563e6,2,0.014434099197387695,false
1135,1.3317779178375793e8,9.705590898912193e7,24,0.10408377647399902,false
1136,1.3317794122287047e8,6.633323401643261e6,2,0.015519142150878906,false
1137,1.3317817915699801e8,4.359219754537222e7,14,0.06389904022216797,false
1138,1.3317866101498158e8,3.385118169999987e6,1,0.009793996810913086,false
1139,1.331801906847624e8,1.2748176590531187e8,29,0.12939786911010742,false
1140,1.3318059929769072e8,4.54194942343988e7,10,0.0484011173248291,false
1141,1.3318219936637479e8,4.008969599107349e7,7,0.041944026947021484,false
1142,1.3318246564265686e8,1.4725670011168227e7,4,0.025110960006713867,false
1143,1.3318341981342275e8,1.0980537787317261e8,21,0.10165786743164062,false
1144,1.3318399053361669e8,1.5984169984185636e7,4,0.02474498748779297,false
1145,1.3318527771667515e8,1.4374859776269907e8,28,0.12805604934692383,false
1146,1.3318543244641271e8,1.9902626124730974e7,6,0.032662153244018555,false
1147,1.3318558693909325e8,3.3685836099999994e6,1,0.009727001190185547,false
1148,1.3318572619397119e8,2.4330718023781165e7,7,0.03625679016113281,false
1149,1.3319193096337898e8,3.598837157379386e7,6,0.030038118362426758,false
1150,1.3319199637448545e8,3.521106062428768e7,10,0.04705405235290527,false
1151,1.3319273338539453e8,2.0823931549719095e7,6,0.030657052993774414,false
1152,1.3319273338539454e8,3.385118169999987e6,1,0.009614944458007812,false
1153,1.3319347598060997e8,3.575430915148395e7,6,0.030304908752441406,false
1154,1.3319386832249908e8,2.1790994276351497e7,7,0.03425908088684082,false
1155,1.3319422088440351e8,4.212609975690059e7,12,0.04969191551208496,false
1156,1.3319494376599643e8,6.737061679999992e6,2,0.014487028121948242,false
1157,1.3319551087056085e8,2.0230004507497653e7,6,0.031085968017578125,false
1158,1.3319551087056085e8,3.3685836100000143e6,1,0.009189128875732422,false
1159,1.331955996079068e8,1.2196833503045276e7,4,0.02239084243774414,false
1160,1.331957338377628e8,3.3685628890625983e6,1,0.008970022201538086,false
1161,1.3319583561594908e8,4.261158565017991e7,11,0.04939413070678711,false
1162,1.3319718326684123e8,2.333623771543449e7,6,0.030148983001708984,false
1163,1.331971832784868e8,4.487582300000012e6,1,0.00985097885131836,false
1164,1.3319799963238141e8,6.737197373568341e6,2,0.013908863067626953,false
1165,1.3319811985591501e8,1.2133638442224807e8,29,0.12952518463134766,false
1166,1.3319828208823243e8,9.997976774435043e6,3,0.01891493797302246,false
1167,1.3319836942863348e8,3.3685836100000143e6,1,0.00939488410949707,false
1168,1.3320156971462324e8,2.0447404827240944e7,5,0.02785205841064453,false
1169,1.3320376735755466e8,2.9286012813675657e7,9,0.04247903823852539,false
1170,1.3320436180910031e8,2.346231009291655e7,7,0.03336906433105469,false
1171,1.3320436180910031e8,3.2602546599999964e6,1,0.00904083251953125,false
1172,1.3320631789208785e8,9.925498547854474e7,14,0.06359219551086426,false
1173,1.3320747892884253e8,6.770203157856733e6,2,0.014789819717407227,false
1174,1.3320979464617291e8,3.435149896987456e7,9,0.0442500114440918,false
1175,1.3321074750290829e8,1.9911081473000437e7,5,0.026803970336914062,false
1176,1.3321175926069838e8,1.1637976837269217e7,3,0.01919102668762207,false
1177,1.3321563767670435e8,2.5373610895579442e7,8,0.0382230281829834,false
1178,1.3321940561162741e8,5.317667188710311e7,11,0.04838204383850098,false
1179,1.3321992620723146e8,2.8268709596851945e7,7,0.07167291641235352,false
1180,1.3322132658454323e8,7.583347610406889e7,12,0.050637006759643555,false
1181,1.3322203292921081e8,3.502947387529245e7,9,0.0451200008392334,false
1182,1.3322777002164492e8,1.9513460549009413e7,4,0.024213075637817383,false
1183,1.3323016514968598e8,7.940594670000017e6,2,0.014785051345825195,false
1184,1.332349132801269e8,1.448580634442e7,5,0.026788949966430664,false
1185,1.3323545911213608e8,1.0253309151306987e7,3,0.018697023391723633,false
1186,1.3323653318345913e8,3.385118169999987e6,1,0.009512901306152344,false
1187,1.332373863935954e8,6.867488200000018e6,2,0.014425039291381836,false
1188,1.3323780400937316e8,1.0079128810916366e8,18,0.08053898811340332,false
1189,1.3323796731355171e8,1.2462583102802604e7,4,0.02521800994873047,false
1190,1.3323951460275051e8,1.5261915966521084e7,5,0.02862691879272461,false
1191,1.3323986956798953e8,2.134042135363117e7,6,0.033828020095825195,false
1192,1.332420231470168e8,2.8288625423994094e7,9,0.041851043701171875,false
1193,1.3324392061540356e8,1.1113681413575366e8,20,0.09746503829956055,false
1194,1.3324410745698336e8,1.9375644121489942e7,5,0.028860092163085938,false
1195,1.3324435597114463e8,9.881093475569883e7,19,0.09056401252746582,false
1196,1.3324512627230032e8,5.077523152646753e7,12,0.04936695098876953,false
1197,1.3324636174761681e8,3.6899740425322086e7,11,0.04819488525390625,false
1198,1.332468112307364e8,9.997907431148827e6,3,0.01851201057434082,false
1199,1.3324866292860734e8,4.1340628527594924e7,9,0.044036149978637695,false
1200,1.3324958604751474e8,5.8182081829470634e7,14,0.06571602821350098,false
1201,1.3325113715380181e8,2.0123090634524092e7,6,0.031119823455810547,false
1202,1.332531174403469e8,2.929399787418312e7,6,0.03316617012023926,false
1203,1.332536586306385e8,7.152336990993634e6,2,0.014126777648925781,false
1204,1.3325655686482164e8,2.797876753442116e7,8,0.040763139724731445,false
1205,1.3325792424238281e8,1.306586989211762e7,3,0.01956796646118164,false
1206,1.3325892471343836e8,5.8596954258165896e7,10,0.04987001419067383,false
1207,1.3325909553651907e8,9.094670409999996e6,3,0.018531084060668945,false
1208,1.3326027499223824e8,3.385118169999987e6,1,0.010054826736450195,false
1209,1.3326104675414918e8,2.7200024933602765e7,7,0.03703904151916504,false
1210,1.3326130212956046e8,3.3685836100000143e6,1,0.009256124496459961,false
1211,1.332617676352212e8,1.0122881080213249e7,3,0.018498897552490234,false
1212,1.3326225989896284e8,2.9562498036151752e7,9,0.04448294639587402,false
1213,1.33262509765839e8,6.737227532150984e6,2,0.014568090438842773,false
1214,1.3326375926582329e8,2.2283270099650323e7,6,0.031045913696289062,false
1215,1.3326486085252793e8,8.038781949376631e7,15,0.06658506393432617,false
1216,1.3326672670153199e8,3.2296749176820755e7,7,0.03752493858337402,false
1217,1.332672053057324e8,6.628983302627251e6,2,0.01435995101928711,false
1218,1.3326742344095317e8,1.2301640829660296e7,4,0.023044109344482422,false
1219,1.3326813612628219e8,1.0680371106768224e8,33,0.13359999656677246,false
1220,1.3326989044349416e8,5.669904000593549e7,17,0.07337689399719238,false
1221,1.3327107059110492e8,1.0929361823693642e8,17,0.07964515686035156,false
1222,1.3327180138850851e8,1.6961647691201016e7,5,0.027421951293945312,false
1223,1.3327442023705025e8,3.1024780544232875e7,6,0.03077101707458496,false
1224,1.3327507920949961e8,3.477941464702183e7,8,0.04234790802001953,false
1225,1.3327519345115475e8,3.3851176505476236e6,1,0.009611129760742188,false
1226,1.3327772826593314e8,9.220510159999996e6,2,0.014241933822631836,false
1227,1.3327851822597978e8,2.4684073649132386e7,8,0.043920040130615234,false
1228,1.3327882636824082e8,2.0610476492388055e7,7,0.03554892539978027,false
1229,1.3327993827182868e8,9.043800490275234e7,15,0.07744812965393066,false
1230,1.3328092517946778e8,6.772516009477615e6,2,0.0157778263092041,false
1231,1.3328376303623736e8,2.3494604029631287e7,5,0.028066158294677734,false
1232,1.3328423391057019e8,6.928430279327601e6,2,0.014523029327392578,false
1233,1.3328732449732745e8,2.6952757810420334e7,5,0.02772378921508789,false
1234,1.332877856252466e8,1.9795755295061707e7,5,0.02771306037902832,false
1235,1.3328875078749803e8,4.1706212909528166e7,13,0.05617094039916992,false
1236,1.3329110665065585e8,3.105502869798425e7,6,0.032824039459228516,false
1237,1.3329392445997635e8,6.737460904321969e6,2,0.014449119567871094,false
1238,1.3329392445997635e8,3.3685836100000143e6,1,0.009453058242797852,false
1239,1.3329443725520675e8,1.708754615786603e7,4,0.025510787963867188,false
1240,1.3329469117221527e8,2.0175049610570523e8,45,0.1957252025604248,false
1241,1.332949487793111e8,1.2345687840280253e8,22,0.10445189476013184,false
1242,1.3329518261966623e8,2.6002901700948954e7,8,0.03855299949645996,false
1243,1.332956213119353e8,2.646684481398903e7,7,0.033622026443481445,false
1244,1.3329571010960265e8,6.737061679999992e6,2,0.01474308967590332,false
1245,1.3329627218377487e8,7.098888049045931e7,14,0.07023000717163086,false
1246,1.3329691835142271e8,1.0395669651484147e7,3,0.0192258358001709,false
1247,1.3329758511645027e8,2.7855921129398316e7,7,0.03641700744628906,false
1248,1.3329790716269502e8,7.929388082539552e7,13,0.06518197059631348,false
1249,1.3329864388760342e8,2.851254285465941e7,9,0.040702104568481445,false
1250,1.3330215110796352e8,4.101261988919836e7,12,0.052835941314697266,false
1251,1.3330256570687924e8,5.2174543485476e7,14,0.06739211082458496,false
1252,1.3330256570687963e8,3.3685836100000143e6,1,0.009840965270996094,false
1253,1.3330260935963027e8,6.737061680000007e6,2,0.015198945999145508,false
1254,1.3330512534201024e8,3.3534061418058246e7,9,0.047280073165893555,false
1255,1.333098772868629e8,3.676650554129821e7,7,0.03860187530517578,false
1256,1.3330997116427168e8,1.3247268363313273e7,4,0.0240170955657959,false
1257,1.3331063669641589e8,6.945151669470459e6,2,0.015285968780517578,false
1258,1.333120337156725e8,3.3685836100000143e6,1,0.010302066802978516,false
1259,1.333129570398577e8,1.53182802175906e7,4,0.02615189552307129,false
1260,1.3331383119173476e8,3.148784038745725e7,6,0.03249502182006836,false
1261,1.3331480611640655e8,5.7239733312101856e7,16,0.0754249095916748,false
1262,1.3331501180175579e8,2.4289500866952837e7,5,0.02982306480407715,false
1263,1.333150128069596e8,3.3685628890625983e6,1,0.009673118591308594,false
1264,1.3331594289408441e8,6.737486415009439e6,2,0.014467954635620117,false
1265,1.3331630819317998e8,3.240945704918295e7,7,0.0369260311126709,false
1266,1.3331640943889196e8,1.2578540042877212e7,3,0.020210981369018555,false
1267,1.333194727095592e8,9.604677800000012e6,2,0.015713930130004883,false
1268,1.3331973795255503e8,2.985475305831334e7,8,0.04201102256774902,false
1269,1.3332008209625617e8,7.430484983320814e7,17,0.08484101295471191,false
1270,1.3332079338169463e8,1.3351359864532217e7,4,0.023865938186645508,false
1271,1.3332091992944779e8,3.702836387223518e7,7,0.03875994682312012,false
1272,1.3332253901980978e8,1.4381289297521752e8,22,0.1019442081451416,false
1273,1.3332266997467007e8,1.4480657638240635e7,3,0.021597862243652344,false
1274,1.3332331864423482e8,7.856453585739702e6,2,0.015353918075561523,false
1275,1.3332416895533845e8,8.650338646362749e7,19,0.09462118148803711,false
1276,1.3332484412319927e8,1.6458251156650484e7,5,0.028259992599487305,false
1277,1.3332759256577165e8,3.762040100043057e7,12,0.051570892333984375,false
1278,1.3332784875018068e8,1.2976768169877872e7,4,0.02425694465637207,false
1279,1.3332879314936255e8,7.149341531053066e6,2,0.01583099365234375,false
1280,1.3332899926351993e8,1.665080771115847e7,5,0.028510093688964844,false
1281,1.333305000664766e8,3.348820032919413e7,7,0.04073905944824219,false
1282,1.3333115454959923e8,1.3743923677312523e7,3,0.020184993743896484,false
1283,1.3333150640071775e8,2.705108723715292e7,8,0.0389559268951416,false
1284,1.3333165502955264e8,4.061595854371555e7,11,0.05001091957092285,false
1285,1.3333185004668942e8,3.602486725646037e7,10,0.04785323143005371,false
1286,1.3333276352337879e8,2.8003855345511794e7,8,0.04210782051086426,false
1287,1.3333296018090656e8,1.2747169562686697e7,4,0.024459123611450195,false
1288,1.3333592302321693e8,3.499009610547632e6,1,0.010174989700317383,false
1289,1.3333666289169258e8,9.233818190276235e6,2,0.015079021453857422,false
1290,1.3333666289169268e8,3.2602546599999964e6,1,0.009549856185913086,false
1291,1.3333670269381224e8,9.233248560000002e6,2,0.015699148178100586,false
1292,1.3333700635736458e8,2.762257069513747e7,7,0.03832101821899414,false
1293,1.3333888850288254e8,3.385118169999987e6,1,0.010618925094604492,false
1294,1.3334064390910001e8,4.082707367017582e7,7,0.036483049392700195,false
1295,1.3334084507325713e8,4.533478992801592e7,12,0.059211015701293945,false
1296,1.3334247736200364e8,1.6909206265197414e8,32,0.15110301971435547,false
1297,1.3334285908731627e8,1.9045989739885718e7,5,0.0297088623046875,false
1298,1.3334342324026708e8,2.287354873908423e7,5,0.028026103973388672,false
1299,1.333437997651802e8,1.0139047535350055e7,3,0.019702911376953125,false
1300,1.3334508525118229e8,1.4794126605745593e8,36,0.16371607780456543,false
1301,1.3334550934601086e8,6.7375807033433765e6,2,0.014715909957885742,false
1302,1.3334581896357782e8,1.3243430643302485e7,4,0.024403095245361328,false
1303,1.3334598024101543e8,1.1309508465475947e7,3,0.02025604248046875,false
1304,1.3334598024101543e8,3.3685836100000143e6,1,0.010066986083984375,false
1305,1.3334627469185124e8,1.977328935608843e7,5,0.030008792877197266,false
1306,1.3334929479198176e8,2.340150758831145e7,7,0.04027104377746582,false
1307,1.333537403764568e8,2.666455527362138e7,5,0.03034496307373047,false
1308,1.3335514981695713e8,2.4115288129340366e7,7,0.03620600700378418,false
1309,1.333563417405066e8,1.3455844689877063e7,4,0.023493051528930664,false
1310,1.3335710267044376e8,1.0139451043513626e7,3,0.01960611343383789,false
1311,1.3335887241277562e8,3.2227908508294106e7,6,0.03494000434875488,false
1312,1.3335920865692572e8,3.3685628890625983e6,1,0.009992837905883789,false
1313,1.3336013103888994e8,9.869011614725237e7,25,0.11541914939880371,false
1314,1.3336013103888991e8,3.385118169999987e6,1,0.01038503646850586,false
1315,1.3336032656864454e8,1.6755414788362145e7,5,0.029333829879760742,false
1316,1.3336069628935282e8,1.686935213376832e7,5,0.02891397476196289,false
1317,1.3336069628935279e8,3.3685836100000143e6,1,0.010233163833618164,false
1318,1.3336142510141917e8,1.7106353805693626e7,4,0.026382923126220703,false
1319,1.3336197182646896e8,2.6783167393501922e7,9,0.04342794418334961,false
1320,1.3336261535937707e8,1.5338849711155596e8,19,0.09108400344848633,false
1321,1.3336278213026406e8,1.6143909281680241e7,5,0.027418136596679688,false
1322,1.3336330537847237e8,2.5006186788418278e7,9,0.04221796989440918,false
1323,1.3336330537847237e8,3.3685836099999994e6,1,0.009727001190185547,false
1324,1.3336330537847237e8,3.3685836100000143e6,1,0.009772062301635742,false
1325,1.3336330544785811e8,3.3685836100000143e6,1,0.009997844696044922,false
1326,1.3336330544785808e8,3.3851176505476236e6,1,0.010421037673950195,false
1327,1.3336331100383842e8,2.011007858044097e7,6,0.03508901596069336,false
1328,1.3336498492732404e8,3.6544853238158494e7,6,0.0348811149597168,false
1329,1.3336573029280925e8,4.531997541679004e7,12,0.06049180030822754,false
1330,1.3336644798613769e8,8.134374595255494e6,2,0.015841007232666016,false
1331,1.3336927908385691e8,4.175213818275519e7,11,0.054718017578125,false
1332,1.3336963506427124e8,1.983835241964364e7,6,0.03204917907714844,false
1333,1.3337001548231947e8,1.9456439994511455e7,6,0.03276181221008301,false
1334,1.3337001548231952e8,3.385118169999987e6,1,0.010523080825805664,false
1335,1.3337117297832195e8,6.754157021124452e6,2,0.0157620906829834,false
1336,1.3337151753407899e8,1.2748937502447605e7,3,0.02111196517944336,false
1337,1.3337164601468676e8,6.737168533749491e6,2,0.01583695411682129,false
1338,1.3337178613715525e8,1.2595784404137313e7,4,0.02529597282409668,false
1339,1.3337178613715523e8,3.3685836100000143e6,1,0.00985407829284668,false
1340,1.3337202182952136e8,6.633323401643276e6,2,0.01553201675415039,false
1341,1.3337207012899773e8,2.4373067003267717e8,36,0.17185592651367188,false
1342,1.3337273452418868e8,7.169387269443959e6,2,0.016566991806030273,false
1343,1.3337423536355399e8,1.9009378757289648e7,4,0.02534198760986328,false
1344,1.3337491181016351e8,3.1077844068234712e7,8,0.04558610916137695,false
1345,1.3337591829255621e8,2.059871128547132e7,7,0.03624892234802246,false
1346,1.3337654479766865e8,6.945151669470459e6,2,0.015582084655761719,false
1347,1.333777562569947e8,1.525688899278196e8,26,0.12619686126708984,false
1348,1.3337962809949645e8,2.1966490202706888e8,26,0.1156160831451416,false
1349,1.333817263510133e8,2.5782231311006367e7,6,0.03530287742614746,false
1350,1.3338260712312524e8,1.697575233640057e7,5,0.02872014045715332,false
1351,1.3338327311049657e8,3.1423220049539566e7,8,0.04533886909484863,false
1352,1.3338423374539207e8,3.385118169999987e6,1,0.010249137878417969,false
1353,1.3338692697748803e8,1.6239210322768822e7,5,0.02887582778930664,false
1354,1.3338692697748807e8,3.385118169999987e6,1,0.010429143905639648,false
1355,1.33387525981771e8,2.447054623051311e7,7,0.03898501396179199,false
1356,1.3338757803428629e8,3.000760492228231e7,8,0.04335904121398926,false
1357,1.3338834830064438e8,2.094036614972739e7,6,0.0332789421081543,false
1358,1.3338870510346986e8,3.078832806156312e7,8,0.04274606704711914,false
1359,1.3338885528255132e8,3.3685836100000143e6,1,0.009926795959472656,false
1360,1.333889516061757e8,1.5601745647104502e7,5,0.027708053588867188,false
1361,1.3338976628229271e8,2.904022175348267e7,7,0.04236912727355957,false
1362,1.333898768727221e8,2.03901362167722e7,5,0.03313899040222168,false
1363,1.333932606521561e8,2.9472157050343633e7,5,0.031384944915771484,false
1364,1.3339360143992667e8,1.434316547741511e8,19,0.09392690658569336,false
1365,1.3339374062832038e8,4.030748017331557e7,14,0.06687211990356445,false
1366,1.3339867108816704e8,6.677602734491542e7,13,0.07436394691467285,false
1367,1.3340030683603433e8,3.385118169999987e6,1,0.010663986206054688,false
1368,1.3340188247286972e8,5.000627423829037e7,13,0.06540107727050781,false
1369,1.3340219099920923e8,1.5762010807233113e8,36,0.16586685180664062,false
1370,1.334027434723058e8,1.1460561511440262e7,3,0.0207061767578125,false
1371,1.334028974867116e8,1.9934729142013848e7,5,0.030231952667236328,false
1372,1.3340339424161865e8,1.6898501691993535e7,5,0.029083967208862305,false
1373,1.3340349294266935e8,3.9857028785674885e7,10,0.050811052322387695,false
1374,1.334040250769285e8,1.0236576157858133e7,3,0.02103900909423828,false
1375,1.3340412203489916e8,5.2900596223875076e7,9,0.0520780086517334,false
1376,1.3340434490832736e8,1.4710338477419406e7,4,0.026227951049804688,false
1377,1.3340443660699077e8,8.84438454162383e6,2,0.01582193374633789,false
1378,1.3340450329980177e8,3.3685836100000143e6,1,0.010167121887207031,false
1379,1.3340533420171256e8,1.4151983829999983e7,3,0.0229949951171875,false
1380,1.334061756647662e8,1.3383425920301005e7,4,0.025722980499267578,false
1381,1.3340637776017603e8,1.0036087670247465e7,3,0.02114701271057129,false
1382,1.3340842890035115e8,2.859463241423866e7,8,0.043901920318603516,false
1383,1.3340884066877688e8,2.7947576833920807e7,5,0.03183388710021973,false
1384,1.3340898130580997e8,2.9519343086174875e7,7,0.0414121150970459,false
1385,1.3340901869280393e8,3.3685628890625983e6,1,0.010235071182250977,false
1386,1.334090367557152e8,1.4461177184591025e7,5,0.029785871505737305,false
1387,1.3340991206186613e8,7.588482110000014e6,2,0.01699209213256836,false
1388,1.3341091644221781e8,1.5706591380151778e7,5,0.029460906982421875,false
1389,1.334110379309592e8,1.6204559873626456e7,5,0.031094074249267578,false
1390,1.3341156032602194e8,5.1823057864626974e7,10,0.05490899085998535,false
1391,1.3341209228112291e8,1.2867981819896862e7,4,0.02613997459411621,false
1392,1.3341228139447652e8,4.0328496103264794e7,8,0.04611802101135254,false
1393,1.3341230761547057e8,1.33672934067498e7,4,0.02609992027282715,false
1394,1.3341243024369964e8,1.6290360891829827e8,35,0.17586612701416016,false
1395,1.3341245217095606e8,4.3913264795276865e7,12,0.06394505500793457,false
1396,1.3341403527987227e8,2.193672543082063e7,7,0.03916287422180176,false
1397,1.3341424590261148e8,1.5999257771334589e7,5,0.02882099151611328,false
1398,1.3341517462222408e8,1.1603815529912493e8,23,0.12012410163879395,false
1399,1.3341526091691573e8,3.047735834405759e7,10,0.04987502098083496,false
1400,1.3341528151639716e8,1.7627526176545545e7,6,0.032921791076660156,false
1401,1.3342117571500742e8,2.3215035116134495e7,5,0.03308820724487305,false
1402,1.3342304997871158e8,4.750798125705606e7,14,0.07586097717285156,false
1403,1.3342314465502355e8,4.052465718293387e7,9,0.056517839431762695,false
1404,1.334241487289002e8,4.86018029439345e7,11,0.057810068130493164,false
1405,1.3342437593633534e8,1.4849786760887933e8,35,0.18557310104370117,false
1406,1.3342437593633541e8,3.3685836100000143e6,1,0.010766029357910156,false
1407,1.334246101863829e8,2.2435871627321422e7,7,0.041754961013793945,false
1408,1.3342574230081137e8,3.39166388318097e7,10,0.047569990158081055,false
1409,1.334259745918732e8,1.6051303507022643e8,32,0.16402292251586914,false
1410,1.3342922623005256e8,1.002444797534849e8,13,0.07130193710327148,false
1411,1.3342941375340888e8,6.7371146373374015e6,2,0.016416072845458984,false
1412,1.3342992538044736e8,3.2793275025104135e7,6,0.037283897399902344,false
1413,1.3343329915965864e8,3.4142512887629e7,7,0.04175519943237305,false
1414,1.3343818770146148e8,7.501492349980524e7,13,0.06907796859741211,false
1415,1.3343860432582547e8,4.209240566563907e7,7,0.03777194023132324,false
1416,1.334386984955868e8,9.311676186956525e6,3,0.020637035369873047,false
1417,1.3343894987167388e8,4.563288088674176e7,8,0.04535102844238281,false
1418,1.3343942930574642e8,1.088687073659862e8,12,0.05756187438964844,false
1419,1.3343971024973084e8,1.1719520157453686e7,3,0.022248029708862305,false
1420,1.3344253270907798e8,2.7643855369673505e7,5,0.028017044067382812,false
1421,1.3344262391856593e8,4.492547679867786e7,16,0.07451891899108887,false
1422,1.3344344343493173e8,6.737693598156974e6,2,0.01554417610168457,false
1423,1.3344368290373755e8,2.457224625943634e7,5,0.0320439338684082,false
1424,1.3344710257320678e8,3.679545489555329e7,11,0.0603330135345459,false
1425,1.3344906048558706e8,7.76239311487782e6,2,0.01778388023376465,false
1426,1.3344952424464181e8,1.67679918724432e7,4,0.02741217613220215,false
1427,1.3344952424464184e8,3.3685836100000143e6,1,0.010670900344848633,false
1428,1.3345032665843189e8,6.772516009477615e6,2,0.017792940139770508,false
1429,1.3345053110800709e8,8.016018338969955e7,15,0.08725714683532715,false
1430,1.3345054855194794e8,6.737518572287217e6,2,0.01657581329345703,false
1431,1.3345169062478046e8,1.880959766371286e7,4,0.028149127960205078,false
1432,1.3345187630233826e8,1.4342570806875736e7,5,0.030963897705078125,false
1433,1.334537653617977e8,1.8120245680391952e7,6,0.03455615043640137,false
1434,1.3345490492967853e8,3.985328943693605e7,10,0.0541539192199707,false
1435,1.3345847298476355e8,8.133958299999982e6,2,0.016952991485595703,false
1436,1.3345895776198329e8,1.2881608007511857e8,22,0.11127710342407227,false
1437,1.3345926140522149e8,9.575788220618849e7,25,0.12647080421447754,false
1438,1.3345936834694664e8,3.3685836100000143e6,1,0.010621070861816406,false
1439,1.3345940122171031e8,1.5964890615907264e8,30,0.1492481231689453,false
1440,1.3345946068627928e8,2.4398525449280724e7,8,0.04288196563720703,false
1441,1.3345959369712552e8,3.3175691999273404e7,10,0.0523679256439209,false
1442,1.3346029297501297e8,2.7267854534669876e7,8,0.04751896858215332,false
1443,1.3346029297501302e8,3.385118169999987e6,1,0.011559009552001953,false
1444,1.3346044519631726e8,3.284317861913362e7,10,0.05434393882751465,false
1445,1.3346060518389939e8,2.9251544847424164e7,8,0.050631046295166016,false
1446,1.3346115560266656e8,1.0428760655529618e7,3,0.022814035415649414,false
1447,1.334611934666891e8,9.789059671690166e6,3,0.022613048553466797,false
1448,1.3346138555417995e8,3.3685836099999994e6,1,0.010586023330688477,false
1449,1.3346147812790307e8,1.6472944443327662e8,33,0.1694040298461914,false
1450,1.3346346786824302e8,2.0383923540003076e8,34,0.1732800006866455,false
1451,1.3346352950397754e8,2.6410676826102108e7,9,0.050720930099487305,false
1452,1.3346525494930786e8,3.048832404314278e7,9,0.047575950622558594,false
1453,1.3346528772602119e8,8.709121730423146e7,17,0.09457898139953613,false
1454,1.3346589344176626e8,4.664607444676682e7,10,0.05334806442260742,false
1455,1.3346720846767703e8,3.6486188284261405e7,7,0.04054689407348633,false
1456,1.3346734506178473e8,2.3274666762412682e7,7,0.041131019592285156,false
1457,1.334683610388492e8,2.45324439089503e7,8,0.04372715950012207,false
1458,1.3346881306244704e8,5.2439534608071595e7,10,0.0551760196685791,false
1459,1.3347180928867579e8,7.800342351154745e6,2,0.017567873001098633,false
1460,1.334729111387634e8,3.1709111085780397e7,8,0.04494500160217285,false
1461,1.3347338208777194e8,2.292999507270646e7,5,0.03565192222595215,false
1462,1.3347492317114179e8,5.535032894206062e7,10,0.0588831901550293,false
1463,1.3347657720148836e8,4.38989246615389e7,9,0.05446791648864746,false
1464,1.334774345919353e8,1.0390729810620426e8,21,0.10866093635559082,false
1465,1.3347876301295005e8,7.238984042643058e7,19,0.09886002540588379,false
1466,1.3347908842029677e8,3.735763228288448e7,8,0.04722714424133301,false
1467,1.3347969800512512e8,8.134139995282024e6,2,0.0168149471282959,false
1468,1.3347980746730919e8,5.673824325437328e7,11,0.056984901428222656,false
1469,1.334805862312497e8,1.6257608303885236e7,5,0.030483007431030273,false
1470,1.3348172319664226e8,1.9046848302081525e7,6,0.034152984619140625,false
1471,1.3348196979742049e8,3.3685836100000143e6,1,0.010957002639770508,false
1472,1.3348291887749825e8,5.995875879966962e7,13,0.07059097290039062,false
1473,1.3348304929179187e8,6.87658353317117e7,18,0.09266901016235352,false
1474,1.3348348020531426e8,2.8559055716708854e7,9,0.04703712463378906,false
1475,1.3348948352598594e8,8.114125656328619e7,15,0.08188199996948242,false
1476,1.334912196468239e8,7.592378269999981e6,2,0.01797199249267578,false
1477,1.3349136477054772e8,8.196484643739098e7,21,0.1100618839263916,false
1478,1.3349356087924483e8,6.753982858742237e6,2,0.01772594451904297,false
1479,1.3349390312547842e8,2.189317614424655e7,8,0.042840003967285156,false
1480,1.3349404479568118e8,1.1842989073736149e8,28,0.15087008476257324,false
1481,1.334945683559969e8,1.3198911428782195e7,3,0.022639036178588867,false
1482,1.3349470133628426e8,3.799946713896184e7,10,0.051239967346191406,false
1483,1.3349473180228277e8,6.88001913050721e7,13,0.07053303718566895,false
1484,1.3349531850346999e8,1.64977993345626e7,4,0.02758002281188965,false
1485,1.3349567793245687e8,2.8541590430603758e7,9,0.048056840896606445,false
1486,1.3349714246414918e8,2.1518137095999926e7,4,0.027695178985595703,false
1487,1.3349865566967171e8,5.168493944839454e7,11,0.053778886795043945,false
1488,1.3349895320664248e8,1.0642022044043426e8,18,0.09025216102600098,false
1489,1.3349902252492724e8,5.257573027310893e7,10,0.052690982818603516,false
1490,1.3349906798087275e8,1.0106287635179654e7,3,0.021502971649169922,false
1491,1.3349938110075663e8,3.2251200534351736e7,8,0.04703497886657715,false
1492,1.3349995846052827e8,1.28753401291911e7,4,0.026108980178833008,false
1493,1.3350119320701186e8,1.2283829761103988e7,3,0.022275924682617188,false
1494,1.3350195717261602e8,1.0059127261400306e8,20,0.11028695106506348,false
1495,1.3350271901483503e8,6.901811469470471e6,2,0.017785072326660156,false
1496,1.3350513968783282e8,4.4682402333524525e7,10,0.05520009994506836,false
1497,1.3350525010242537e8,1.805181335200603e8,37,0.20100784301757812,false
1498,1.3350586668959148e8,2.274215128393422e7,6,0.03818202018737793,false
1499,1.3350627452299964e8,1.1913858122710527e8,20,0.10455799102783203,false
1500,1.335066629074162e8,1.4871881562880963e7,4,0.02834606170654297,false
1501,1.3350895939396933e8,3.3102033757790893e7,7,0.04415702819824219,false
1502,1.3350924444432628e8,7.25242965497371e7,14,0.0766139030456543,false
1503,1.3351138415062931e8,1.5895039455328774e8,28,0.15672898292541504,false
1504,1.3351267810181138e8,3.385118169999987e6,1,0.011780023574829102,false
1505,1.3351282850292476e8,1.2477754949438527e7,4,0.027845144271850586,false
1506,1.335142361230425e8,1.1182000328314435e8,13,0.06690096855163574,false
1507,1.3351423612304278e8,4.487582300000012e6,1,0.011352062225341797,false
1508,1.3351473160450415e8,3.3685836099999994e6,1,0.010867834091186523,false
1509,1.3351775505110641e8,5.362828354961476e7,10,0.05875802040100098,false
1510,1.3351815379700024e8,7.402555806896883e7,10,0.05815005302429199,false
1511,1.335187866705827e8,6.738531425710797e6,2,0.017008066177368164,false
1512,1.3352025973126855e8,7.351500010220484e7,18,0.1039738655090332,false
1513,1.3352045874235718e8,2.3367390892783403e7,5,0.03427314758300781,false
1514,1.3352089183611618e8,2.6758513627246127e7,8,0.051016807556152344,false
1515,1.3352302995709369e8,2.2957687832986534e7,6,0.03896808624267578,false
1516,1.3352395482073317e8,1.942525193819809e7,5,0.034770965576171875,false
1517,1.3352464823613931e8,4.512061668926129e7,10,0.05293107032775879,false
1518,1.335250731895385e8,3.397515115924178e7,9,0.054190874099731445,false
1519,1.3352569034245177e8,2.5220759489053354e7,8,0.04724407196044922,false
1520,1.3352861303475054e8,6.0228921063606575e7,12,0.06023097038269043,false
1521,1.3353009738033812e8,1.4761029383906096e8,27,0.1470801830291748,false
1522,1.33534569319174e8,3.213131310162556e7,6,0.03896498680114746,false
1523,1.3353471431392272e8,3.2602546599999964e6,1,0.010999917984008789,false
1524,1.335372595372649e8,6.884384159297824e6,2,0.017461061477661133,false
1525,1.3353791746975309e8,9.874643942106782e7,19,0.11034703254699707,false
1526,1.3353863320149234e8,1.2134476787189534e8,30,0.16599082946777344,false
1527,1.3353939100749475e8,2.158259647068745e7,5,0.035501956939697266,false
1528,1.3354100703311981e8,1.6406196637394008e8,23,0.12289619445800781,false
1529,1.3354402999529642e8,1.1225202224270254e7,3,0.023991823196411133,false
1530,1.3355224179426269e8,2.557323432304597e7,6,0.03963613510131836,false
1531,1.3355340628271651e8,5.096224494300547e7,9,0.08550000190734863,false
1532,1.3355801585164708e8,1.0272672912978777e8,13,0.07290482521057129,false
1533,1.3355858066359027e8,6.753575519062594e6,2,0.017774105072021484,false
1534,1.3356232337847468e8,2.4513994582874715e7,6,0.04018592834472656,false
1535,1.3356357812476254e8,1.521213301726995e8,24,0.12583017349243164,false
1536,1.3356357812476254e8,3.3685628890625983e6,1,0.01092386245727539,false
1537,1.3356453144655243e8,3.6828853074436665e7,7,0.046295166015625,false
1538,1.3356700581328206e8,2.262517227999969e7,8,0.044241905212402344,false
1539,1.3356746058278036e8,6.737404556715891e6,2,0.016895055770874023,false
1540,1.3356799844798248e8,7.735150986594817e7,23,0.11861491203308105,false
1541,1.3357100614197582e8,1.2333611383647442e7,3,0.024428129196166992,false
1542,1.3357200255997396e8,8.134374595255494e6,2,0.017808914184570312,false
1543,1.3357282138353097e8,2.429714910300979e7,7,0.044647932052612305,false
1544,1.3357306795645835e8,6.885202974141195e6,2,0.01702404022216797,false
1545,1.335749742945121e8,3.1617437921322823e7,6,0.039520978927612305,false
1546,1.335767166789849e8,1.3701765570718616e7,3,0.023481130599975586,false
1547,1.3357972759995466e8,8.754523847326927e7,21,0.11830592155456543,false
1548,1.3358093948421139e8,7.856060370000005e6,2,0.018136978149414062,false
1549,1.3358143877987212e8,1.1577967587259138e8,24,0.1399390697479248,false
1550,1.3358191994922921e8,3.3685836099999994e6,1,0.011557817459106445,false
1551,1.3358272977541949e8,2.215890534711893e7,7,0.04877209663391113,false
1552,1.3358303617840119e8,3.6481319653803036e7,11,0.05914711952209473,false
1553,1.3358550329594271e8,1.7648692055065528e8,39,0.2203359603881836,false
1554,1.3358765633567083e8,6.754157021124452e6,2,0.01813983917236328,false
1555,1.3358809501475565e8,7.467979785533032e7,19,0.10885214805603027,false
1556,1.335889301614297e8,4.592466365643144e7,14,0.07839298248291016,false
1557,1.3358985361478418e8,3.1816023240257934e7,9,0.05939197540283203,false
1558,1.3359020340377858e8,1.1826178755103296e8,19,0.10433101654052734,false
1559,1.335912562144656e8,2.1893662416236848e7,6,0.039530038833618164,false
1560,1.3359148539052914e8,2.6741512752230942e7,8,0.0506589412689209,false
1561,1.3359431071289492e8,1.3327407378180173e8,24,0.13783693313598633,false
1562,1.335965790806745e8,1.2735106282954599e8,29,0.17035603523254395,false
1563,1.3359659985500658e8,4.207240057502431e7,9,0.0596470832824707,false
1564,1.3359843166364473e8,6.774862009212434e6,2,0.019008874893188477,false
1565,1.336003577239126e8,1.9745867163985813e8,40,0.22411108016967773,false
1566,1.3360060941398025e8,1.0435480625486225e7,3,0.02460002899169922,false
1567,1.3360062059411375e8,3.0871575963183418e7,10,0.05538797378540039,false
1568,1.3360169640865147e8,5.3318486230045915e7,13,0.07970786094665527,false
1569,1.3360428668856914e8,4.122623268387759e7,8,0.054840087890625,false
1570,1.3360576609829505e8,6.737345558314413e6,2,0.019392013549804688,false
1571,1.3360594386452448e8,6.3098479682021484e7,14,0.0803680419921875,false
1572,1.3360611802480282e8,3.733240487205011e7,12,0.06365489959716797,false
1573,1.3360647369491327e8,1.071869709928084e8,22,0.12993216514587402,false
1574,1.336066464538176e8,3.2602546599999964e6,1,0.011446952819824219,false
1575,1.3360679363676895e8,4.1760441879394054e7,9,0.055812835693359375,false
1576,1.3360725998711385e8,2.9113403717300817e7,7,0.04700207710266113,false
1577,1.3360766945538169e8,1.2861972614950614e8,26,0.1540391445159912,false
1578,1.3360809338187324e8,4.101521134112646e7,13,0.0699758529663086,false
1579,1.3360905427948666e8,1.35140489022488e7,4,0.03107309341430664,false
1580,1.3360952583524944e8,3.1576987189405233e7,6,0.03944683074951172,false
1581,1.336114586530887e8,5.601310684280011e7,10,0.06048321723937988,false
1582,1.3361157325834526e8,1.3622051232627884e7,4,0.03153181076049805,false
1583,1.3361191917480172e8,1.219958532279323e7,3,0.02684497833251953,false
1584,1.3361214501971532e8,1.3267668736526683e7,4,0.030741214752197266,false
1585,1.336130638295151e8,5.182202646370232e7,12,0.07505083084106445,false
1586,1.3361307481638516e8,2.3955255426303804e7,7,0.04784202575683594,false
1587,1.3361346886929898e8,5.1908051045619786e7,12,0.07308292388916016,false
1588,1.3361346886929898e8,3.3685628890625983e6,1,0.01160120964050293,false
1589,1.3361386844269559e8,1.2481015944564864e7,3,0.02538585662841797,false
1590,1.3361476534058845e8,1.7075166481664336e8,24,0.13507795333862305,false
1591,1.3361552603523117e8,1.3492096161219612e7,4,0.0312349796295166,false
1592,1.3361711984411848e8,2.4404484226611227e7,5,0.0377352237701416,false
1593,1.3361887497434065e8,2.6922158497315392e7,7,0.04362678527832031,false
1594,1.3361986136654133e8,4.014801041377184e7,14,0.07445716857910156,false
1595,1.3362046764334789e8,5.550463005345443e7,11,0.06786704063415527,false
1596,1.3362057367104839e8,5.8910505331465766e7,13,0.07664299011230469,false
1597,1.3362254212003206e8,9.514263203852057e6,3,0.02410888671875,false
1598,1.3362384590391956e8,1.0991849711065543e8,17,0.10069608688354492,false
1599,1.3362390863363637e8,3.3685628890625983e6,1,0.011119842529296875,false
1600,1.3362486410070921e8,1.9748264232797086e7,4,0.027987003326416016,false
1601,1.3362487710597435e8,1.7042063505590975e7,6,0.03632497787475586,false
1602,1.33625363458215e8,3.385118169999987e6,1,0.012127161026000977,false
1603,1.3362543282850629e8,7.618176043401539e6,2,0.018419981002807617,false
1604,1.3362639110533416e8,3.3685836100000143e6,1,0.011944055557250977,false
1605,1.3362647173311587e8,8.79033351350232e7,22,0.12729191780090332,false
1606,1.336267271843968e8,1.3475377353594974e7,4,0.030037879943847656,false
1607,1.3362681985773592e8,6.753575519062594e6,2,0.018021106719970703,false
1608,1.3362812355157825e8,1.343434173011859e8,30,0.18041610717773438,false
1609,1.3363015495974582e8,1.9162999899792373e7,5,0.03701281547546387,false
1610,1.3363139059971106e8,1.2580611030742362e7,4,0.029694080352783203,false
1611,1.3363205557234721e8,2.01827455294694e8,22,0.1181020736694336,false
1612,1.3363232724205722e8,2.418169299796e7,6,0.04298281669616699,false
1613,1.3363370194099145e8,1.631737211430034e7,4,0.0347590446472168,false
1614,1.3363441732517669e8,3.3094683613146216e7,8,0.058212995529174805,false
1615,1.3363483031405322e8,1.955994297287479e7,6,0.04365706443786621,false
1616,1.3363497899458067e8,1.8112676814244434e7,6,0.04154801368713379,false
1617,1.3363558093404421e8,1.2110171367219591e8,25,0.14563202857971191,false
1618,1.3363592188776806e8,2.6301074846191972e7,9,0.054702043533325195,false
1619,1.336360656792621e8,1.0125208864425898e7,3,0.025615930557250977,false
1620,1.3363634695268092e8,3.3685628890626132e6,1,0.011677980422973633,false
1621,1.3363674075492282e8,7.015830732239582e7,17,0.10610008239746094,false
1622,1.336372695959705e8,2.5481425279477656e7,6,0.04165196418762207,false
1623,1.3363772566362375e8,3.3685836100000143e6,1,0.011957883834838867,false
1624,1.3363814527090968e8,2.3499061180739135e7,8,0.04678916931152344,false
1625,1.3363841243086967e8,1.5136393024577081e7,4,0.030620813369750977,false
1626,1.3363849347237828e8,4.059963140403761e7,11,0.06823301315307617,false
1627,1.3363944617182189e8,4.6112196566991985e7,13,0.07894015312194824,false
1628,1.3364169323044233e8,4.0714462028398395e7,8,0.059098005294799805,false
1629,1.3364238152828898e8,2.016690802422869e8,34,0.19608688354492188,false
1630,1.3364275993475458e8,4.9512645334700346e7,9,0.06506013870239258,false
1631,1.3364412748234476e8,9.815307056087822e6,2,0.020778894424438477,false
1632,1.3364419934191075e8,2.5816006941127643e7,8,0.05838203430175781,false
1633,1.3364452301693945e8,1.686373293873647e7,5,0.03466987609863281,false
1634,1.3364503948991509e8,3.351425500854258e8,59,0.32782816886901855,false
1635,1.3364545175031641e8,2.6964664262671232e7,6,0.042485952377319336,false
1636,1.3364579531541117e8,5.6002409200458616e7,10,0.06510400772094727,false
1637,1.336458956200591e8,1.2039302610645607e7,4,0.030614852905273438,false
1638,1.336465027376831e8,1.1125179000874591e8,21,0.12532520294189453,false
1639,1.3364749798237708e8,1.1257182305935496e8,22,0.1332988739013672,false
1640,1.3364798986552894e8,3.022990889131689e7,9,0.05646204948425293,false
1641,1.3364806139112313e8,1.9543786294465286e8,31,0.18816804885864258,false
1642,1.3364812547345912e8,6.737406540961206e6,2,0.018610000610351562,false
1643,1.3364812547345911e8,3.385118169999987e6,1,0.013423919677734375,false
1644,1.3364821714558923e8,4.846194368407415e7,13,0.07861709594726562,false
1645,1.3364834650722879e8,1.952224764869921e7,5,0.03618502616882324,false
1646,1.3364850794102806e8,5.4585186830954686e7,13,0.08080387115478516,false
1647,1.3364853314426889e8,3.2895772948404104e7,8,0.0509800910949707,false
1648,1.3364884830682933e8,3.3685836100000143e6,1,0.01205301284790039,false
1649,1.3364899262829e8,2.4890352249402612e7,7,0.04742002487182617,false
1650,1.3364901671669534e8,2.83862576037582e7,9,0.052652835845947266,false
1651,1.33649372989465e8,8.776606530263567e7,17,0.10918998718261719,false
1652,1.3364966750538225e8,9.788639288088685e7,19,0.10457515716552734,false
1653,1.3364966750538224e8,3.385118169999987e6,1,0.013204813003540039,false
1654,1.3364974439159161e8,4.545507955345845e7,9,0.05410313606262207,false
1655,1.3364994312563157e8,4.289476484475574e7,13,0.07600688934326172,false
1656,1.3365013523832642e8,1.9055395822062135e8,32,0.20496201515197754,false
1657,1.3365040972987089e8,6.737345513184994e6,2,0.020045995712280273,false
1658,1.3365050584281188e8,3.2866083159020975e7,11,0.062191009521484375,false
1659,1.336508954715974e8,2.933964788188368e7,8,0.057006120681762695,false
1660,1.3365140524378137e8,6.754169159755498e6,2,0.01957988739013672,false
1661,1.3365180714296846e8,8.854942916157553e7,16,0.09979796409606934,false
1662,1.3365597665673691e8,2.733146025566894e7,6,0.04606509208679199,false
1663,1.3365869451024504e8,1.1479480065854669e7,3,0.027530908584594727,false
1664,1.3365878359221804e8,2.901975926432699e7,6,0.04641413688659668,false
1665,1.3365942453863333e8,7.111562662041958e7,18,0.11903095245361328,false
1666,1.3366143548850635e8,4.180191322327164e7,9,0.057357072830200195,false
1667,1.3366146884370539e8,3.3685836100000143e6,1,0.012665033340454102,false
1668,1.3366227307401982e8,2.7111982586615577e7,9,0.05809283256530762,false
1669,1.3366331688320537e8,1.6421374795299146e8,36,0.22756099700927734,false
1670,1.3366495491672346e8,7.592855363772243e6,2,0.02026510238647461,false
1671,1.3366507787057148e8,3.941321656902446e7,13,0.08041191101074219,false
1672,1.3366525603743345e8,6.737577540626004e6,2,0.01987314224243164,false
1673,1.3366565089971177e8,8.974620960841987e7,18,0.1184549331665039,false
1674,1.3366608120024619e8,7.152172300000012e6,2,0.01931285858154297,false
1675,1.3366688694613156e8,6.75359624000001e6,2,0.01892709732055664,false
1676,1.3366717474185671e8,1.9513707679377303e7,6,0.04284310340881348,false
1677,1.336686303193978e8,1.1501233099787855e8,24,0.15501785278320312,false
1678,1.3366892015651211e8,3.972828670048086e7,12,0.07109212875366211,false
1679,1.336689518203413e8,2.204526711088544e7,6,0.04606795310974121,false
1680,1.3367067205610287e8,3.504115131367293e7,8,0.06286191940307617,false
1681,1.3367297069360891e8,9.741494379823193e6,3,0.027096033096313477,false
1682,1.3367628943351991e8,2.628106889092961e7,6,0.04388904571533203,false
1683,1.3367634108619946e8,3.3685836099999994e6,1,0.013202905654907227,false
1684,1.3367645585345595e8,3.2723835567532763e7,7,0.05254817008972168,false
1685,1.3367760826272318e8,3.3685836100000143e6,1,0.012622833251953125,false
1686,1.3367801778330967e8,3.404697576814549e7,8,0.057505130767822266,false
1687,1.3367809855272463e8,2.466739913932015e7,7,0.048668861389160156,false
1688,1.3367849831768902e8,1.0953393795483947e7,3,0.029076099395751953,false
1689,1.3367894790640928e8,3.3685836100000143e6,1,0.012562990188598633,false
1690,1.3367943645478256e8,3.5291963403883025e7,10,0.0593409538269043,false
1691,1.3367957581208906e8,1.0106156489622816e7,3,0.02606201171875,false
1692,1.3367979046560049e8,9.603326677018583e6,3,0.026705026626586914,false
1693,1.3367983577496815e8,9.146235767529452e7,17,0.11946797370910645,false
1694,1.3367986266847168e8,8.463761115854305e7,16,0.1069951057434082,false
1695,1.336805062087347e8,2.6884796320722252e7,7,0.05160689353942871,false
1696,1.3368065701168361e8,1.0116999280754235e8,20,0.13720011711120605,false
1697,1.336808550354392e8,5.652766204190998e7,15,0.09466791152954102,false
1698,1.3368160434995426e8,4.476064280000001e6,1,0.012665987014770508,false
1699,1.336843768947653e8,9.467525660276264e6,2,0.018587112426757812,false
1700,1.3368563698250526e8,1.3531150551068604e7,4,0.03159499168395996,false
1701,1.3368580761709622e8,3.6715969865408465e7,11,0.06502079963684082,false
1702,1.3368745976338834e8,1.834348615835883e8,22,0.13213300704956055,false
1703,1.3368759802927436e8,5.036684392708658e7,13,0.08393216133117676,false
1704,1.3368763695862287e8,3.673108350829758e7,8,0.05771994590759277,false
1705,1.3368831644454467e8,3.753320571134831e7,11,0.06643009185791016,false
1706,1.3368854743401921e8,1.347533468594578e7,4,0.033902883529663086,false
1707,1.3368871705454235e8,2.665172955578281e7,8,0.05466890335083008,false
1708,1.3368879897838338e8,1.308096565956822e7,4,0.03308606147766113,false
1709,1.3368990482304625e8,3.385118169999987e6,1,0.014065980911254883,false
1710,1.3369005902867126e8,1.0198338550036867e8,26,0.16062211990356445,false
1711,1.3369015274012145e8,6.753940237473637e6,2,0.019407033920288086,false
1712,1.3369079275665626e8,6.737693598156989e6,2,0.019353866577148438,false
1713,1.3369115951395066e8,7.563029118789914e7,14,0.09292912483215332,false
1714,1.3369119977167512e8,5.3849877855216056e7,18,0.11050295829772949,false
1715,1.336921118017413e8,6.337821506582874e7,14,0.09711289405822754,false
1716,1.3369212660850695e8,1.0963422838091344e7,3,0.025761127471923828,false
1717,1.3369246088145971e8,2.3635053716603875e7,5,0.04079604148864746,false
1718,1.336926021236968e8,8.668970881205264e7,20,0.13173580169677734,false
1719,1.3369344864688273e8,1.876879348601693e7,6,0.04328417778015137,false
1720,1.336945061570436e8,5.323265772826046e7,15,0.09383082389831543,false
1721,1.3369495630623873e8,6.3247483961768776e7,15,0.10060000419616699,false
1722,1.3369637795840771e8,3.2794015574639633e7,8,0.04912710189819336,false
1723,1.3369676940329155e8,6.2829447818510935e7,13,0.08885598182678223,false
1724,1.3369688875447534e8,7.271557039642006e6,2,0.02061605453491211,false
1725,1.336971895190957e8,1.9430917151610106e7,4,0.03444504737854004,false
1726,1.3369807917469265e8,2.8626005384987444e7,7,0.04942679405212402,false
1727,1.3369865699074373e8,4.977649612676445e7,9,0.05635213851928711,false
1728,1.3369913821538214e8,2.2874234107444584e7,5,0.04055905342102051,false
1729,1.3369923712336299e8,4.232742439999998e6,1,0.012648820877075195,false
1730,1.3369944400217122e8,1.7313611895648926e7,4,0.033750057220458984,false
1731,1.3369972355920622e8,2.540284326055719e7,9,0.055201053619384766,false
1732,1.3369980656051931e8,9.64870092918612e7,22,0.14307498931884766,false
1733,1.337013123563289e8,2.5306851082680097e8,41,0.24390292167663574,false
1734,1.337018638723489e8,3.160141319543597e7,8,0.05810999870300293,false
1735,1.3370201971985835e8,1.6624424244957134e7,5,0.036988019943237305,false
1736,1.3370271933996116e8,4.531821236444476e7,11,0.0697469711303711,false
1737,1.3370285234739152e8,9.38744508526145e6,3,0.02697610855102539,false
1738,1.3370319092564847e8,2.7682922907502547e7,8,0.05560803413391113,false
1739,1.337034636164663e8,1.7168244955441594e7,5,0.03916501998901367,false
1740,1.3370557947718853e8,1.7344551418855116e8,35,0.20410704612731934,false
1741,1.337057907301353e8,3.385118169999987e6,1,0.013316869735717773,false
1742,1.3370655559262633e8,2.0606197891913027e7,5,0.039910078048706055,false
1743,1.3370673459244812e8,8.665143350910968e7,21,0.13428997993469238,false
1744,1.337067676954333e8,2.3735703908373892e7,6,0.04634690284729004,false
1745,1.3370733868759635e8,5.326469535398249e7,12,0.07755208015441895,false
1746,1.337074806332992e8,3.499009610547632e6,1,0.01311802864074707,false
1747,1.3370748063329919e8,3.3685628890626132e6,1,0.012243986129760742,false
1748,1.337092915671238e8,7.213499721272998e7,15,0.09061598777770996,false
1749,1.3370935829149234e8,3.1345748885750145e7,7,0.054473876953125,false
1750,1.3370948447199887e8,2.4802502497424513e7,8,0.053347110748291016,false
1751,1.3370977443836991e8,2.364712054289739e7,7,0.047844886779785156,false
1752,1.3370993921350399e8,9.14991833880414e7,21,0.14277410507202148,false
1753,1.3370996710718052e8,1.1987495511549145e7,4,0.035675048828125,false
1754,1.3371012473099285e8,3.3685836099999994e6,1,0.013084888458251953,false
1755,1.3371012473099288e8,3.3685836099999994e6,1,0.01324009895324707,false
1756,1.3371047132488829e8,4.232742439999998e6,1,0.013628959655761719,false
1757,1.3371082882135405e8,8.439488995542376e7,18,0.12438011169433594,false
1758,1.3371369427757092e8,9.975940231748447e7,18,0.10606694221496582,false
1759,1.337150587712289e8,7.547944377720681e7,14,0.09708404541015625,false
1760,1.3371756299942344e8,3.2224890220543772e7,8,0.0639197826385498,false
1761,1.337186456095255e8,8.065204273619068e7,24,0.14334917068481445,false
1762,1.3371932741687484e8,1.47868205440337e8,31,0.19787096977233887,false
1763,1.3372233027640274e8,3.48181598447032e7,7,0.056550025939941406,false
1764,1.3372379688062727e8,8.134374595255494e6,2,0.021551847457885742,false
1765,1.3372386792388634e8,2.9107199395831347e7,6,0.04823613166809082,false
1766,1.3372447848374784e8,8.979244556831867e7,15,0.10231804847717285,false
1767,1.337247870578701e8,1.5946159873357564e7,4,0.03619694709777832,false
1768,1.3372509405147374e8,6.0311018107706934e7,12,0.07522988319396973,false
1769,1.3372525301038656e8,8.52154468882685e7,20,0.13137102127075195,false
1770,1.3372602993144391e8,3.3685836100000143e6,1,0.01303410530090332,false
1771,1.3372631001922286e8,7.140883359999999e6,2,0.01980304718017578,false
1772,1.337272134243264e8,3.4459800618803665e7,9,0.05665993690490723,false
1773,1.3372999132298963e8,7.447453127989316e7,11,0.06158709526062012,false
1774,1.3373010098337182e8,1.5669364430418342e8,34,0.2201988697052002,false
1775,1.3373199665730344e8,1.177295944775663e8,25,0.15971612930297852,false
1776,1.3373255011239938e8,1.4290883690390036e7,5,0.04251694679260254,false
1777,1.3373283541673586e8,7.528201528003025e7,24,0.1426408290863037,false
1778,1.3373393753359175e8,6.567376206653905e7,12,0.07999300956726074,false
1779,1.3373446067234151e8,1.689345469558835e7,5,0.04033613204956055,false
1780,1.337345094613909e8,1.3404302015924528e7,4,0.032922983169555664,false
1781,1.3373470707775976e8,1.0092155567643869e8,22,0.14028692245483398,false
1782,1.3373609816543871e8,5.48129842451902e7,9,0.05676913261413574,false
1783,1.3373610959814104e8,3.2628765943048432e7,10,0.05928301811218262,false
1784,1.3373656772396193e8,5.776171455814214e7,17,0.10341501235961914,false
1785,1.3373668069832155e8,4.487582300000012e6,1,0.013643980026245117,false
1786,1.3373767923912217e8,4.030450859263575e7,7,0.05168294906616211,false
1787,1.33737692535806e8,3.1620170733575106e7,7,0.05338597297668457,false
1788,1.3373815223327783e8,2.7424905840426087e7,5,0.04118990898132324,false
1789,1.3373815891486968e8,6.77031803691563e6,2,0.02038407325744629,false
1790,1.3374024713095492e8,7.283170599642009e6,2,0.020060062408447266,false
1791,1.3374024713095494e8,3.4873960505476296e6,1,0.01365804672241211,false
1792,1.3374090135888763e8,1.8463288761537775e7,5,0.042122840881347656,false
1793,1.3374092822616035e8,2.7530060924541563e7,7,0.052514076232910156,false
1794,1.3374096781761147e8,4.3166521205092356e7,11,0.07384896278381348,false
1795,1.3374131847597983e8,6.1266824020769894e7,12,0.08231210708618164,false
1796,1.3374145895217204e8,9.563443116572434e7,17,0.11616992950439453,false
1797,1.3374152380181418e8,6.75621224463582e6,2,0.021127939224243164,false
1798,1.3374162583166465e8,1.7020056473485827e7,6,0.04575514793395996,false
1799,1.3374309666197014e8,1.8554783503430754e7,4,0.03578686714172363,false
1800,1.3374376766552557e8,1.0866623179525337e8,25,0.18993210792541504,false
1801,1.3374382234763114e8,7.337227547083764e7,17,0.10761690139770508,false
1802,1.3374421236982355e8,7.708111939814657e6,2,0.02132105827331543,false
1803,1.3374479156125115e8,1.1921162819477618e7,4,0.035140037536621094,false
1804,1.3374535925169551e8,2.293953360716734e8,26,0.15523290634155273,false
1805,1.3374544226518938e8,1.6469654555621058e7,5,0.03894305229187012,false
1806,1.3374578343510629e8,2.0121333456764057e7,6,0.04406285285949707,false
1807,1.3374584403842053e8,3.1165753218042225e7,6,0.04861712455749512,false
1808,1.3374595781153893e8,2.654424193277282e8,43,0.26805710792541504,false
1809,1.3374635396890478e8,1.711712168492472e7,4,0.03937697410583496,false
1810,1.3374667902265778e8,1.6736663138485372e7,5,0.04297900199890137,false
1811,1.3374670628966394e8,2.638592365425846e7,7,0.05394792556762695,false
1812,1.3374689170273437e8,3.2602546599999964e6,1,0.013496875762939453,false
1813,1.3374751112011509e8,1.9570480591850445e7,6,0.04964017868041992,false
1814,1.3374786860306165e8,4.618182668605633e7,14,0.08812093734741211,false
1815,1.3374858019871217e8,2.4023183624692234e8,33,0.20688509941101074,false
1816,1.3374865892575449e8,1.6444957563604712e7,5,0.044049978256225586,false
1817,1.3374880873465559e8,8.781703854274832e7,13,0.08942079544067383,false
1818,1.3374893298139781e8,3.3685836100000143e6,1,0.01312708854675293,false
1819,1.3374934711356725e8,3.3685836100000143e6,1,0.013423919677734375,false
1820,1.3374957025271295e8,1.450941265539977e7,5,0.039628028869628906,false
1821,1.3374997421677881e8,5.490971333872715e7,9,0.06734204292297363,false
1822,1.3375019544464597e8,5.382892642102389e7,16,0.1090240478515625,false
1823,1.3375210673770791e8,1.9821390610836154e8,23,0.13362407684326172,false
1824,1.3375285592898712e8,2.4530973095406547e7,6,0.04180002212524414,false
1825,1.3375293105193493e8,6.7540180768891275e6,2,0.02170395851135254,false
1826,1.3375308946633622e8,1.5109008244800359e7,5,0.036293983459472656,false
1827,1.3375416098699273e8,2.09211083001737e7,4,0.03551983833312988,false
1828,1.3375536513221811e8,1.2939937390420654e8,31,0.20727014541625977,false
1829,1.3375552153602697e8,9.095434983495238e7,17,0.12475705146789551,false
1830,1.3375644653358507e8,7.008288643578735e7,18,0.12505388259887695,false
1831,1.3375674092447118e8,1.1977364048433676e7,4,0.03663206100463867,false
1832,1.3375704362519836e8,7.642309676545045e7,14,0.09969401359558105,false
1833,1.3375709071034859e8,7.556966212090184e7,17,0.12000203132629395,false
1834,1.3375718206696495e8,8.493959515813577e7,18,0.12274599075317383,false
1835,1.3375723187452601e8,1.0138951125300974e7,3,0.030305862426757812,false
1836,1.3375731380174828e8,2.659362238685499e7,8,0.05614209175109863,false
1837,1.3376120644586731e8,8.615550260497192e7,13,0.09015798568725586,false
1838,1.3376133492971298e8,1.1539986482875884e7,3,0.030070066452026367,false
1839,1.33761588429349e8,2.182256169964795e7,7,0.05690789222717285,false
1840,1.3376164803493002e8,1.3393915784238553e8,32,0.20125913619995117,false
1841,1.3376262842073394e8,8.310746943975066e7,24,0.1495668888092041,false
1842,1.3376276020274307e8,1.157108965273194e8,21,0.14362096786499023,false
1843,1.3376437162611054e8,5.78013743992922e7,12,0.08358192443847656,false
1844,1.3376453171707144e8,5.742049973725012e7,17,0.1107950210571289,false
1845,1.3376453171707143e8,3.3685836100000143e6,1,0.01342916488647461,false
1846,1.337654804571497e8,7.986963983772248e6,2,0.021925926208496094,false
1847,1.3376574355433556e8,2.050537271350968e7,5,0.04250001907348633,false
1848,1.3376661921036758e8,8.499988665626228e6,2,0.021586894989013672,false
1849,1.3376715141501486e8,9.605146990309477e6,3,0.02751898765563965,false
1850,1.337685366808394e8,3.698601439511365e7,8,0.05545210838317871,false
1851,1.3376907695188428e8,4.413476785447897e7,12,0.08074092864990234,false
1852,1.3376926072654292e8,4.627037932980476e7,15,0.09757113456726074,false
1853,1.337694270855325e8,1.0114110955768183e7,3,0.028682947158813477,false
1854,1.3376956356214792e8,2.6010907845372006e7,9,0.05765104293823242,false
1855,1.337697749118092e8,3.1820306926297665e7,10,0.06438398361206055,false
1856,1.3376985280296247e8,1.3511705929195344e7,4,0.035160064697265625,false
1857,1.3377008259294787e8,6.645267289999992e6,2,0.020848989486694336,false
1858,1.337702948631086e8,2.8001696651396364e7,7,0.05496978759765625,false
1859,1.3377050297574863e8,5.020479444466391e7,13,0.08865618705749512,false
1860,1.337710422013392e8,5.428825030683008e7,9,0.06480789184570312,false
1861,1.3377132509981388e8,1.308044378176193e7,4,0.03662610054016113,false
1862,1.3377135926844329e8,1.7033021056159645e8,38,0.25812196731567383,false
1863,1.3377137847723818e8,1.0024288880774558e7,3,0.02781391143798828,false
1864,1.337716481299521e8,2.2863464056870133e7,7,0.05165410041809082,false
1865,1.3377180631945401e8,1.6106851741301492e7,5,0.03906106948852539,false
1866,1.3377243995652962e8,5.574255024654277e7,13,0.08979582786560059,false
1867,1.3377286190265389e8,2.93792363314704e7,8,0.06013798713684082,false
1868,1.3377293603833076e8,6.960597880354907e7,14,0.09655618667602539,false
1869,1.3377295745950748e8,9.605146990309492e6,3,0.026562929153442383,false
1870,1.3377296482193989e8,4.673641103671214e7,12,0.08289384841918945,false
1871,1.3377349240261862e8,3.0130281840254664e7,6,0.04547905921936035,false
1872,1.337738244885232e8,5.353537525182548e7,10,0.0734400749206543,false
1873,1.3377382448852322e8,3.3685836100000143e6,1,0.013696908950805664,false
1874,1.3377382448852322e8,3.3685836100000143e6,1,0.013534069061279297,false
1875,1.3377411155346024e8,5.6349059607809365e7,13,0.09002494812011719,false
1876,1.3377433563392049e8,2.487886498284197e7,8,0.05936694145202637,false
1877,1.3377468193265389e8,3.692592667223102e7,10,0.07238602638244629,false
1878,1.3377472978359826e8,2.522968738013357e7,9,0.058114051818847656,false
1879,1.3377484707844247e8,2.569080099710241e7,6,0.046185970306396484,false
1880,1.3377494085682297e8,2.7911379312753648e7,7,0.052310943603515625,false
1881,1.3377507017981076e8,3.3843484601448685e7,8,0.062333106994628906,false
1882,1.3377653536247805e8,1.741588358320117e7,4,0.04065299034118652,false
1883,1.3378016298879415e8,8.792419980103582e6,2,0.02842092514038086,false
1884,1.337802417135084e8,9.800796688510785e7,16,0.11499714851379395,false
1885,1.3378032707156119e8,9.331293954296711e7,19,0.13386082649230957,false
1886,1.3378076487180796e8,1.3786562123394433e8,19,0.1296830177307129,false
1887,1.3378210483646101e8,2.757967285531357e7,7,0.05350518226623535,false
1888,1.3378284293609782e8,2.9524435604306757e7,8,0.061853885650634766,false
1889,1.3378330469051693e8,1.4903524529286161e7,4,0.03502011299133301,false
1890,1.3378546837549868e8,8.134139995282024e6,2,0.022351980209350586,false
1891,1.337868015835237e8,1.930052413014778e8,42,0.2852628231048584,false
1892,1.3378733927654295e8,7.208365725220475e7,13,0.09490799903869629,false
1893,1.3378739192160647e8,3.0583967108284205e7,7,0.054429054260253906,false
1894,1.3378742235700488e8,3.3685836099999994e6,1,0.01439213752746582,false
1895,1.3378761064993371e8,5.3051247849756286e7,17,0.10772204399108887,false
1896,1.3378764184236974e8,1.919407784817092e7,5,0.039488792419433594,false
1897,1.3378797620062372e8,7.491055919330424e7,23,0.14084815979003906,false
1898,1.337884225026713e8,6.360638550309494e6,2,0.022934913635253906,false
1899,1.3378895066869034e8,1.4077221883189142e7,4,0.039318084716796875,false
1900,1.3379058159896183e8,6.754169159755498e6,2,0.02134394645690918,false
1901,1.3379231828353709e8,6.335357417677727e7,10,0.06395292282104492,false
1902,1.3379272700039922e8,1.595352918545881e7,4,0.03922295570373535,false
1903,1.3379458406753682e8,1.2636793995521569e8,18,0.12442708015441895,false
1904,1.3379629250019538e8,1.5040239375787336e8,25,0.16680693626403809,false
1905,1.3379645774113218e8,3.0743765010203987e7,9,0.06693220138549805,false
1906,1.3379727975505595e8,6.867488200000018e6,2,0.02168893814086914,false
1907,1.3379845480663618e8,3.1900626503854156e7,6,0.04817605018615723,false
1908,1.3379845480663618e8,3.3685836099999994e6,1,0.014319896697998047,false
1909,1.3379956144864182e8,3.045269959789659e7,9,0.058984994888305664,false
1910,1.3379967980993515e8,3.4301817222840875e7,8,0.05834197998046875,false
1911,1.3379997723081094e8,1.36729218437552e7,4,0.034101009368896484,false
1912,1.3380164721133474e8,1.5442754193512708e7,4,0.03486800193786621,false
1913,1.3380189640583764e8,2.7872889745248705e7,5,0.04128003120422363,false
1914,1.3380425623447758e8,1.2197233920561343e7,3,0.02789902687072754,false
1915,1.3380505676835346e8,2.7937102716204464e7,6,0.0458369255065918,false
1916,1.3380514027249841e8,3.7433930074812144e7,9,0.06698799133300781,false
1917,1.3380658009795898e8,2.4221385972391635e7,5,0.03968214988708496,false
1918,1.3380703587887858e8,9.517569696975301e7,25,0.1741039752960205,false
1919,1.3380710483437318e8,4.985236673599613e7,12,0.08793902397155762,false
1920,1.3380829216725393e8,2.111088726693566e7,7,0.054306983947753906,false
1921,1.3381071840223755e8,6.051722265566817e7,12,0.0880589485168457,false
1922,1.3381085788104348e8,9.908491218756959e6,3,0.029069900512695312,false
1923,1.3381120002045928e8,6.598176141455102e7,16,0.11521100997924805,false
1924,1.338133186974734e8,1.44254980377205e8,22,0.14534997940063477,false
1925,1.3381431938664557e8,3.499009610547632e6,1,0.014862060546875,false
1926,1.3381465802958618e8,4.446219452327572e7,8,0.05502891540527344,false
1927,1.3381515092273423e8,6.0782382643704265e7,13,0.09107112884521484,false
1928,1.33816431881091e8,1.6630528103414103e8,38,0.2443549633026123,false
1929,1.3381648881381224e8,4.540826269704957e7,12,0.07883691787719727,false
1930,1.3381760144503091e8,3.269506380191855e7,10,0.06652498245239258,false
1931,1.3381804794676988e8,1.1491252474973336e7,3,0.028724193572998047,false
1932,1.3381883922004434e8,1.6028545729850438e8,40,0.2819528579711914,false
1933,1.338190972270273e8,3.738138287441258e7,12,0.07464194297790527,false
1934,1.3381932053462143e8,2.314789269839801e7,6,0.04627513885498047,false
1935,1.3382020547981183e8,2.896593343330103e7,7,0.056910037994384766,false
1936,1.3382076238285735e8,1.6009074411720753e7,5,0.042482852935791016,false
1937,1.3382191133899337e8,8.381527204376031e7,14,0.08910918235778809,false
1938,1.3382334308197916e8,3.5046237476325125e7,6,0.04882693290710449,false
1939,1.3382429737405348e8,6.737580703343391e6,2,0.020468950271606445,false
1940,1.3382607549422091e8,1.930313443527201e7,5,0.0428619384765625,false
1941,1.3382674944491856e8,9.996195869931592e7,12,0.08085417747497559,false
1942,1.3382699641815871e8,2.7062284804881588e7,8,0.06527280807495117,false
1943,1.3382727661704585e8,3.021074086730418e8,41,0.27663111686706543,false
1944,1.3382755558674589e8,4.7842577866729096e7,12,0.08070993423461914,false
1945,1.338283251278598e8,5.5469677525241554e7,16,0.10956692695617676,false
1946,1.3383265728131506e8,1.153656724442617e8,25,0.17643499374389648,false
1947,1.338330609826861e8,1.4959633405041024e7,4,0.03735709190368652,false
1948,1.3383512283447109e8,3.9111866391162336e7,9,0.06830501556396484,false
1949,1.3383512283447109e8,4.487582300000012e6,1,0.014449119567871094,false
1950,1.3383531666035445e8,1.0225078787048116e7,3,0.027649879455566406,false
1951,1.3383540008993605e8,6.737519435774818e6,2,0.01969003677368164,false
1952,1.3383553267573887e8,1.3367046661404312e7,4,0.034440040588378906,false
1953,1.3383569266821662e8,1.719087100563015e8,33,0.22322392463684082,false
1954,1.3383574930517553e8,7.003749773636013e6,2,0.022821903228759766,false
1955,1.3383613635797235e8,6.5444223842359215e7,13,0.09627914428710938,false
1956,1.3383636554928404e8,2.0529189866586342e7,7,0.05822396278381348,false
1957,1.3383789145320667e8,2.0254818577522576e7,5,0.04517698287963867,false
1958,1.338380273865479e8,6.628868423568338e6,2,0.02145695686340332,false
1959,1.3383810759392536e8,2.118813341713527e7,6,0.049941062927246094,false
1960,1.3383814534594916e8,1.1486368778269589e7,3,0.02932000160217285,false
1961,1.3383854297379693e8,6.774862009212434e6,2,0.023155927658081055,false
1962,1.3383860173159564e8,3.2602546599999964e6,1,0.013914108276367188,false
1963,1.3383977233168273e8,3.52633807352106e7,7,0.054960012435913086,false
1964,1.3383999699385637e8,3.95868299581005e7,10,0.07224488258361816,false
1965,1.3384321121086292e8,3.599332587114513e7,7,0.06039714813232422,false
1966,1.3384680760979787e8,5.393863796002227e7,15,0.10915398597717285,false
1967,1.3384686617599358e8,4.8828364053186804e7,13,0.09000301361083984,false
1968,1.3384736205232328e8,7.469937235771027e7,14,0.10340380668640137,false
1969,1.3384782625138065e8,9.326167503382672e7,21,0.15050601959228516,false
1970,1.3384804567802475e8,4.63772179338554e7,13,0.09305119514465332,false
1971,1.3384900726105905e8,9.51923641597566e7,17,0.12978696823120117,false
1972,1.338494590979836e8,6.737406540961206e6,2,0.022145986557006836,false
1973,1.3385006056182665e8,8.291921611154765e6,2,0.021816015243530273,false
1974,1.3385191460040157e8,6.737634599755496e6,2,0.022131919860839844,false
1975,1.3385268150184926e8,2.011761483689764e7,6,0.04774594306945801,false
1976,1.3385328956625286e8,6.757218367765129e6,2,0.02252507209777832,false
1977,1.3385344807163468e8,3.187912587537518e7,6,0.0495150089263916,false
1978,1.3385361179592827e8,4.255275149771574e7,8,0.05897402763366699,false
1979,1.338539474119664e8,2.191560382915531e7,7,0.05444693565368652,false
1980,1.3385428426274665e8,9.910088616782507e7,21,0.15046000480651855,false
1981,1.3385536305565435e8,3.2338617166202635e7,7,0.05824398994445801,false
1982,1.3385585771954589e8,6.856153795038968e6,2,0.02108907699584961,false
1983,1.3385682077943003e8,8.511523927904955e7,11,0.06860995292663574,false
1984,1.3385766565138684e8,7.576236925739706e6,2,0.022068023681640625,false
1985,1.3386006552418701e8,1.800385950146702e7,4,0.037980079650878906,false
1986,1.3386287867476445e8,2.4206614242995274e8,35,0.21753191947937012,false
1987,1.3386452952897236e8,3.4873960505476296e6,1,0.014528989791870117,false
1988,1.338649659806481e8,7.037724736137706e7,13,0.0919029712677002,false
1989,1.3386564618256661e8,6.7371146373374015e6,2,0.02280592918395996,false
1990,1.3386591602866396e8,2.5328909953027904e7,6,0.05093097686767578,false
1991,1.33865916028664e8,3.3685836100000143e6,1,0.014411211013793945,false
1992,1.3386615209015143e8,2.6069162761821985e7,7,0.0594937801361084,false
1993,1.3386988123703451e8,4.184885178726283e7,7,0.05581521987915039,false
1994,1.3387148711652814e8,3.754705304902774e7,8,0.055925846099853516,false
1995,1.3387156535895693e8,1.9730135710183516e7,6,0.04709005355834961,false
1996,1.3387295920067608e8,1.9722493017839625e7,6,0.048254966735839844,false
1997,1.3387395039150968e8,1.9444183100802034e7,5,0.04237699508666992,false
1998,1.3387404520783028e8,3.212874796047613e7,9,0.07195711135864258,false
1999,1.3387530681559138e8,4.338481695384346e7,8,0.05745196342468262,false
2000,1.3387693749692789e8,1.1467933832697478e8,18,0.11287784576416016,false
2001,1.3388016539976798e8,2.391008807249929e8,30,0.19254612922668457,false
2002,1.3388035450327267e8,7.455298220910162e7,16,0.11625194549560547,false
2003,1.3388091019638816e8,3.4873960505476296e6,1,0.014858007431030273,false
2004,1.3388096118276696e8,2.7472388060376316e7,7,0.05778312683105469,false
2005,1.3388105786021389e8,4.253752650190982e7,12,0.08226299285888672,false
2006,1.3388307679235692e8,3.436453641313639e7,8,0.06040692329406738,false
2007,1.3388500062091146e8,5.869187021274564e7,13,0.09430789947509766,false
2008,1.3388633571296757e8,1.5107407635916233e7,4,0.03761601448059082,false
2009,1.3388792036777227e8,5.456222875749761e7,16,0.11808395385742188,false
2010,1.3389056865207212e8,2.2342253592199087e7,4,0.03777623176574707,false
2011,1.3389056865207212e8,4.220004039999992e6,1,0.015303850173950195,false
2012,1.3389056865207212e8,3.3685836100000143e6,1,0.014719009399414062,false
2013,1.338913517661406e8,2.4561334931616753e7,8,0.06044197082519531,false
2014,1.3389317084949245e8,3.2958537771688968e7,8,0.06753110885620117,false
2015,1.3389670586076064e8,1.046181699551043e7,3,0.032379865646362305,false
2016,1.3389693512316905e8,2.1846385409037083e8,41,0.2914001941680908,false
2017,1.3389851242858715e8,2.1962378634426203e8,36,0.2539958953857422,false
2018,1.3390206835374628e8,4.24691763536448e7,12,0.08095097541809082,false
2019,1.3390236030034052e8,1.6465469973266453e7,5,0.04428601264953613,false
2020,1.3390275012111013e8,2.090036001037098e8,42,0.29443788528442383,false
2021,1.3390347715827985e8,3.57291191955792e7,10,0.07277607917785645,false
2022,1.3390352959823e8,6.647065380309492e6,2,0.021487951278686523,false
2023,1.3390353045096189e8,2.2250232551144704e7,7,0.05249214172363281,false
2024,1.3390599267911108e8,5.0625532327590704e7,11,0.08008003234863281,false
2025,1.3390601288067138e8,1.1505545867999183e8,25,0.18159985542297363,false
2026,1.3390622665050043e8,2.6601233620026246e7,7,0.05572509765625,false
2027,1.3390719068529306e8,7.269776135363267e7,14,0.10486698150634766,false
2028,1.3390766374941643e8,3.976586110220282e7,11,0.08175992965698242,false
2029,1.3390770466352884e8,2.0248148124399528e7,5,0.044610023498535156,false
2030,1.3390792869363426e8,2.133718675734487e7,6,0.0511629581451416,false
2031,1.3390873861491385e8,3.989635536121917e7,8,0.0647590160369873,false
2032,1.339092018988413e8,6.7376935981570035e6,2,0.02141094207763672,false
2033,1.3391017410193777e8,3.613373228451575e7,12,0.08236813545227051,false
2034,1.3391629154746118e8,1.1631194159243584e7,3,0.030610084533691406,false
2035,1.339183377500282e8,8.399611647344387e7,12,0.09349298477172852,false
2036,1.339193073241988e8,3.0876372302001e7,7,0.059018850326538086,false
2037,1.33919827753967e8,9.988149589092776e6,3,0.02931809425354004,false
2038,1.3392129561972407e8,1.366030867868366e8,25,0.17365503311157227,false
2039,1.3392266039277071e8,3.1517274952289805e7,8,0.06412792205810547,false
2040,1.3392696866366304e8,8.258291146315539e7,21,0.14876198768615723,false
2041,1.3392845550796743e8,2.3301182296169266e7,7,0.05416607856750488,false
2042,1.339285931248737e8,6.631364880309492e6,2,0.02123284339904785,false
2043,1.3392959189915024e8,9.585583311074127e7,22,0.18677616119384766,false
2044,1.3392997564312223e8,1.6693294080110413e8,30,0.21203994750976562,false
2045,1.339311101079979e8,2.9634825681425765e7,8,0.06363987922668457,false
2046,1.33931111489924e8,1.873863090444672e7,6,0.051313161849975586,false
2047,1.3393131518213223e8,2.664432009507066e7,7,0.0577239990234375,false
2048,1.3393166460817614e8,3.4716122435487986e7,7,0.05965089797973633,false
2049,1.3393191910552421e8,1.3371086124578223e7,4,0.03821611404418945,false
2050,1.3393196811783586e8,9.622204368756935e6,3,0.032685041427612305,false
2051,1.339348689491065e8,4.2562622561537415e7,12,0.09025692939758301,false
2052,1.3393525973522376e8,3.873946040972343e7,9,0.07265305519104004,false
2053,1.3393538517290159e8,2.4954346877075896e7,8,0.06370091438293457,false
2054,1.3394062710445401e8,1.2518082032035573e8,33,0.2345890998840332,false
2055,1.3394066469977848e8,8.159675547207925e7,17,0.13219594955444336,false
2056,1.3394073688002099e8,3.3685836100000143e6,1,0.014672040939331055,false
2057,1.3395220024090815e8,1.858305694747864e8,21,0.14086484909057617,false
2058,1.3395403596173875e8,3.3851176505476236e6,1,0.015232086181640625,false
2059,1.3395419335360663e8,4.336786770240772e7,9,0.0756230354309082,false
2060,1.3395450438700989e8,1.6438456593374282e7,4,0.0395970344543457,false
2061,1.3395474143672574e8,3.173221873312381e7,6,0.056062936782836914,false
2062,1.3395580433665091e8,2.673397552337426e7,7,0.059628963470458984,false
2063,1.3395815668205288e8,5.823796521519512e7,14,0.10896611213684082,false
2064,1.3395904966049466e8,2.4879355593069747e7,8,0.059541940689086914,false
2065,1.3395908080001083e8,1.0457840903350225e8,17,0.13563895225524902,false
2066,1.3396201756581329e8,1.0025641691129386e7,3,0.029651880264282227,false
2067,1.3396216779312564e8,6.737520539054751e6,2,0.021781206130981445,false
2068,1.3396292368464898e8,4.530100339731468e7,13,0.09561586380004883,false
2069,1.3396297143014064e8,1.3798376619907409e7,4,0.03916811943054199,false
2070,1.3396381946819133e8,4.525458627971694e7,12,0.07687687873840332,false
2071,1.33964399192282e8,3.8898021883569956e7,9,0.07266592979431152,false
2072,1.3396512431447583e8,8.753318979493043e7,24,0.16362404823303223,false
2073,1.3396571525636691e8,6.948092774710819e7,13,0.1041560173034668,false
2074,1.339657152563669e8,3.2602546599999964e6,1,0.014346122741699219,false
2075,1.3396579460504106e8,4.7336024082139e7,10,0.07341790199279785,false
2076,1.3396672900584124e8,1.0261795581401736e7,3,0.033863067626953125,false
2077,1.3396868452565128e8,5.468714508531733e7,17,0.11957097053527832,false
2078,1.3396903280899404e8,6.078859839784385e7,13,0.10369205474853516,false
2079,1.3397182035295285e8,2.8982206044963384e8,41,0.2843918800354004,false
2080,1.3397188213932331e8,8.4528716577214e6,2,0.024187088012695312,false
2081,1.3397210960843728e8,2.1431286527125522e7,7,0.05814003944396973,false
2082,1.3397462928598778e8,1.4894381854421258e7,4,0.03843498229980469,false
2083,1.3397500913266088e8,3.589452075699052e7,7,0.06267905235290527,false
2084,1.3397511562331805e8,5.131317529907912e7,9,0.07511091232299805,false
2085,1.3397536816981183e8,1.489233112156035e7,4,0.037329912185668945,false
2086,1.3397536816981183e8,3.3685836099999994e6,1,0.014613151550292969,false
2087,1.3397564051867081e8,3.0383881320310965e7,9,0.0727698802947998,false
2088,1.3397570305266227e8,6.306211468777233e7,19,0.13680601119995117,false
2089,1.3397570305266228e8,3.3685836099999994e6,1,0.014890909194946289,false
2090,1.3397706094710055e8,7.593030389642e6,2,0.02454400062561035,false
2091,1.3397853341490479e8,4.699524877218896e7,8,0.06636619567871094,false
2092,1.3397938477045295e8,1.227136306023799e8,32,0.23152685165405273,false
2093,1.3398170442564876e8,3.385118169999987e6,1,0.016138076782226562,false
2094,1.3398325827411316e8,7.979868108137071e6,2,0.0233609676361084,false
2095,1.3398326748542827e8,3.3685836100000143e6,1,0.015217065811157227,false
2096,1.339835233510311e8,9.31576502778618e6,3,0.029729843139648438,false
2097,1.3398381415862828e8,9.765549894636407e6,3,0.0292050838470459,false
2098,1.3398407209473498e8,3.57656508684815e7,8,0.06641507148742676,false
2099,1.3398506071450569e8,2.9920337879953846e7,10,0.07543587684631348,false
2100,1.3398616881529355e8,3.0036806974206418e7,7,0.0561070442199707,false
2101,1.3398630503183004e8,7.477034362609947e7,13,0.09974312782287598,false
2102,1.3398696281102242e8,2.8117277843547523e7,6,0.0492558479309082,false
2103,1.3398761968154024e8,3.385118169999987e6,1,0.016141176223754883,false
2104,1.3398818662794435e8,6.374377024275398e7,16,0.11703777313232422,false
2105,1.3398818662794438e8,3.385118169999987e6,1,0.01627802848815918,false
2106,1.3398935177637905e8,6.456133553076038e7,17,0.1322021484375,false
2107,1.3399201756491287e8,9.830213441416353e6,3,0.029922962188720703,false
2108,1.3399539535418841e8,7.18780014192611e7,13,0.08997488021850586,false
2109,1.3399554170327866e8,2.6219558818907112e7,7,0.060563087463378906,false
2110,1.3400090567358825e8,8.82995087878826e7,11,0.07423806190490723,false
2111,1.3400211637337065e8,4.7707753216252506e7,11,0.08223891258239746,false
2112,1.3400322779108801e8,1.8003584715584397e7,4,0.0369110107421875,false
2113,1.3400324527452266e8,8.278032739201477e7,15,0.11536097526550293,false
2114,1.3400371661143366e8,1.761872219875534e7,5,0.041906118392944336,false
2115,1.3400499939616552e8,5.207434779285617e7,13,0.1003420352935791,false
2116,1.340050971767869e8,6.884095117856711e6,2,0.024336814880371094,false
2117,1.3400604858130173e8,1.1109599428741285e8,17,0.13184714317321777,false
2118,1.340075558181211e8,4.547259303583002e7,12,0.08936691284179688,false
2119,1.3400825910563833e8,3.3685836100000143e6,1,0.01574110984802246,false
2120,1.3400829848879285e8,8.289909864932892e7,15,0.12470197677612305,false
2121,1.340082984887928e8,3.3685836100000143e6,1,0.015390872955322266,false
2122,1.3400859120580247e8,3.3685836099999994e6,1,0.014503002166748047,false
2123,1.3401050026173449e8,5.8973689275915086e7,18,0.13405108451843262,false
2124,1.3401112933308782e8,1.409434018283692e7,4,0.03534889221191406,false
2125,1.3401183579983157e8,2.2636868682908535e7,6,0.054763078689575195,false
2126,1.340128919664605e8,2.3081654382444486e7,7,0.057852983474731445,false
2127,1.3401289196646048e8,3.3685836100000143e6,1,0.016271114349365234,false
2128,1.340148504799584e8,9.225134264233828e6,2,0.024091005325317383,false
2129,1.3401496102560665e8,6.7382984356532395e6,2,0.022517919540405273,false
2130,1.3401525332300898e8,1.0140632078368515e7,3,0.030822038650512695,false
2131,1.3401567370699593e8,1.012288103508383e7,3,0.02965092658996582,false
2132,1.340162337085116e8,1.0961861683327824e7,3,0.03129911422729492,false
2133,1.340167182842947e8,1.3367004040834293e7,4,0.03769493103027344,false
2134,1.3401796445012322e8,6.774862009212434e6,2,0.027710914611816406,false
2135,1.3401796938602701e8,2.9216931069999874e7,7,0.06091499328613281,false
2136,1.340181037150944e8,4.1655564638941586e7,8,0.07355809211730957,false
2137,1.3402456371640092e8,4.571852219320917e7,12,0.08490204811096191,false
2138,1.3402483377640213e8,2.506880012029116e8,41,0.28731393814086914,false
2139,1.3402486675347659e8,4.487582300000012e6,1,0.015327930450439453,false
2140,1.3402647894866113e8,4.884536486283019e7,9,0.07969403266906738,false
2141,1.340274473109342e8,1.9393540327814728e7,4,0.04083704948425293,false
2142,1.340277176020566e8,6.737520539054766e6,2,0.022567033767700195,false
2143,1.3402871411289607e8,3.515584097759104e7,9,0.0762939453125,false
2144,1.340313217165036e8,9.23699206027627e6,2,0.02374887466430664,false
2145,1.340315025883324e8,1.79987365244212e7,5,0.04573416709899902,false
2146,1.3403159202990313e8,2.5974863019645682e8,53,0.39428186416625977,false
2147,1.3403168973322773e8,5.907039967119351e7,16,0.1264359951019287,false
2148,1.3403170475791043e8,7.974884961055806e7,17,0.13977813720703125,false
2149,1.3403233582733475e8,1.5266341576066375e7,4,0.04167485237121582,false
2150,1.3403250911865473e8,3.854284686761825e7,10,0.0782630443572998,false
2151,1.3403250911865476e8,3.3685836100000143e6,1,0.01592397689819336,false
2152,1.3403261921900336e8,8.691790807044092e7,17,0.1339881420135498,false
2153,1.3403268739279158e8,1.3617394889448345e7,4,0.04019594192504883,false
2154,1.3403277311987512e8,8.20715581260263e7,16,0.1196908950805664,false
2155,1.3403780878190786e8,2.774840094981143e7,5,0.04574704170227051,false
2156,1.3403841926788881e8,1.3763837129594594e7,4,0.04118514060974121,false
2157,1.3403937022253418e8,3.22710102134272e7,8,0.06324386596679688,false
2158,1.3403972302956226e8,4.487582300000012e6,1,0.01571202278137207,false
2159,1.3403978915359512e8,3.4873960505476296e6,1,0.016022920608520508,false
2160,1.3404000280160764e8,5.963807774917588e7,22,0.1320171356201172,false
2161,1.3404021482335597e8,2.779278212761712e7,9,0.06763887405395508,false
2162,1.3404032210179931e8,9.992989097145616e7,21,0.16492104530334473,false
2163,1.3404039753388204e8,4.4892261663546756e7,14,0.10218214988708496,false
2164,1.340405127609606e8,3.2077678997466475e7,10,0.07090091705322266,false
2165,1.3404060175697733e8,1.892085927695313e7,5,0.047879934310913086,false
2166,1.3404112483325052e8,3.428864330455607e7,8,0.07747697830200195,false
2167,1.340432797946685e8,2.9512381582839772e7,8,0.0724630355834961,false
2168,1.3404337252747062e8,4.195973284338085e7,8,0.07253098487854004,false
2169,1.3404440464783338e8,3.1853487819471776e7,9,0.0778040885925293,false
2170,1.340445484324303e8,1.4110101716537654e7,3,0.0361480712890625,false
2171,1.3404529341981995e8,5.856746703201288e7,16,0.12790679931640625,false
2172,1.3404537583798772e8,1.70192451601976e7,5,0.04760909080505371,false
2173,1.3404569294177753e8,1.3295462630251925e8,26,0.19906306266784668,false
2174,1.3404643316852538e8,2.8808103462315425e7,10,0.06644392013549805,false
2175,1.3404856117098899e8,3.385118169999987e6,1,0.0157470703125,false
2176,1.34048561170989e8,3.3685836100000143e6,1,0.015542984008789062,false
2177,1.3404879212763812e8,1.394042306514187e8,33,0.24465298652648926,false
2178,1.3404920913029185e8,1.8074146114532724e7,5,0.0467379093170166,false
2179,1.3404962661777532e8,3.0222568820505247e7,10,0.07603597640991211,false
2180,1.3405086983773802e8,3.385118169999987e6,1,0.016451120376586914,false
2181,1.3405088270065829e8,6.628732730000004e6,2,0.024764060974121094,false
2182,1.3405102488969731e8,1.890001668396738e7,5,0.048111915588378906,false
2183,1.3405106462491955e8,4.780223416156368e7,12,0.09221601486206055,false
2184,1.3405149606644629e8,2.7468025962051347e7,8,0.07026886940002441,false
2185,1.3405158386530286e8,2.302994488910167e7,7,0.059906005859375,false
2186,1.3405182795932825e8,3.3040911443485588e7,8,0.06870317459106445,false
2187,1.34051980861264e8,6.990519913093343e7,15,0.1159520149230957,false
2188,1.3405201974463156e8,3.385118169999987e6,1,0.016225814819335938,false
2189,1.3405214323858489e8,7.163567145314921e7,13,0.10950517654418945,false
2190,1.340530840339453e8,1.585291376039368e7,4,0.0433039665222168,false
2191,1.340531158578895e8,3.385118169999987e6,1,0.0166778564453125,false
2192,1.3405349863125831e8,4.850425418090889e7,8,0.07111001014709473,false
2193,1.3405491228594789e8,8.517406164558384e7,12,0.08751511573791504,false
2194,1.3405738640474182e8,9.871828986073956e7,16,0.12798690795898438,false
2195,1.3405915668364936e8,5.998504511366108e7,11,0.09141802787780762,false
2196,1.3405926809929039e8,1.0640279059925735e7,3,0.03396415710449219,false
2197,1.3405931697784318e8,1.6207710876210642e8,20,0.14835691452026367,false
2198,1.340603915861401e8,4.323916815112379e7,8,0.07264590263366699,false
2199,1.3406085064613384e8,7.873128165866241e7,17,0.1454939842224121,false
2200,1.3406089325156729e8,3.554801548074603e7,7,0.06513619422912598,false
2201,1.340615098287832e8,8.382525811297876e7,16,0.12310385704040527,false
2202,1.3406212986576833e8,4.1804883820880085e7,7,0.06503796577453613,false
2203,1.3406261122568773e8,3.064081720803763e7,8,0.06441307067871094,false
2204,1.3406290078217812e8,9.14847059310361e7,21,0.1695249080657959,false
2205,1.3406322961834563e8,3.2170928241790324e7,6,0.060648202896118164,false
2206,1.3406359386249149e8,3.767857443716183e7,6,0.052803993225097656,false
2207,1.340637722579019e8,8.963771757721424e6,2,0.040657997131347656,false
2208,1.3406563921616979e8,5.836536724473676e7,10,0.08220386505126953,false
2209,1.3406596745352685e8,6.738028460000008e6,2,0.025870084762573242,false
2210,1.3406623539313999e8,3.3685836100000143e6,1,0.016952991485595703,false
2211,1.3406641303447786e8,7.032821541332674e7,13,0.10655093193054199,false
2212,1.3406642793296972e8,6.737168533749491e6,2,0.026920080184936523,false
2213,1.3406648979060271e8,2.371649949154939e8,46,0.3631119728088379,false
2214,1.3406659388731533e8,9.705982893443707e7,18,0.1460130214691162,false
2215,1.3406678888573694e8,8.595421969551708e7,21,0.16720294952392578,false
2216,1.340680367383959e8,7.564814382703644e7,16,0.11886310577392578,false
2217,1.3406872783859341e8,2.120911704224944e7,6,0.056729793548583984,false
2218,1.3406892810922515e8,3.315900367083974e7,9,0.07624411582946777,false
2219,1.3406895708418044e8,3.556838873605195e7,7,0.06428194046020508,false
2220,1.3406923608552653e8,2.8701393030766636e7,7,0.06621503829956055,false
2221,1.3406932250223687e8,4.476064280000001e6,1,0.01609206199645996,false
2222,1.3406932250223723e8,3.3685836100000143e6,1,0.015651941299438477,false
2223,1.3406964291917056e8,1.8485937376158595e7,6,0.05539107322692871,false
2224,1.3406988704281305e8,1.2314542905763328e7,3,0.03450202941894531,false
2225,1.3407016349046181e8,4.6282659596702754e7,8,0.07006597518920898,false
2226,1.3407107818721426e8,1.6621495629868e7,4,0.04171395301818848,false
2227,1.3407120801496504e8,6.75359624000001e6,2,0.02750086784362793,false
2228,1.3407124413452846e8,2.6028703858871877e7,6,0.053395986557006836,false
2229,1.3407127573141055e8,2.372346155386409e7,7,0.06865620613098145,false
2230,1.3407134078498773e8,1.2884429349849433e7,4,0.04142880439758301,false
2231,1.3407432461294009e8,3.434128606097929e7,10,0.07534313201904297,false
2232,1.3407469384052232e8,2.910775906080742e7,9,0.0741279125213623,false
2233,1.3407469384052232e8,6.98677911725983e6,2,0.02505803108215332,false
2234,1.3407507909371947e8,1.351441882357502e7,4,0.03971409797668457,false
2235,1.3407528463880616e8,2.5611098576744705e7,6,0.05743885040283203,false
2236,1.3407672570864132e8,2.4984614366816208e7,6,0.050803184509277344,false
2237,1.3407683172033763e8,6.737061679999992e6,2,0.024026870727539062,false
2238,1.3407686510033947e8,3.3685628890626132e6,1,0.016026973724365234,false
2239,1.3407689168363513e8,2.8052979049709752e7,9,0.07122015953063965,false
2240,1.3407818850291306e8,2.397234729522568e7,6,0.054708003997802734,false
2241,1.340784238372935e8,5.672136031970014e7,16,0.12689995765686035,false
2242,1.3408151154983968e8,1.4864026063785523e7,3,0.03532981872558594,false
2243,1.3408151961971262e8,6.737061680000007e6,2,0.026905059814453125,false
2244,1.3408246153769016e8,1.1144672551588681e8,19,0.14535307884216309,false
2245,1.340853027953315e8,1.3493438685251877e8,21,0.17222285270690918,false
2246,1.340855109778086e8,3.385118169999987e6,1,0.016885042190551758,false
2247,1.3408553494279857e8,1.000131957886979e7,3,0.03255009651184082,false
2248,1.3408555486022928e8,4.681932852642247e7,12,0.0933530330657959,false
2249,1.3408562694566768e8,5.833470661001903e7,11,0.07979989051818848,false
2250,1.3408635954314813e8,4.455903294796577e7,10,0.07642602920532227,false
2251,1.3408810989799543e8,3.499009610547632e6,1,0.01648998260498047,false
2252,1.3408815799042487e8,2.865524879914385e7,5,0.052050113677978516,false
2253,1.3408821279310873e8,7.952621107734987e7,19,0.1522989273071289,false
2254,1.340888565035191e8,2.5501942689658225e7,5,0.04849100112915039,false
2255,1.3409055801712601e8,1.2117550386279613e7,4,0.03839111328125,false
2256,1.3409119135742769e8,2.8911672774331987e7,5,0.048439979553222656,false
2257,1.3409204348219699e8,8.49958983560872e6,2,0.024734020233154297,false
2258,1.3409218159779309e8,6.105593377772817e7,14,0.11525177955627441,false
2259,1.3409224059100561e8,6.471995400527415e7,11,0.09560608863830566,false
2260,1.3409234854197437e8,6.7375205390547365e6,2,0.024766921997070312,false
2261,1.3409238858418754e8,1.8759932791421834e8,30,0.2436521053314209,false
2262,1.340924192905764e8,1.001420115928115e7,3,0.035208940505981445,false
2263,1.3409302612132908e8,1.2216127689319104e7,3,0.03167414665222168,false
2264,1.3409307933835495e8,1.4199658194130212e7,4,0.04196882247924805,false
2265,1.3409330875819041e8,6.75359624000001e6,2,0.023745059967041016,false
2266,1.3409442619898476e8,7.592904419470459e6,2,0.024971961975097656,false
2267,1.3409449680183928e8,6.9082878896369e7,14,0.11582398414611816,false
2268,1.3409460633764343e8,2.483358800185429e8,30,0.22910213470458984,false
2269,1.3409491060940762e8,4.508002155897237e7,15,0.11022305488586426,false
2270,1.3409582382011847e8,1.5478392967135993e8,30,0.2275989055633545,false
2271,1.3409600696421187e8,1.6646157757007554e7,5,0.04578900337219238,false
2272,1.3409607058926126e8,1.6867720450650126e7,5,0.04709005355834961,false
2273,1.3409625959070094e8,2.36048378816112e7,7,0.05831599235534668,false
2274,1.3409717319728738e8,2.8376368493381858e7,6,0.05441093444824219,false
2275,1.3409717319728735e8,3.3685836100000143e6,1,0.015490055084228516,false
2276,1.3409806817792937e8,4.73864220609476e7,8,0.07594895362854004,false
2277,1.340984233970007e8,1.6416238381273344e7,4,0.04019498825073242,false
2278,1.3409882555801313e8,3.385118169999987e6,1,0.016566991806030273,false
2279,1.3409898362616037e8,3.3685836100000143e6,1,0.016051054000854492,false
2280,1.3409956103090312e8,1.766827251587054e7,4,0.04139399528503418,false
2281,1.3409976167846745e8,4.476064280000001e6,1,0.016669034957885742,false
2282,1.3409998221132767e8,1.1792209887959829e8,20,0.16355085372924805,false
2283,1.3410114374357793e8,5.218729465230715e7,9,0.0827181339263916,false
2284,1.3410131525086455e8,2.5105311997558713e7,5,0.046705007553100586,false
2285,1.3410131525086457e8,3.3685836100000143e6,1,0.0157928466796875,false
2286,1.3410158866869807e8,1.0139185725274444e7,3,0.03382110595703125,false
2287,1.3410247825474583e8,6.619187866381377e7,12,0.09565091133117676,false
2288,1.3410259242976883e8,3.2263174559895933e7,10,0.0791170597076416,false
2289,1.3410359440760437e8,6.7374482987422645e6,2,0.024830102920532227,false
2290,1.3410490154642019e8,3.3685836099999994e6,1,0.01569986343383789,false
2291,1.3410597310567842e8,1.3580546759153694e7,4,0.03720402717590332,false
2292,1.3410621182897523e8,3.018796130423689e7,7,0.06644701957702637,false
2293,1.3410627140402608e8,5.158845037509057e7,13,0.10433387756347656,false
2294,1.3410904566950673e8,1.2437622917954755e8,19,0.14562320709228516,false
2295,1.3410906654466633e8,2.4236797209038496e7,7,0.06510782241821289,false
2296,1.3410927113558786e8,3.3685836100000143e6,1,0.015635967254638672,false
2297,1.341093764471494e8,3.3685628890626132e6,1,0.015519142150878906,false
2298,1.341094023509452e8,6.69675446167109e7,12,0.10043191909790039,false
2299,1.3410995652324615e8,6.754157021124452e6,2,0.025352001190185547,false
2300,1.3411022304538545e8,4.423549687251824e7,8,0.07416605949401855,false
2301,1.3411027430106723e8,3.385118169999987e6,1,0.017312049865722656,false
2302,1.341103191014784e8,6.250713267619032e7,16,0.13423585891723633,false
2303,1.3411031910147841e8,3.3685836099999994e6,1,0.01585102081298828,false
2304,1.341103191014784e8,3.385118169999987e6,1,0.017213106155395508,false
2305,1.341105746625127e8,9.517470923534662e6,3,0.035086870193481445,false
2306,1.3411072844781198e8,1.778090193025084e7,4,0.04109001159667969,false
2307,1.341107666829075e8,1.08307525636809e8,21,0.14957714080810547,false
2308,1.3411083124370264e8,3.3685836100000143e6,1,0.016613006591796875,false
2309,1.3411083124370264e8,3.3685836099999994e6,1,0.015961885452270508,false
2310,1.341111049728478e8,4.423325513737486e7,12,0.09439206123352051,false
2311,1.3411253458369462e8,9.059998240103602e6,2,0.025808095932006836,false
2312,1.3411255414349422e8,6.7374482987422645e6,2,0.025470972061157227,false
2313,1.341125921190166e8,9.31430645836471e6,3,0.031507015228271484,false
2314,1.3411310003543209e8,1.4816340746132702e7,3,0.03591489791870117,false
2315,1.3411313648482582e8,3.3685628890626132e6,1,0.015851974487304688,false
2316,1.3411323269358952e8,6.486185396429688e7,14,0.10808491706848145,false
2317,1.3411323269358952e8,3.3685836100000143e6,1,0.016390085220336914,false
2318,1.3411404239278446e8,3.416366334856123e7,9,0.10984110832214355,false
2319,1.3411520959116293e8,2.0665735769069836e7,6,0.05440497398376465,false
2320,1.3411609387137349e8,5.7192304716459185e7,12,0.08725905418395996,false
2321,1.3411633616232547e8,2.2812819413043633e7,5,0.050618886947631836,false
2322,1.3411645463188021e8,9.911256021004443e7,23,0.1552879810333252,false
2323,1.3411705413883738e8,3.3685836100000143e6,1,0.0160830020904541,false
2324,1.3411707163932928e8,6.737311389139667e6,2,0.024732112884521484,false
2325,1.3411741524825105e8,1.945937224572009e7,4,0.042549848556518555,false
2326,1.3411741524825104e8,6.737311389139667e6,2,0.024387121200561523,false
2327,1.3411761759995359e8,6.855874640000001e6,2,0.024354934692382812,false
2328,1.341179020663438e8,7.46760853995773e7,21,0.16637897491455078,false
2329,1.3411832959396161e8,1.6521499726770476e7,5,0.048460960388183594,false
2330,1.341183724864635e8,1.1896961541103989e7,3,0.03340005874633789,false
2331,1.3411945117455506e8,1.929059167547992e8,34,0.26120805740356445,false
2332,1.3411960544816144e8,4.3152685498840064e7,8,0.07839584350585938,false
2333,1.3411961698815192e8,1.7140864474651515e7,6,0.0557100772857666,false
2334,1.3411968957569936e8,4.222593616548565e7,11,0.09175705909729004,false
2335,1.3411971259816346e8,1.0207849448756948e7,3,0.03748488426208496,false
2336,1.341204015516339e8,4.4397194680374384e7,10,0.0876471996307373,false
2337,1.3412047084900486e8,1.720628951216942e7,4,0.04522395133972168,false
2338,1.3412054974296035e8,2.447398579878266e7,7,0.06465792655944824,false
2339,1.3412055313352555e8,6.75359624000001e6,2,0.02642202377319336,false
2340,1.3412079539819103e8,1.0887337917176037e8,26,0.2046339511871338,false
2341,1.3412091979647705e8,1.0769011082671112e8,22,0.17384696006774902,false
2342,1.3412171685686353e8,8.346622470430413e7,14,0.1166081428527832,false
2343,1.3412264700745586e8,3.912449991652325e7,9,0.07088398933410645,false
2344,1.3412302661693543e8,4.351425011635262e7,10,0.09012484550476074,false
2345,1.3412305736561939e8,3.3685836099999994e6,1,0.01621413230895996,false
2346,1.3412328162004712e8,2.4283654599455148e7,6,0.058589935302734375,false
2347,1.3412367463835388e8,3.385118169999987e6,1,0.019438982009887695,false
2348,1.3412372834126917e8,2.1814020905983537e7,6,0.06143903732299805,false
2349,1.341237321981179e8,8.478457445608705e6,2,0.026757001876831055,false
2350,1.3412373219811788e8,3.3685836100000143e6,1,0.01609492301940918,false
2351,1.341237321981179e8,7.98730375981468e6,2,0.026621103286743164,false
2352,1.3412398005191721e8,1.5749494052640975e7,5,0.04729795455932617,false
2353,1.3412468215984556e8,1.9331205173484236e7,5,0.0516660213470459,false
2354,1.3412468215984555e8,3.3685628890625983e6,1,0.015716075897216797,false
2355,1.3412494613919647e8,2.4114510265999854e7,6,0.060632944107055664,false
2356,1.341253538841726e8,3.392906153571929e7,8,0.0732419490814209,false
2357,1.3412537831323606e8,1.778686120334062e7,5,0.049263954162597656,false
2358,1.3412540772880162e8,7.292197218058929e7,16,0.12588119506835938,false
2359,1.3412568466639595e8,5.827202764404529e7,17,0.134476900100708,false
2360,1.341263380874452e8,6.974152776857533e7,14,0.1206669807434082,false
2361,1.3412716139281654e8,3.499009610547632e6,1,0.017075061798095703,false
2362,1.3412739625687173e8,2.1826711665664703e7,6,0.05655789375305176,false
2363,1.3412755372965465e8,3.989535796638948e7,10,0.08555912971496582,false
2364,1.3412819496766336e8,1.1883169148039222e7,3,0.03588986396789551,false
2365,1.341282121389838e8,4.301699026471236e7,8,0.07929015159606934,false
2366,1.3412929695495999e8,2.008910576959306e7,6,0.05937600135803223,false
2367,1.3412934278433652e8,3.647346177311e7,7,0.07071900367736816,false
2368,1.341294398036066e8,1.9106092221828848e7,5,0.05036497116088867,false
2369,1.3412950417693456e8,6.7382984356532395e6,2,0.02471303939819336,false
2370,1.341296931048668e8,2.8738104778178334e7,7,0.06824588775634766,false
2371,1.3412982308862494e8,2.7019614309136003e7,6,0.05485701560974121,false
2372,1.3412984355885725e8,5.147756292177671e7,13,0.11280202865600586,false
2373,1.3412992824182998e8,3.3685836100000143e6,1,0.01703500747680664,false
2374,1.341304454733934e8,9.488088420000017e6,2,0.029644012451171875,false
2375,1.3413052862312248e8,1.4619058832812047e8,26,0.21420001983642578,false
2376,1.3413066342620751e8,3.600249473989983e7,10,0.08423089981079102,false
2377,1.3413087133311978e8,1.0341052689423382e7,3,0.034533023834228516,false
2378,1.3413092170546663e8,5.430605710048969e7,16,0.13292193412780762,false
2379,1.3413121221283817e8,1.6055782094969088e8,24,0.19648504257202148,false
2380,1.3413198252226987e8,4.257578495618439e7,11,0.09537005424499512,false
2381,1.3413273142185709e8,6.798369753801793e7,15,0.13065195083618164,false
2382,1.3413295231179532e8,6.897128960000008e6,2,0.0273740291595459,false
2383,1.3413311666448992e8,4.8233259080031574e7,8,0.07674908638000488,false
2384,1.3413311666448991e8,4.487582300000012e6,1,0.01757192611694336,false
2385,1.3413314481821114e8,4.679705504361917e7,14,0.11069488525390625,false
2386,1.3413325776314868e8,2.254406054045518e8,47,0.3798801898956299,false
2387,1.3413332905214591e8,2.497791496318847e7,6,0.05901384353637695,false
2388,1.3413441062484759e8,7.044458410746731e7,16,0.13255095481872559,false
2389,1.341345428205886e8,3.599261084305307e7,11,0.08084821701049805,false
2390,1.341346744988717e8,2.8701888233970195e7,6,0.061264991760253906,false
2391,1.3413474460960922e8,8.815100353394765e7,19,0.14531779289245605,false
2392,1.3413549079632919e8,3.375489427747758e7,8,0.0652310848236084,false
2393,1.3413549079632919e8,3.2602546599999964e6,1,0.016748905181884766,false
2394,1.3413561451580952e8,1.3165127551802248e7,4,0.04268813133239746,false
2395,1.3413581332771894e8,1.9752411947315887e7,6,0.05419588088989258,false
2396,1.3413590068107882e8,1.3090299240443197e8,23,0.19841504096984863,false
2397,1.3413633140279146e8,1.7116639935585323e8,33,0.27377915382385254,false
2398,1.3413633140279147e8,3.499009610547632e6,1,0.017756938934326172,false
2399,1.3413677665999521e8,5.443033957603085e7,14,0.1241769790649414,false
2400,1.3413737188498951e8,3.2660827172685757e7,9,0.07827091217041016,false
2401,1.3413737188499682e8,3.385118169999987e6,1,0.017383098602294922,false
2402,1.3413755444180015e8,6.753867979683369e6,2,0.027157068252563477,false
2403,1.3413816252535558e8,7.003758344461976e7,14,0.12203478813171387,false
2404,1.34138206065075e8,2.7559483890867278e7,6,0.05963301658630371,false
2405,1.3413872627649264e8,3.385118169999987e6,1,0.017629146575927734,false
2406,1.3413912702189013e8,7.334803593643513e7,18,0.1530439853668213,false
2407,1.341391270218901e8,3.499009610547632e6,1,0.01807093620300293,false
2408,1.3413914977059509e8,1.2573052251739264e7,4,0.041708946228027344,false
2409,1.3413930809002219e8,2.230352928191665e7,7,0.062319040298461914,false
2410,1.3413954027058578e8,1.3797410506879792e7,4,0.04280209541320801,false
2411,1.3413955992306562e8,2.826978659038934e7,7,0.07105302810668945,false
2412,1.3413986247165377e8,6.283794113382329e7,17,0.14537286758422852,false
2413,1.3414133066812247e8,7.725341151659524e7,21,0.16192317008972168,false
2414,1.3414147299911882e8,6.737404556715906e6,2,0.025677919387817383,false
2415,1.3414158773765925e8,3.6298578522461355e7,8,0.07974791526794434,false
2416,1.3414170984745403e8,3.827991231240824e7,7,0.07093310356140137,false
2417,1.3414206462771113e8,3.0558452994309694e7,7,0.07088685035705566,false
2418,1.3414225779121396e8,1.2939260589983518e8,28,0.23006200790405273,false
2419,1.3414288603928642e8,2.32639012734968e8,48,0.3686959743499756,false
2420,1.3414351124391238e8,2.9835443223876446e7,9,0.07013702392578125,false
2421,1.3414412970341606e8,1.136773665727368e7,3,0.03596997261047363,false
2422,1.3414441793217966e8,3.503635384301248e7,10,0.08451700210571289,false
2423,1.3414478938848299e8,6.737264439766109e6,2,0.025445222854614258,false
2424,1.3414478938848297e8,3.3685628890625983e6,1,0.016424894332885742,false
2425,1.3414489729726754e8,8.400849948984572e7,20,0.16513299942016602,false
2426,1.3414538964487693e8,8.07149828377226e6,2,0.027698993682861328,false
2427,1.3414552588856775e8,3.3685836100000143e6,1,0.01704692840576172,false
2428,1.3414782587821993e8,6.018993687733039e7,12,0.09067010879516602,false
2429,1.3414782587822092e8,3.3685836100000143e6,1,0.017752885818481445,false
2430,1.3414785514647359e8,1.0110058700165883e7,3,0.03686809539794922,false
2431,1.3414815874869148e8,1.708042742415996e7,5,0.051187992095947266,false
2432,1.3414836859553128e8,7.575843710000008e6,2,0.026746034622192383,false
2433,1.3414853514495549e8,1.9738164226315975e7,5,0.05459403991699219,false
2434,1.3414858328845233e8,1.2298266877035624e8,20,0.16889691352844238,false
2435,1.3414883174521537e8,5.224749818619405e7,15,0.12471508979797363,false
2436,1.3414883174521536e8,6.737346376672581e6,2,0.025213003158569336,false
2437,1.341488953911838e8,2.1921817927714273e7,7,0.05930900573730469,false
2438,1.3415049687859362e8,2.8769280995875776e7,6,0.06148982048034668,false
2439,1.34150621841459e8,3.2903204488595903e7,7,0.07424616813659668,false
2440,1.3415134274679706e8,1.2737680817250133e7,3,0.035871028900146484,false
2441,1.3415187261091363e8,1.3372141883921951e7,3,0.040280818939208984,false
2442,1.341519899927298e8,5.7367113336447015e7,16,0.13568711280822754,false
2443,1.3415217474522611e8,9.608497839849427e6,3,0.035368919372558594,false
2444,1.341522657657493e8,1.734234399800897e8,36,0.2864220142364502,false
2445,1.3415256772687341e8,1.5342181668746188e7,5,0.04964709281921387,false
2446,1.3415315302631763e8,7.169387269443959e6,2,0.028648853302001953,false
2447,1.341534221392254e8,1.3461394419999987e7,3,0.03765511512756348,false
2448,1.3415406994282365e8,7.854072975169097e7,18,0.1568899154663086,false
2449,1.3415581337227915e8,3.746001897245252e7,10,0.08885312080383301,false
2450,1.3415585825472519e8,1.3279655413570657e7,4,0.0459599494934082,false
2451,1.341559200889732e8,2.506062641330588e7,7,0.06465506553649902,false
2452,1.3415599936909169e8,1.0998828248155972e8,20,0.1819758415222168,false
2453,1.3415633095532887e8,9.408076810213405e7,18,0.15653395652770996,false
2454,1.3415700946803945e8,3.3025595815346807e7,7,0.07054710388183594,false
2455,1.3415705658354159e8,3.921803180934052e7,9,0.07170605659484863,false
2456,1.3415709164919473e8,2.0208643063794866e7,6,0.06137204170227051,false
2457,1.3415709164919472e8,3.385118169999987e6,1,0.020756006240844727,false
2458,1.3415710189104393e8,1.922504817269838e7,6,0.061029911041259766,false
2459,1.341574907252681e8,6.7376935981570035e6,2,0.025964975357055664,false
2460,1.3415765548272268e8,3.408318745402381e7,8,0.07665801048278809,false
2461,1.3415793442679e8,2.2107942449399263e7,5,0.05600595474243164,false
2462,1.3415793442679e8,3.3685836100000143e6,1,0.01665496826171875,false
2463,1.341580142602557e8,1.6219384790874425e8,32,0.2829301357269287,false
2464,1.3415837199547336e8,1.2056874421104014e7,3,0.03809690475463867,false
2465,1.3415906267988892e8,2.9431737338863313e7,7,0.07062792778015137,false
2466,1.3415940694186482e8,7.873015903401524e6,2,0.02768707275390625,false
2467,1.3415949376024602e8,5.803469333910841e7,18,0.14473795890808105,false
2468,1.3415955171367677e8,1.518726723917666e7,4,0.045751094818115234,false
2469,1.341596269373324e8,4.7928445737587884e7,13,0.10546994209289551,false
2470,1.341596600803922e8,6.737061679999992e6,2,0.026301145553588867,false
2471,1.3415995402773242e8,6.803419232641152e7,12,0.10921382904052734,false
2472,1.3415996972753255e8,1.910559840373555e8,24,0.19623017311096191,false
2473,1.341601632513433e8,3.288534935574749e7,7,0.07331299781799316,false
2474,1.3416060093882304e8,1.1714314891755077e8,21,0.1847398281097412,false
2475,1.3416137740538156e8,1.8484027069512606e7,5,0.053002119064331055,false
2476,1.341625866459121e8,3.2622937182146028e7,8,0.07657790184020996,false
2477,1.3416279131088223e8,1.3491886978642419e7,4,0.042539119720458984,false
2478,1.3416279131088224e8,3.499009610547632e6,1,0.017499923706054688,false
2479,1.3416292627523e8,1.8126889893573508e7,6,0.05587291717529297,false
2480,1.3416395696276395e8,7.605203043428063e6,2,0.027009010314941406,false
2481,1.3416524522500734e8,6.754157021124452e6,2,0.026826143264770508,false
2482,1.3416528092128351e8,7.282704533636004e6,2,0.027693986892700195,false
2483,1.341653431999033e8,7.48157910456808e7,16,0.1403179168701172,false
2484,1.3416553866781117e8,1.3485267213472053e7,4,0.04361891746520996,false
2485,1.341660125470038e8,1.5436175664030492e7,4,0.04338216781616211,false
2486,1.3416627098368633e8,6.935039023362413e7,14,0.12150788307189941,false
2487,1.3416660303396218e8,4.300308074103588e7,8,0.0701589584350586,false
2488,1.3416684656813845e8,2.9480818107087925e7,9,0.07961010932922363,false
2489,1.3416689158089054e8,9.289849172213162e7,21,0.18058109283447266,false
2490,1.3416698035287847e8,2.2403156171747744e7,6,0.06162691116333008,false
2491,1.3416698035287847e8,3.3685836100000143e6,1,0.017438888549804688,false
2492,1.3416701969828574e8,1.6645197972961769e7,5,0.050981998443603516,false
2493,1.3416701969828573e8,3.3685836100000143e6,1,0.016758203506469727,false
2494,1.3416766988107774e8,9.467185884233862e6,2,0.02779388427734375,false
2495,1.3416906403520441e8,1.2939236628127903e7,3,0.03743791580200195,false
2496,1.3416915126637939e8,1.4493267714841008e7,5,0.048415184020996094,false
2497,1.3416921396602549e8,1.1881136191903293e7,3,0.03689098358154297,false
2498,1.3416958985699148e8,1.959259402935858e7,6,0.05832386016845703,false
2499,1.3416963411862797e8,1.0254238961794525e7,3,0.0380251407623291,false
2500,1.3416974313697483e8,1.6971719206863925e7,5,0.05010795593261719,false
2501,1.3416993558095832e8,1.4460533865132102e8,28,0.24758005142211914,false
2502,1.3417021032038683e8,1.5908063789750963e7,4,0.0474858283996582,false
2503,1.3417040545095347e8,7.81826266091136e7,15,0.13550305366516113,false
2504,1.3417104518737549e8,9.859366183941856e7,18,0.1635580062866211,false
2505,1.3417235031030476e8,1.0106610845795482e7,3,0.03763294219970703,false
2506,1.341725215828431e8,1.8526054575460017e7,5,0.0544741153717041,false
2507,1.3417298052148467e8,6.168130077510211e7,11,0.08593297004699707,false
2508,1.3417313401976408e8,2.8811270591265664e7,9,0.08045291900634766,false
2509,1.3417441885667491e8,4.3709698778137624e7,11,0.09612703323364258,false
2510,1.3417449157733482e8,6.919599005706406e7,19,0.15752696990966797,false
2511,1.3417465155411947e8,7.838631634720834e7,16,0.13722801208496094,false
2512,1.341746640218591e8,4.681183281827466e7,8,0.08004498481750488,false
2513,1.3417468310638337e8,5.359002282130414e7,13,0.11547708511352539,false
2514,1.3417469777766174e8,2.1765845835730672e7,6,0.0620570182800293,false
2515,1.341748287636103e8,4.76496219215782e7,12,0.10099387168884277,false
2516,1.34175297856011e8,1.482591597061783e7,4,0.04721713066101074,false
2517,1.3417536491827169e8,3.010789867160648e7,6,0.0655369758605957,false
2518,1.3417543388554448e8,7.650045553960107e7,18,0.1615900993347168,false
2519,1.3417572427898705e8,1.8033045583440873e8,34,0.2430880069732666,false
2520,1.3417573992021874e8,3.9021575401960686e7,11,0.09019899368286133,false
2521,1.3417578122532439e8,8.134374595255494e6,2,0.02853083610534668,false
2522,1.341759589155781e8,6.867940414141193e6,2,0.02634716033935547,false
2523,1.3417621447164781e8,2.4375201302445605e8,34,0.28740382194519043,false
2524,1.3417723553829397e8,3.408066307001451e7,7,0.06914114952087402,false
2525,1.3417746482832424e8,4.278175637907708e7,8,0.08009004592895508,false
2526,1.341776233133046e8,4.958220250540594e8,75,0.5883388519287109,false
2527,1.3417762331330463e8,3.499009610547632e6,1,0.01847696304321289,false
2528,1.3417764835312057e8,7.058703533636004e6,2,0.04033398628234863,false
2529,1.3417814047329375e8,1.3524172168372229e7,4,0.05285906791687012,false
2530,1.3417817239173836e8,1.3861595936220616e7,4,0.04529404640197754,false
2531,1.3417857326981866e8,4.30997867459932e7,11,0.09507203102111816,false
2532,1.3417859227452798e8,1.2871395992258564e7,4,0.044896841049194336,false
2533,1.3417870328197926e8,2.24041619851937e7,5,0.050382137298583984,false
2534,1.341788123317574e8,3.49839842140349e7,7,0.06662607192993164,false
2535,1.341793697885033e8,1.2606034627916276e7,3,0.037892818450927734,false
2536,1.3417937522024348e8,1.0475965247678815e8,19,0.17730212211608887,false
2537,1.3417942445228642e8,1.4933717052419394e7,5,0.04928088188171387,false
2538,1.34179601489016e8,3.646183483982316e7,10,0.09162306785583496,false
2539,1.3417962313563606e8,5.551310032295084e7,15,0.12746000289916992,false
2540,1.341796701429389e8,1.0125803405778527e7,3,0.03731489181518555,false
2541,1.3417993843863873e8,3.499009610547632e6,1,0.01850414276123047,false
2542,1.3417993843863872e8,8.134374595255494e6,2,0.027770042419433594,false
2543,1.341800927096776e8,1.0139765807945848e7,3,0.037674903869628906,false
2544,1.3418027167878275e8,1.260133661895777e8,23,0.1947929859161377,false
2545,1.3418050790422857e8,5.119989668780452e7,13,0.11687493324279785,false
2546,1.3418059076225042e8,1.3154141802096382e7,4,0.04674100875854492,false
2547,1.3418061132777107e8,1.973019689894037e7,6,0.06045198440551758,false
2548,1.3418086388224995e8,1.6537564001986113e8,25,0.22384214401245117,false
2549,1.3418104657189435e8,1.2945575682881981e8,22,0.18922090530395508,false
2550,1.3418141958967601e8,7.940987885739714e6,2,0.02701711654663086,false
2551,1.3418179288174464e8,3.886049209694028e7,7,0.06697797775268555,false
2552,1.341819968067039e8,5.053819050655809e7,8,0.07993292808532715,false
2553,1.3418244598648258e8,8.188371620706907e7,16,0.14951395988464355,false
2554,1.341824898916926e8,1.8098543366207615e7,5,0.05499601364135742,false
2555,1.3418427293375339e8,5.5599601346480876e7,10,0.09357118606567383,false
2556,1.3418464791281445e8,1.985208418923378e7,4,0.04817080497741699,false
2557,1.3418569685447192e8,7.870243329747264e7,21,0.1860811710357666,false
2558,1.3418675278159484e8,4.445446313185158e7,13,0.09916400909423828,false
2559,1.3418963400190686e8,3.1003694256239086e7,5,0.050604820251464844,false
2560,1.3418968452902648e8,6.754459418637335e6,2,0.0285341739654541,false
2561,1.3419095763310228e8,2.4858327825262576e7,5,0.06096482276916504,false
2562,1.341922240824609e8,1.2707835039183113e8,19,0.17315006256103516,false
2563,1.341922240824609e8,3.385118169999987e6,1,0.018671035766601562,false
2564,1.3419241640506326e8,6.467816799221344e7,20,0.15982890129089355,false
2565,1.3419272683106695e8,1.4616895491744801e7,4,0.04682803153991699,false
2566,1.3419306625942878e8,1.2088551414845929e7,3,0.03681206703186035,false
2567,1.3419326082862732e8,1.693714311446348e7,5,0.05651688575744629,false
2568,1.341935982661038e8,6.753940237473637e6,2,0.026365041732788086,false
2569,1.3419360401002131e8,4.021198190762067e7,13,0.10360002517700195,false
2570,1.3419403894771776e8,1.4349083406158292e8,23,0.21037697792053223,false
2571,1.3419420223376758e8,2.291797526460333e7,7,0.06863999366760254,false
2572,1.341943256832002e8,6.737693598156989e6,2,0.03337717056274414,false
2573,1.341957933905672e8,9.149137015727502e7,15,0.12867379188537598,false
2574,1.3419672450814249e8,6.317665995268214e7,14,0.12964200973510742,false
2575,1.3419687162770356e8,2.464991153162007e7,5,0.054586172103881836,false
2576,1.3419688852422728e8,2.3925539863122255e7,5,0.0539858341217041,false
2577,1.3419759652678296e8,5.659792496204798e7,15,0.1552441120147705,false
2578,1.3419762946307817e8,2.1738881273394316e7,7,0.06470203399658203,false
2579,1.3419769573593557e8,6.737406540961221e6,2,0.027798891067504883,false
2580,1.3419911583994448e8,8.07149828377226e6,2,0.028658151626586914,false
2581,1.3419943325349233e8,4.3193705812411636e7,10,0.08936095237731934,false
2582,1.3420010646980807e8,3.665650630903125e7,7,0.06993484497070312,false
2583,1.3420044111850455e8,7.872781303428054e6,2,0.028632164001464844,false
2584,1.3420050663462679e8,7.883849902496621e7,11,0.09662103652954102,false
2585,1.3420052844474012e8,1.961951988725321e7,7,0.06442499160766602,false
2586,1.3420052844474012e8,3.3685836100000143e6,1,0.017442941665649414,false
2587,1.3420170426141503e8,1.2796966735608995e7,3,0.03809094429016113,false
2588,1.3420172394534373e8,1.235786445036006e7,4,0.04232001304626465,false
2589,1.34201756172512e8,1.958715894565174e7,7,0.05792999267578125,false
2590,1.3420186085233238e8,1.2360071869999975e7,3,0.04054594039916992,false
2591,1.3420209528665899e8,3.0684532493007734e7,10,0.08424711227416992,false
2592,1.3420224835820049e8,1.190236026177457e7,3,0.04097104072570801,false
2593,1.3420239872081214e8,4.165577050617729e7,12,0.10110902786254883,false
2594,1.3420331721232663e8,1.1159036023698837e7,3,0.040738821029663086,false
2595,1.3420333568734485e8,1.245841505320464e7,4,0.04411816596984863,false
2596,1.3420426924111423e8,1.1874682949156508e7,4,0.043771982192993164,false
2597,1.3420436039988464e8,7.872594929999977e6,2,0.030722856521606445,false
2598,1.3420467563194357e8,1.1268000287349284e7,3,0.04207611083984375,false
2599,1.3420467563194364e8,3.3685836100000143e6,1,0.017963886260986328,false
2600,1.3420494348599783e8,8.321138367143102e7,21,0.187913179397583,false
2601,1.3420521565661488e8,2.357913221320069e7,5,0.0586400032043457,false
2602,1.3420541069500428e8,2.4669303671093464e7,7,0.07013487815856934,false
2603,1.3420541069500431e8,3.3685836099999994e6,1,0.0179750919342041,false
2604,1.342054192545191e8,3.5162721705476344e6,1,0.018626928329467773,false
2605,1.3420542709164008e8,3.3685836100000143e6,1,0.01820206642150879,false
2606,1.3420546815694699e8,9.711573768725067e6,3,0.03566884994506836,false
2607,1.3420560074461073e8,1.598922705807399e8,29,0.2608020305633545,false
2608,1.3420583339013931e8,8.779216721914518e7,17,0.1570439338684082,false
2609,1.3420604817393081e8,1.6573766964074224e7,4,0.050118207931518555,false
2610,1.3420606671618593e8,9.05970919866252e6,2,0.02985095977783203,false
2611,1.3420606671618591e8,3.3685836100000143e6,1,0.018690824508666992,false
2612,1.3420606671618593e8,3.3685628890626132e6,1,0.018113136291503906,false
2613,1.3420610881549773e8,3.68812786252227e7,12,0.0942220687866211,false
2614,1.3420615191700368e8,1.8332758721700236e7,5,0.05561089515686035,false
2615,1.3420645123452143e8,5.053751738635349e7,9,0.09195089340209961,false
2616,1.3420742939830007e8,1.442579768667239e7,3,0.03780221939086914,false
2617,1.3420791715961905e8,3.43247086263634e7,6,0.05583691596984863,false
2618,1.3420807238753037e8,1.0124781906658098e7,3,0.03818392753601074,false
2619,1.3420821371515422e8,1.818398465573369e8,31,0.2585611343383789,false
2620,1.342082539757917e8,1.2456446419966847e7,4,0.0446629524230957,false
2621,1.3420826017754708e8,1.558961244105675e8,40,0.33237791061401367,false
2622,1.3420835808336483e8,4.107839085881682e7,12,0.09737205505371094,false
2623,1.3420839537978794e8,1.0425177438135639e7,3,0.037081003189086914,false
2624,1.342084119982022e8,3.064962399010527e8,54,0.47985196113586426,false
2625,1.3420856972524083e8,5.79087436843313e7,16,0.14674901962280273,false
2626,1.3420856972524095e8,3.385118169999987e6,1,0.05154705047607422,false
2627,1.342103434825058e8,8.265186405608714e6,2,0.02891993522644043,false
2628,1.3421041114314659e8,2.7525144285882995e7,7,0.08464193344116211,false
2629,1.3421045575736888e8,1.839339345780042e7,5,0.05327320098876953,false
2630,1.3421047402188376e8,4.487582300000012e6,1,0.018855810165405273,false
2631,1.3421048761852017e8,3.3685836099999994e6,1,0.017762184143066406,false
2632,1.3421086125594679e8,4.9768972122334e7,10,0.08647799491882324,false
2633,1.3421104091796839e8,2.3216456909226254e7,7,0.07166790962219238,false
2634,1.3421104091796839e8,3.3685836100000143e6,1,0.018166065216064453,false
2635,1.3421126551611304e8,1.4221214480589703e7,4,0.04856300354003906,false
2636,1.3421146604306798e8,4.986860470130265e7,13,0.11374783515930176,false
2637,1.3421146604306796e8,3.5162721705476344e6,1,0.018319129943847656,false
2638,1.342119699367946e8,9.187327310103625e6,2,0.02824687957763672,false
2639,1.3421216728239825e8,3.23754425628898e7,9,0.08715200424194336,false
2640,1.3421361862346756e8,1.1035543606442794e8,17,0.15527796745300293,false
2641,1.3421381863198902e8,4.794694736103076e7,10,0.09409403800964355,false
2642,1.3421383471972989e8,2.940594691830325e7,7,0.06952500343322754,false
2643,1.3421385754239222e8,2.393777810575732e8,35,0.29474711418151855,false
2644,1.3421427107264568e8,2.2331793269392222e7,6,0.06302094459533691,false
2645,1.342152666760865e8,5.164506659035313e7,11,0.09342789649963379,false
2646,1.342153098800265e8,3.169945195667988e7,6,0.06221318244934082,false
2647,1.3421535647337063e8,1.0106480767782599e7,3,0.03663992881774902,false
2648,1.3421539431852214e8,1.4411973284730673e7,5,0.05080389976501465,false
2649,1.342155064298898e8,6.774862009212434e6,2,0.03111100196838379,false
2650,1.3421579477248108e8,3.385118169999987e6,1,0.017545223236083984,false
2651,1.3421604053791389e8,2.096944477327338e7,6,0.06260085105895996,false
2652,1.342160933127015e8,2.0460807248545513e7,5,0.05405092239379883,false
2653,1.3421612274736798e8,6.628983302627251e6,2,0.025915145874023438,false
2654,1.3421630257256748e8,2.310227069679618e7,6,0.05900692939758301,false
2655,1.3421716751399893e8,3.3685836100000143e6,1,0.017315149307250977,false
2656,1.3421719755692463e8,9.059998240103602e6,2,0.028227806091308594,false
2657,1.342174393278015e8,1.3593753451325342e7,4,0.0444951057434082,false
2658,1.3421760586307323e8,8.134374595255494e6,2,0.028744935989379883,false
2659,1.3421826126020166e8,5.8796008395542175e7,12,0.10917210578918457,false
2660,1.3421846768486518e8,1.2613440494932026e7,3,0.03849196434020996,false
2661,1.3421949729263404e8,7.856060370000005e6,2,0.028210878372192383,false
2662,1.34219497292634e8,3.3685836099999994e6,1,0.017436981201171875,false
2663,1.3421955768646672e8,3.1086359804653212e7,10,0.08473706245422363,false
2664,1.342195789926129e8,2.752518034608513e7,7,0.06323814392089844,false
2665,1.3421965925803852e8,3.8663027773475975e7,7,0.07361078262329102,false
2666,1.3421995532148144e8,4.466169711579937e7,12,0.10724520683288574,false
2667,1.342199553214814e8,4.487582300000012e6,1,0.018435955047607422,false
2668,1.3422011009041718e8,8.877208039936113e7,19,0.17472505569458008,false
2669,1.3422040064709646e8,1.2328527948006822e8,30,0.25773000717163086,false
2670,1.3422067445625535e8,6.753995464321971e6,2,0.028340816497802734,false
2671,1.342210528208304e8,2.5652571385635507e8,23,0.18077611923217773,false
2672,1.3422171665548804e8,5.122682319860372e7,9,0.08861994743347168,false
2673,1.3422181454816034e8,1.3963565890119237e8,31,0.2720808982849121,false
2674,1.3422189462551436e8,1.3035079721622735e7,4,0.04420900344848633,false
2675,1.3422196333525172e8,1.2893576148797289e7,4,0.043792009353637695,false
2676,1.3422211878554723e8,6.738298435653225e6,2,0.027018070220947266,false
2677,1.3422211878554726e8,3.499009610547632e6,1,0.017776012420654297,false
2678,1.3422251755990162e8,2.3180004251219958e7,5,0.053446054458618164,false
2679,1.3422253851635143e8,4.487582300000012e6,1,0.018526077270507812,false
2680,1.3422365868798167e8,6.753982858742267e6,2,0.02743077278137207,false
2681,1.3422388862003988e8,1.544994902767548e7,4,0.04734015464782715,false
2682,1.3422392082227448e8,9.728013538647327e7,18,0.16834497451782227,false
2683,1.342240763760907e8,8.218881362821639e6,2,0.029953956604003906,false
2684,1.3422459830726352e8,1.1246009379999995e7,3,0.039201974868774414,false
2685,1.3422668131293935e8,1.2351446684025434e8,16,0.14343500137329102,false
2686,1.342271393890135e8,2.8353001042069137e7,9,0.08291506767272949,false
2687,1.3422716415793267e8,3.3685836100000143e6,1,0.018238067626953125,false
2688,1.3422905339378145e8,9.144372658863415e7,19,0.16286587715148926,false
2689,1.3422936472891048e8,3.0364867775045753e7,7,0.07176709175109863,false
2690,1.3422959798903608e8,8.385805985282034e6,2,0.028656959533691406,false
2691,1.3422975942439398e8,6.737693598156989e6,2,0.027194976806640625,false
2692,1.342299866290374e8,2.5338980690364376e7,7,0.07137799263000488,false
2693,1.3423033359332538e8,3.340583645479712e7,10,0.08601498603820801,false
2694,1.342303844111346e8,1.0521119753569514e7,3,0.03613400459289551,false
2695,1.34230454375017e8,6.737745453516021e6,2,0.027638912200927734,false
2696,1.342306304445343e8,1.564123893430087e7,4,0.04712820053100586,false
2697,1.3423113653310642e8,8.102274165237993e6,2,0.027667999267578125,false
2698,1.3423113653310648e8,3.3685836100000143e6,1,0.01735687255859375,false
2699,1.3423117108002397e8,9.144243498662502e6,2,0.028264999389648438,false
2700,1.3423149325273398e8,5.653561788276297e7,13,0.11803913116455078,false
2701,1.342315585152105e8,5.700638724701917e7,11,0.103302001953125,false
2702,1.3423161982020336e8,6.737114637337387e6,2,0.028323888778686523,false
2703,1.3423231264021832e8,1.811870184998375e7,5,0.05259990692138672,false
2704,1.3423254931369755e8,2.947156939932373e7,5,0.05333209037780762,false
2705,1.3423254931369752e8,3.3685836099999994e6,1,0.018049955368041992,false
2706,1.342326743180082e8,3.121100367855528e7,6,0.06155800819396973,false
2707,1.342329022880483e8,4.51744914645641e7,16,0.13762903213500977,false
2708,1.3423297503744328e8,3.499009610547632e6,1,0.01848292350769043,false
2709,1.3423307640495744e8,4.861977188249765e7,18,0.1392040252685547,false
2710,1.342333066829929e8,2.6078394303004667e7,7,0.0735480785369873,false
2711,1.342337081635242e8,3.397277535489838e7,7,0.07344794273376465,false
2712,1.342338282908385e8,6.7567512087569535e6,2,0.02860713005065918,false
2713,1.3423393853789535e8,8.913740478316212e7,15,0.14406585693359375,false
2714,1.3423482283889213e8,6.030594698770712e7,15,0.14001107215881348,false
2715,1.3423491697347862e8,8.903406013436073e7,17,0.14603495597839355,false
2716,1.3423660880914837e8,3.1330235068360686e7,8,0.07893800735473633,false
2717,1.3423686558063802e8,2.054080833455956e7,6,0.06313514709472656,false
2718,1.342373580139405e8,1.2264247926858243e8,17,0.15915584564208984,false
2719,1.3423773721818107e8,3.329887422719632e7,8,0.08223414421081543,false
2720,1.342381700730554e8,1.748857524592872e8,30,0.24582982063293457,false
2721,1.3423854963718784e8,1.323165337679544e7,4,0.05066800117492676,false
2722,1.3423875490224352e8,1.7564281939774215e7,4,0.05234098434448242,false
2723,1.3423875490224352e8,3.385118169999987e6,1,0.02018904685974121,false
2724,1.3423963754084414e8,7.283170599642009e6,2,0.03112316131591797,false
2725,1.342405395952142e8,3.6721880528222054e7,6,0.06108593940734863,false
2726,1.3424066335146046e8,1.7088767546713322e7,6,0.06619691848754883,false
2727,1.342407885411825e8,6.928335990993634e6,2,0.030053138732910156,false
2728,1.3424102016642216e8,1.686146662426676e7,5,0.057205915451049805,false
2729,1.3424122771594533e8,8.102753120393603e7,23,0.1995408535003662,false
2730,1.3424129781069303e8,3.4794452858958805e8,47,0.40397000312805176,false
2731,1.3424150979968646e8,1.6404901100951597e7,4,0.04616117477416992,false
2732,1.342417506854837e8,1.3006581676664978e7,4,0.04701089859008789,false
2733,1.3424248347753718e8,6.770260733265281e6,2,0.02865910530090332,false
2734,1.3424329105238664e8,2.1693037795377505e8,39,0.35261988639831543,false
2735,1.342433677746427e8,3.3685628890625983e6,1,0.018867969512939453,false
2736,1.3424339477817822e8,3.499009610547632e6,1,0.0202181339263916,false
2737,1.3424387452200362e8,1.642325882828745e8,32,0.28853487968444824,false
2738,1.3424419340268132e8,1.4006241057158628e8,25,0.22830796241760254,false
2739,1.3424429627009484e8,5.0236379415779784e7,13,0.1260530948638916,false
2740,1.342452350723783e8,3.1960199923012704e7,6,0.06099510192871094,false
2741,1.3424540829721367e8,3.811413765910114e8,57,0.5094008445739746,false
2742,1.3424669104876515e8,6.753982858742267e6,2,0.029241085052490234,false
2743,1.3424676295081165e8,3.3685836100000143e6,1,0.019690990447998047,false
2744,1.3424691391901183e8,1.0106380802755892e7,3,0.04043698310852051,false
2745,1.3424710302628496e8,2.1170696019525737e7,5,0.05846095085144043,false
2746,1.3424722765942726e8,1.6520361778683618e7,5,0.05487394332885742,false
2747,1.3424743201833317e8,1.8376098002808914e7,5,0.05489206314086914,false
2748,1.3424747326453054e8,4.487582300000012e6,1,0.01866602897644043,false
2749,1.342477704171359e8,2.900239546145448e7,8,0.08056902885437012,false
2750,1.3424813190517524e8,3.3685836100000143e6,1,0.018146038055419922,false
2751,1.342482107052939e8,1.6050584112095058e7,6,0.05649900436401367,false
2752,1.3424825149066156e8,6.753995464321971e6,2,0.02736186981201172,false
2753,1.3424825149066156e8,3.3685836100000143e6,1,0.017779111862182617,false
2754,1.3425006611284998e8,2.99490203101705e7,5,0.05989193916320801,false
2755,1.342502498160618e8,9.526282363255143e6,3,0.03703594207763672,false
2756,1.34250306117897e8,1.5217232575200677e8,29,0.24075818061828613,false
2757,1.3425037243177602e8,9.448186039777404e7,21,0.20105981826782227,false
2758,1.342504966559109e8,9.312819368156984e6,3,0.03672313690185547,false
2759,1.342507193095311e8,6.757218367765129e6,2,0.028775930404663086,false
2760,1.3425073641056955e8,6.753995464321971e6,2,0.028229951858520508,false
2761,1.34250747205533e8,4.048842209271151e7,12,0.1034400463104248,false
2762,1.3425091169802752e8,1.728037852643457e7,6,0.056028127670288086,false
2763,1.3425111072966614e8,2.719645683740285e7,6,0.06792593002319336,false
2764,1.3425264407352835e8,4.776975445622468e7,9,0.09844207763671875,false
2765,1.3425271272361746e8,2.4064170436968744e7,8,0.07447385787963867,false
2766,1.342534427417202e8,1.1694152513786048e7,3,0.04037594795227051,false
2767,1.342534427417202e8,3.3685628890625983e6,1,0.017707109451293945,false
2768,1.342535209938358e8,1.2756227399679318e7,4,0.04588794708251953,false
2769,1.342538759193231e8,3.3685836099999994e6,1,0.018090009689331055,false
2770,1.3425525873890245e8,2.3941529735971034e7,4,0.04694390296936035,false
2771,1.3425582776266578e8,7.576229465254694e6,2,0.02903008460998535,false
2772,1.342558994269686e8,1.9512344921009332e7,5,0.05419802665710449,false
2773,1.3425597512745085e8,1.6349971334140345e7,5,0.05421304702758789,false
2774,1.3425618972268566e8,1.9333989850144842e8,29,0.2623720169067383,false
2775,1.3425641884153935e8,6.73734551318498e6,2,0.028746843338012695,false
2776,1.342570587639742e8,1.7570524125831544e7,4,0.049256086349487305,false
2777,1.3425823322662753e8,3.051075506642668e7,8,0.08018088340759277,false
2778,1.3425889688773084e8,1.6417564878393024e7,4,0.05047416687011719,false
2779,1.342597461408867e8,1.2391435894164607e8,21,0.18669891357421875,false
2780,1.3425987261698616e8,9.815098580000013e6,2,0.029786109924316406,false
2781,1.342599304644182e8,1.728133350445941e7,5,0.05835700035095215,false
2782,1.3426152426011035e8,7.492052302319065e7,15,0.1429738998413086,false
2783,1.3426169206448692e8,6.7382984356532395e6,2,0.028609037399291992,false
2784,1.3426418639911884e8,3.493196912960145e7,9,0.09011101722717285,false
2785,1.3426490753195035e8,1.3376757629538223e7,4,0.048850059509277344,false
2786,1.3426490753195035e8,3.3685836100000143e6,1,0.01882195472717285,false
2787,1.3426515567424855e8,8.796474638945448e7,24,0.2113940715789795,false
2788,1.3426516871857494e8,9.477394868872374e6,3,0.03725290298461914,false
2789,1.3426536476748484e8,8.217104492143388e7,14,0.133713960647583,false
2790,1.342654195835981e8,6.737168533749491e6,2,0.028432130813598633,false
2791,1.3426581732560495e8,1.3492116728114903e7,4,0.0467839241027832,false
2792,1.3426617339580157e8,1.1711462574973631e8,28,0.24150991439819336,false
2793,1.3426628961667418e8,5.66011319870916e7,15,0.14134907722473145,false
2794,1.3426636873492083e8,5.112774464861648e7,12,0.10507488250732422,false
2795,1.3426650176416302e8,3.256166008468093e7,11,0.09153008460998535,false
2796,1.34266501764163e8,3.385118169999987e6,1,0.01882004737854004,false
2797,1.3426658587645108e8,3.385118169999987e6,1,0.018744945526123047,false
2798,1.3426661869627267e8,5.608008823536214e7,11,0.11097311973571777,false
2799,1.3426671449849957e8,3.418165779292512e7,9,0.08863091468811035,false
2800,1.3426739682652372e8,1.949709369644919e7,4,0.05079793930053711,false
2801,1.3426751593691456e8,6.737580703343391e6,2,0.02834606170654297,false
2802,1.342685011661634e8,4.624730204831138e7,11,0.10055208206176758,false
2803,1.3426981052546963e8,6.77055263688913e6,2,0.029167890548706055,false
2804,1.3426989158879527e8,9.73422144858355e7,16,0.16105389595031738,false
2805,1.3426997660885614e8,9.23976293523565e7,16,0.15599822998046875,false
2806,1.3427043550585204e8,9.981915891012594e6,3,0.03764677047729492,false
2807,1.342707151611131e8,1.3365997821694195e7,3,0.03883004188537598,false
2808,1.3427081396980622e8,2.9451109032765612e7,8,0.0896611213684082,false
2809,1.3427096480309746e8,3.065571373807706e7,10,0.08853483200073242,false
2810,1.3427102704203928e8,9.198395555651353e7,17,0.16787004470825195,false
2811,1.3427127015166518e8,3.603197225232804e7,9,0.0927431583404541,false
2812,1.3427172998772657e8,6.77031803691563e6,2,0.028882980346679688,false
2813,1.342719422215823e8,6.737651165182099e6,2,0.028542041778564453,false
2814,1.3427223145259586e8,1.7301742628215164e7,4,0.0476078987121582,false
2815,1.3427263150327507e8,4.15524341939884e7,11,0.09710001945495605,false
2816,1.342728675437723e8,2.0449897692845076e7,6,0.06563901901245117,false
2817,1.3427470407113162e8,1.6847733025562376e8,27,0.25023794174194336,false
2818,1.3427473622303513e8,2.6702679228205338e7,6,0.06090593338012695,false
2819,1.3427475659261522e8,3.17061891624071e7,6,0.07191801071166992,false
2820,1.3427522155440494e8,2.4703458589528987e8,40,0.3696911334991455,false
2821,1.3427522155440503e8,3.3685628890626132e6,1,0.018399953842163086,false
2822,1.3427522155441618e8,6.737519435774818e6,2,0.028738975524902344,false
2823,1.342758201093436e8,1.7096518473421305e7,4,0.05405998229980469,false
2824,1.342758322377161e8,3.3685836100000143e6,1,0.018903017044067383,false
2825,1.3427606801297078e8,2.1723178163533825e8,22,0.1856369972229004,false
2826,1.3427631942876962e8,2.5255986613669917e7,8,0.08270502090454102,false
2827,1.3427643988345334e8,6.872481557856739e6,2,0.02941608428955078,false
2828,1.342767018530124e8,1.098681878386204e7,3,0.03873586654663086,false
2829,1.342776976813815e8,7.96244773497473e7,15,0.15624594688415527,false
2830,1.342785646227152e8,2.5729007748215106e8,36,0.32266807556152344,false
2831,1.3427896348195103e8,3.3685836099999994e6,1,0.018505096435546875,false
2832,1.3428039314602616e8,1.3749391699580377e8,26,0.25093603134155273,false
2833,1.3428080767206097e8,3.1722778073522136e7,7,0.08203482627868652,false
2834,1.342818598392186e8,7.404227887542978e7,14,0.1381239891052246,false
2835,1.3428400432362914e8,4.4723650355339974e7,7,0.0701589584350586,false
2836,1.3428404451541984e8,1.825542451965162e7,5,0.06174302101135254,false
2837,1.3428421069256034e8,8.496477622744481e7,12,0.12391209602355957,false
2838,1.3428459410421503e8,5.192899462471324e7,8,0.07620406150817871,false
2839,1.342846554240526e8,1.8103677317542315e7,5,0.06073403358459473,false
2840,1.342846575208125e8,5.58106619136115e7,15,0.14176082611083984,false
2841,1.3428578744772628e8,2.311826258899793e7,6,0.06499600410461426,false
2842,1.3428606716506466e8,1.5157250386487603e7,4,0.04799604415893555,false
2843,1.3428607124328783e8,6.649023901643276e6,2,0.02925705909729004,false
2844,1.3428667142876202e8,3.2122721277592868e7,6,0.06808996200561523,false
2845,1.3428707557228115e8,2.414387742989604e7,7,0.06708407402038574,false
2846,1.3428707557228115e8,3.5162721705476344e6,1,0.018613815307617188,false
2847,1.3428707557228115e8,3.3685836099999994e6,1,0.017841100692749023,false
2848,1.3428725661593226e8,1.3530801301163152e7,4,0.04850006103515625,false
2849,1.3428730273293522e8,1.933694707638678e7,4,0.04599905014038086,false
2850,1.3428771645167777e8,7.880824682776192e7,15,0.15181589126586914,false
2851,1.3428771645167774e8,3.3685836099999994e6,1,0.018049001693725586,false
2852,1.3428797956922975e8,5.754642308736241e7,13,0.1297929286956787,false
2853,1.3428843195439234e8,7.588482110000014e6,2,0.029270172119140625,false
2854,1.3428998362776363e8,3.3796013973920435e7,7,0.0716090202331543,false
2855,1.3429004168944398e8,3.435332379638708e7,9,0.12475991249084473,false
2856,1.3429025840510058e8,4.846417024447994e7,9,0.09946703910827637,false
2857,1.3429032078194538e8,8.256125043987703e7,19,0.17708897590637207,false
2858,1.3429032589976397e8,5.6449869908058584e7,12,0.12073087692260742,false
2859,1.3429123898944175e8,3.2806732135940492e7,7,0.08008408546447754,false
2860,1.3429125551500496e8,3.3685836100000143e6,1,0.018800020217895508,false
2861,1.34292140955583e8,1.1092142435337812e7,3,0.040452003479003906,false
2862,1.3429226007350406e8,2.1457333272853434e7,5,0.05776405334472656,false
2863,1.342937232472552e8,1.3508708755803585e7,4,0.050477027893066406,false
2864,1.3429539406703144e8,4.49466401135066e7,12,0.10974979400634766,false
2865,1.3429558837598452e8,2.76197932702671e7,5,0.0596771240234375,false
2866,1.3429583942068607e8,1.8501710321647733e7,4,0.05088496208190918,false
2867,1.342959931738213e8,1.748103295842111e7,4,0.05359697341918945,false
2868,1.342962101620271e8,6.737264439766109e6,2,0.030298948287963867,false
2869,1.3429624162047663e8,6.647065380309492e6,2,0.032198190689086914,false
2870,1.3429634837521255e8,1.544376875417667e8,23,0.18280482292175293,false
2871,1.3429658510174578e8,1.463792776095298e7,3,0.043929100036621094,false
2872,1.342973119298785e8,2.5050603785317934e8,43,0.4156520366668701,false
2873,1.3429760907588685e8,1.99336922702381e7,4,0.052993059158325195,false
2874,1.3429762646164662e8,1.3279694044381812e7,4,0.05235886573791504,false
2875,1.342977150753379e8,4.023264990305355e7,12,0.10825490951538086,false
2876,1.3429774051372448e8,1.5701566952275991e7,4,0.049070119857788086,false
2877,1.3429796448253214e8,3.2975317892730802e7,9,0.0916891098022461,false
2878,1.3429797836804584e8,3.609372276902154e7,9,0.09137082099914551,false
2879,1.3429797836804584e8,3.499009610547632e6,1,0.019495010375976562,false
2880,1.3429801073526457e8,1.5747181718336299e7,5,0.05640816688537598,false
2881,1.342980537444049e8,6.753867979683369e6,2,0.029591798782348633,false
2882,1.3429806700290263e8,3.3685836100000143e6,1,0.018874168395996094,false
2883,1.3429907357026073e8,3.933967902418102e7,11,0.09924483299255371,false
2884,1.3429912440278313e8,1.7715501095085353e7,5,0.05950617790222168,false
2885,1.3429984929703203e8,7.342432185195982e7,21,0.18792390823364258,false
2886,1.3429996412648132e8,1.2759686581221558e8,28,0.2713189125061035,false
2887,1.343003738778484e8,2.8153910859895587e7,7,0.07987403869628906,false
2888,1.343005768156556e8,7.870599994063602e7,25,0.2183539867401123,false
2889,1.343007230750878e8,6.75359624000001e6,2,0.030750036239624023,false
2890,1.3430153040035972e8,8.396952742557287e7,11,0.09273910522460938,false
2891,1.3430160871170595e8,8.869512280859247e7,21,0.21096396446228027,false
2892,1.3430176223240757e8,7.525067639652303e7,15,0.1546800136566162,false
2893,1.343019549305988e8,4.282567983293371e7,9,0.1055459976196289,false
2894,1.3430249919116127e8,1.695945320719421e7,4,0.053479909896850586,false
2895,1.343034821034456e8,1.947244797375855e7,4,0.0528559684753418,false
2896,1.343036854112845e8,8.509589959453267e7,20,0.18882107734680176,false
2897,1.3430369670474818e8,1.0272489537210435e7,3,0.042356014251708984,false
2898,1.3430378058955276e8,1.2029395711605082e8,17,0.15988802909851074,false
2899,1.3430378058955276e8,3.3685836100000143e6,1,0.018301010131835938,false
2900,1.3430378058955276e8,3.3685836099999994e6,1,0.018025875091552734,false
2901,1.3430390218275473e8,6.73734551318498e6,2,0.029746055603027344,false
2902,1.343042214815271e8,2.2472549803867117e7,8,0.07390499114990234,false
2903,1.343042782428938e8,2.451594839005345e7,6,0.07002496719360352,false
2904,1.343043246682176e8,1.3138301322096393e7,4,0.04998302459716797,false
2905,1.3430458032533938e8,3.3524608662222028e7,8,0.07820010185241699,false
2906,1.3430464036983082e8,2.9710340886173755e7,7,0.0824129581451416,false
2907,1.3430532698763704e8,1.8066905608551905e7,6,0.06767606735229492,false
2908,1.3430562214478174e8,5.732159404772532e7,14,0.12552595138549805,false
2909,1.3430612762771234e8,1.4468214896132708e7,3,0.04278993606567383,false
2910,1.3430624389023128e8,1.3172877879444122e7,3,0.04148697853088379,false
2911,1.343063175742005e8,1.9200197491689906e7,6,0.06476807594299316,false
2912,1.3430743429143882e8,4.805873671494341e7,10,0.09378504753112793,false
2913,1.343074601810623e8,5.483642422861451e7,13,0.1273179054260254,false
2914,1.3430774467421335e8,3.764257877728659e7,13,0.11630988121032715,false
2915,1.3430774467421338e8,3.3685836099999994e6,1,0.019073009490966797,false
2916,1.343084545048837e8,1.6360236470762312e7,3,0.042340993881225586,false
2917,1.3430849377912113e8,6.928543174141198e6,2,0.029836177825927734,false
2918,1.343085101294601e8,6.3040892470898196e7,14,0.14451098442077637,false
2919,1.3430985521210065e8,2.7750963722061425e7,7,0.07924103736877441,false
2920,1.3431003059134108e8,1.2548044872717008e7,4,0.048375844955444336,false
2921,1.3431011783772126e8,2.9632822852447465e7,8,0.08200716972351074,false
2922,1.34310224212582e8,7.715552690825135e7,12,0.10733580589294434,false
2923,1.343105754897774e8,1.3276507468769029e7,4,0.04707002639770508,false
2924,1.3431063752632126e8,3.385118169999987e6,1,0.019010066986083984,false
2925,1.3431107941004577e8,3.947096379701334e7,8,0.08538103103637695,false
2926,1.3431184778050977e8,9.676999958620882e7,15,0.1567840576171875,false
2927,1.3431191977061757e8,7.403017643478218e7,12,0.12055802345275879,false
2928,1.3431215423307928e8,2.9871067665989637e7,6,0.06430578231811523,false
2929,1.3431218829635763e8,3.385118169999987e6,1,0.019681215286254883,false
2930,1.3431234808395877e8,2.983199244894226e7,8,0.08605289459228516,false
2931,1.3431244956900233e8,8.800207661154747e6,2,0.03300809860229492,false
2932,1.3431262062185633e8,3.499009610547632e6,1,0.01952385902404785,false
2933,1.3431268550558877e8,1.5874945983054262e8,28,0.26876091957092285,false
2934,1.3431268550558865e8,3.3685836099999994e6,1,0.019366025924682617,false
2935,1.3431269538583574e8,2.3142634663489267e7,8,0.07909607887268066,false
2936,1.3431277250338534e8,4.7577888131708056e7,8,0.09420394897460938,false
2937,1.3431280582286894e8,8.571925738713686e7,21,0.20406007766723633,false
2938,1.343128900308928e8,2.9543153085415825e7,11,0.08712100982666016,false
2939,1.3431300640718162e8,1.3380744752490163e7,4,0.04966902732849121,false
2940,1.3431302209995365e8,4.6247211713240504e7,9,0.1045989990234375,false
2941,1.3431307859833118e8,6.737231497613683e6,2,0.030981063842773438,false
2942,1.343131436874991e8,7.994001650779682e7,16,0.1649789810180664,false
2943,1.3431320342663187e8,2.500639925023353e7,8,0.08284497261047363,false
2944,1.343135775403423e8,1.7722309791447666e8,23,0.2212820053100586,false
2945,1.3431406826044315e8,1.818975880954002e7,6,0.06720590591430664,false
2946,1.3431432058914247e8,5.533732881978831e7,10,0.10641002655029297,false
2947,1.3431450523879668e8,6.754169159755498e6,2,0.030781984329223633,false
2948,1.34314577174538e8,8.022460249155118e7,25,0.2253260612487793,false
2949,1.343146170016352e8,6.77055263688913e6,2,0.030313968658447266,false
2950,1.34314658401909e8,9.23181566651865e7,15,0.16191887855529785,false
2951,1.3431473354697055e8,2.8846725223149e7,6,0.0749671459197998,false
2952,1.3431478897265998e8,3.385118169999987e6,1,0.020192861557006836,false
2953,1.3431478897265998e8,3.3685836100000143e6,1,0.02028799057006836,false
2954,1.3431490517381826e8,2.7898490334171593e7,7,0.07481122016906738,false
2955,1.343153757419075e8,4.31042565692423e7,9,0.08510684967041016,false
2956,1.3431557939155206e8,4.81289156543276e7,12,0.11760902404785156,false
2957,1.3431564234233838e8,6.737404556715891e6,2,0.03040909767150879,false
2958,1.3431597507499504e8,3.3685836100000143e6,1,0.0195770263671875,false
2959,1.3431599875719562e8,2.412626301038383e7,6,0.06753087043762207,false
2960,1.3431607004021263e8,1.4488514380000025e7,3,0.0457761287689209,false
2961,1.3431609206978762e8,1.5799301877403885e7,4,0.053392887115478516,false
2962,1.3431612297487143e8,3.063827952644761e7,10,0.09573507308959961,false
2963,1.3431613928948402e8,5.099549197150409e7,11,0.11068391799926758,false
2964,1.3431626396736705e8,6.7382984356532395e6,2,0.03071308135986328,false
2965,1.3431626491930243e8,1.4949999923553973e7,5,0.05746197700500488,false
2966,1.3431631695066795e8,3.607054986273858e7,9,0.09923505783081055,false
2967,1.3431689656456095e8,7.152477715254694e6,2,0.03575587272644043,false
2968,1.3431735697333038e8,6.753995464321971e6,2,0.03419208526611328,false
2969,1.3431753491413847e8,3.161858110474433e7,6,0.0683279037475586,false
2970,1.3431755835921973e8,2.07960927366831e7,4,0.056030988693237305,false
2971,1.34319746132046e8,5.661237085842809e7,10,0.10489106178283691,false
2972,1.3431989767065635e8,1.1232265817944641e8,28,0.27480387687683105,false
2973,1.3432316305831662e8,2.1144305491673917e7,4,0.05106401443481445,false
2974,1.343232121194988e8,1.032464346471534e8,20,0.21384620666503906,false
2975,1.343233434267936e8,1.0768757487084752e8,11,0.10144186019897461,false
2976,1.3432429997762266e8,2.1054158479791752e8,23,0.1985490322113037,false
2977,1.343252910216553e8,1.3713554977947444e7,3,0.04590892791748047,false
2978,1.3432599693430662e8,1.491984847461869e8,35,0.3287220001220703,false
2979,1.3432632349425438e8,4.493029634493595e7,10,0.11467909812927246,false
2980,1.3432646721581492e8,1.4805557788523838e7,5,0.05624890327453613,false
2981,1.3432657170218763e8,4.285023790666501e7,12,0.10908007621765137,false
2982,1.3432747220562455e8,8.70796377918127e7,20,0.20522093772888184,false
2983,1.3432755820589894e8,2.2394706492141277e7,7,0.07621192932128906,false
2984,1.3432759080699587e8,6.774862009212434e6,2,0.0326540470123291,false
2985,1.3432759080699584e8,3.385118169999987e6,1,0.019703149795532227,false
2986,1.343281710047195e8,4.664921902362317e7,9,0.10508084297180176,false
2987,1.3432857534001336e8,3.385118169999987e6,1,0.01990509033203125,false
2988,1.3432956065251216e8,7.575843710000008e6,2,0.03247404098510742,false
2989,1.3432974906694117e8,1.8449069582332596e7,5,0.059146881103515625,false
2990,1.3432986334143505e8,5.488697931811266e7,16,0.15926218032836914,false
2991,1.343306359819463e8,1.2149013308456153e7,3,0.04233884811401367,false
2992,1.34330698121423e8,9.540340272283988e7,23,0.22278094291687012,false
2993,1.3433084944668078e8,6.139128926663718e7,12,0.1150360107421875,false
2994,1.343310510682956e8,6.737345558314413e6,2,0.03347516059875488,false
2995,1.3433106395836052e8,3.3387330928527907e7,10,0.10762882232666016,false
2996,1.3433148074032325e8,4.6322149073713675e7,15,0.14275121688842773,false
2997,1.3433347725472462e8,6.019076100998759e7,20,0.1780397891998291,false
2998,1.343336999340233e8,1.4663958533860654e7,5,0.05930519104003906,false
2999,1.3433372882828194e8,1.1492610790442511e7,3,0.04457283020019531,false
3000,1.3433401156378716e8,4.7249384099216014e7,12,0.12004613876342773,false
3001,1.3433514782814616e8,4.184626790492448e7,8,0.08978700637817383,false
3002,1.3433591203621256e8,1.1237205235136834e8,21,0.21518397331237793,false
3003,1.343369825194451e8,3.619095679686603e7,9,0.09871602058410645,false
3004,1.343371857174221e8,1.0106581665242225e7,3,0.04201698303222656,false
3005,1.3433722150846884e8,1.1079226873259455e7,3,0.04416298866271973,false
3006,1.343375002065456e8,2.1051325816093832e7,6,0.06799602508544922,false
3007,1.343377799475973e8,3.1305951301121384e7,6,0.07672786712646484,false
3008,1.3433895344659314e8,3.159408313484502e7,7,0.0777730941772461,false
3009,1.3433936454820132e8,7.856060370000005e6,2,0.031529903411865234,false
3010,1.3433936454820132e8,3.385118169999987e6,1,0.019605159759521484,false
3011,1.3433977354323006e8,3.385118169999987e6,1,0.01947498321533203,false
3012,1.3433983116591486e8,3.567622034476246e7,11,0.10651087760925293,false
3013,1.343398609181379e8,9.477627858929932e6,3,0.03963494300842285,false
3014,1.343399835236077e8,7.696793425464077e7,23,0.20249700546264648,false
3015,1.343411038264365e8,2.0531299148981154e7,4,0.05197405815124512,false
3016,1.3434221148016885e8,3.5453219849752605e7,10,0.0994410514831543,false
3017,1.3434266649279517e8,3.499009610547632e6,1,0.02061009407043457,false
3018,1.343426689870581e8,1.0106270505194142e7,3,0.041371822357177734,false
3019,1.343428409003733e8,2.1491533648022607e7,6,0.07434296607971191,false
3020,1.3434289269004118e8,3.385118169999987e6,1,0.022553205490112305,false
3021,1.3434300889447471e8,3.613886645902933e7,11,0.10645294189453125,false
3022,1.3434303842955428e8,2.83126467394661e7,8,0.08403587341308594,false
3023,1.3434319553803018e8,7.196723683156113e7,18,0.1802361011505127,false
3024,1.3434326880767512e8,6.450731143092185e7,19,0.17301702499389648,false
3025,1.343433205753339e8,3.3685836100000143e6,1,0.020947933197021484,false
3026,1.3434355946628347e8,1.6980594083749086e7,4,0.05636000633239746,false
3027,1.343437555834076e8,3.544279081844039e7,11,0.10023307800292969,false
3028,1.343437986759521e8,1.3708694032102406e7,3,0.046560049057006836,false
3029,1.3434408005435827e8,1.1677266985508367e7,3,0.041252851486206055,false
3030,1.3434503406174734e8,2.5184622663240463e7,5,0.0614011287689209,false
3031,1.3434509090087277e8,8.874857755416314e7,16,0.18201184272766113,false
3032,1.343452496251924e8,4.769295796151057e7,9,0.0996401309967041,false
3033,1.343455623827242e8,1.3369155328888535e7,4,0.050276994705200195,false
3034,1.3434572133585858e8,2.6827429890858933e7,7,0.08318805694580078,false
3035,1.3434656351768705e8,3.511382578462273e7,6,0.06507277488708496,false
3036,1.343465810307229e8,3.3541764387764364e7,6,0.07605099678039551,false
3037,1.3434672575391498e8,1.2513120839096487e7,3,0.043493032455444336,false
3038,1.3434691417531836e8,6.737168533749491e6,2,0.030682086944580078,false
3039,1.3434729332113332e8,1.6296469662076405e8,22,0.21948003768920898,false
3040,1.343474448484354e8,4.1473304692552686e7,13,0.1253359317779541,false
3041,1.3434755881560153e8,1.2513764268456131e7,3,0.04352092742919922,false
3042,1.3434761484131885e8,7.327359078870301e7,12,0.12471318244934082,false
3043,1.3434775728490284e8,5.142660927320045e7,11,0.11555981636047363,false
3044,1.3434805393987757e8,2.0525398326442406e7,6,0.06970715522766113,false
3045,1.3434805393987757e8,6.737061679999992e6,2,0.03187704086303711,false
3046,1.3434822326098335e8,3.385118169999987e6,1,0.019821882247924805,false
3047,1.3434836516237682e8,6.737345513184994e6,2,0.030384063720703125,false
3048,1.343489087455431e8,2.128641348319578e7,4,0.058647871017456055,false
3049,1.343490842512472e8,2.0649846835083246e7,5,0.06023716926574707,false
3050,1.3434914944321594e8,1.148644956680195e7,3,0.0420079231262207,false
3051,1.3434979833859754e8,2.147386971364735e7,6,0.07224392890930176,false
3052,1.3435006433916852e8,8.134139995282024e6,2,0.030725955963134766,false
3053,1.343500646258114e8,2.5292534964328453e7,8,0.08050107955932617,false
3054,1.3435007264586154e8,5.959599431285171e7,13,0.13052606582641602,false
3055,1.3435051124248707e8,4.570124706854233e7,8,0.09074592590332031,false
3056,1.34350512276695e8,3.2768295035167336e6,1,0.019644975662231445,false
3057,1.3435086677142704e8,4.432382478981173e7,11,0.11404800415039062,false
3058,1.343510477907155e8,1.7866603346158746e8,33,0.33524608612060547,false
3059,1.3435104806456795e8,3.293191667134896e6,1,0.019316911697387695,false
3060,1.3435110593896443e8,4.293928819359854e7,8,0.09226512908935547,false
3061,1.3435156815509036e8,6.765247659414619e7,13,0.1263430118560791,false
3062,1.3435270585146818e8,1.406853886829269e7,4,0.05360603332519531,false
3063,1.3435313163261613e8,6.897128960000008e6,2,0.032089948654174805,false
3064,1.3435313163261616e8,3.3685836100000143e6,1,0.018889904022216797,false
3065,1.343538264465525e8,7.593139019443959e6,2,0.032340049743652344,false
3066,1.3435406143378216e8,1.402189519103603e7,4,0.05109095573425293,false
3067,1.343547474131007e8,9.39967151686607e7,22,0.2225351333618164,false
3068,1.343548824827584e8,9.381920153562003e7,25,0.23504996299743652,false
3069,1.3435545023774964e8,4.783787671666424e7,13,0.11880898475646973,false
3070,1.3435556953122935e8,6.737519435774803e6,2,0.030853986740112305,false
3071,1.343563853427978e8,3.385118169999987e6,1,0.019235849380493164,false
3072,1.3435699589188296e8,1.1859595433569252e7,3,0.041535139083862305,false
3073,1.343573486337083e8,3.3685836100000143e6,1,0.01953601837158203,false
3074,1.34357351187316e8,4.824928116262546e7,10,0.11062192916870117,false
3075,1.3435820362001577e8,3.500700930547632e7,10,0.09474802017211914,false
3076,1.34358498104528e8,5.658235770345016e7,11,0.0956110954284668,false
3077,1.3435877741582716e8,3.342712871963671e7,6,0.07649493217468262,false
3078,1.3435887324091727e8,4.352438642432603e7,10,0.1075739860534668,false
3079,1.3435891672152892e8,1.5317238210615864e8,31,0.3142249584197998,false
3080,1.343590110693319e8,1.012230086808309e7,3,0.04224801063537598,false
3081,1.3435942510586587e8,1.0151790475062011e8,22,0.18869400024414062,false
3082,1.343599038315984e8,1.8807861222878426e7,5,0.06409502029418945,false
3083,1.3435993197863427e8,3.0836918156407863e7,8,0.0933830738067627,false
3084,1.3436005275836205e8,4.920353928748122e7,8,0.08859896659851074,false
3085,1.3436031830594686e8,7.957129229999989e6,2,0.032232046127319336,false
3086,1.3436059880562606e8,1.6767672109279618e7,4,0.055632829666137695,false
3087,1.3436065105706114e8,5.714579561816929e7,16,0.1716010570526123,false
3088,1.3436093413121134e8,1.2296125777067018e8,22,0.2279679775238037,false
3089,1.343610213988296e8,1.0692319223028475e8,20,0.20989012718200684,false
3090,1.3436102139882964e8,3.3685836100000143e6,1,0.019887924194335938,false
3091,1.3436115350172654e8,1.957291105073881e7,5,0.06158590316772461,false
3092,1.3436162384370342e8,6.6763912384967566e7,13,0.14019203186035156,false
3093,1.3436185457740957e8,2.4431950734390482e7,6,0.07177996635437012,false
3094,1.343622494686524e8,3.6612037195058286e7,6,0.0665750503540039,false
3095,1.3436233889262554e8,1.670982165476355e7,4,0.05403709411621094,false
3096,1.3436309972130147e8,1.6173590548998553e8,38,0.38311290740966797,false
3097,1.343633609737747e8,2.391824750695473e7,6,0.07146310806274414,false
3098,1.3436357775148013e8,1.3895970986479e7,4,0.05188798904418945,false
3099,1.3436374147965845e8,9.376626157561114e7,16,0.17619085311889648,false
3100,1.3436379725283262e8,1.010646613315463e7,3,0.04132819175720215,false
3101,1.343652996052467e8,1.7660402772173524e7,4,0.05285191535949707,false
3102,1.3436535326644346e8,1.2612049490700369e8,24,0.24388504028320312,false
3103,1.3436536683103478e8,5.048298863734496e7,13,0.13612985610961914,false
3104,1.3436606438946193e8,8.083763611686999e7,16,0.1771681308746338,false
3105,1.3436616831823343e8,1.5664083470723897e7,4,0.05442404747009277,false
3106,1.3436635991524467e8,8.24682192092918e7,17,0.18065381050109863,false
3107,1.3436724558902854e8,7.553166126752749e7,14,0.15519309043884277,false
3108,1.3436747181535703e8,9.409949481075478e7,19,0.19813108444213867,false
3109,1.34367517941767e8,4.4568592989108175e7,15,0.14666199684143066,false
3110,1.343675235455037e8,1.8416274802035064e7,6,0.0670309066772461,false
3111,1.343676854881871e8,2.430906332502222e7,6,0.0764169692993164,false
3112,1.3436784392829037e8,7.28011714249463e7,20,0.20654916763305664,false
3113,1.343683518083266e8,1.2236552164119765e7,4,0.05182290077209473,false
3114,1.3436840834949747e8,1.5733169309870914e7,5,0.058827877044677734,false
3115,1.3436882141112444e8,7.875206707336155e7,17,0.18369817733764648,false
3116,1.3436894285314745e8,3.385118169999987e6,1,0.020489931106567383,false
3117,1.343690509335616e8,3.411375240515703e7,7,0.08472609519958496,false
3118,1.3436906920488715e8,2.048045980586198e7,6,0.07760500907897949,false
3119,1.3436929448541397e8,1.0112894933329225e7,3,0.0420989990234375,false
3120,1.343698203612519e8,2.6602093592611834e7,9,0.09375381469726562,false
3121,1.3436984874891245e8,1.0486279864081234e7,3,0.04588007926940918,false
3122,1.3437033866150007e8,2.5547364255461589e8,41,0.40047693252563477,false
3123,1.343703760478422e8,4.595074989640638e7,13,0.13631105422973633,false
3124,1.343703760478422e8,3.385118169999987e6,1,0.020766019821166992,false
3125,1.3437037678246936e8,6.770203157856733e6,2,0.032727956771850586,false
3126,1.3437037678246936e8,3.3685628890625983e6,1,0.01930403709411621,false
3127,1.3437144251378995e8,4.441262451119062e7,7,0.10808205604553223,false
3128,1.3437155227040634e8,2.4677328845228314e7,6,0.07897806167602539,false
3129,1.3437275504925713e8,1.683332009233764e7,4,0.05267786979675293,false
3130,1.3437319283098954e8,1.1502603438738048e7,3,0.040754079818725586,false
3131,1.343734802876121e8,5.588323974159187e7,9,0.11027193069458008,false
3132,1.3437349002931303e8,6.753940237473622e6,2,0.033663034439086914,false
3133,1.34373897647933e8,5.845467120632696e7,10,0.11266708374023438,false
3134,1.34374052549939e8,1.4691299782126874e7,4,0.05348086357116699,false
3135,1.34374052549939e8,3.385118169999987e6,1,0.020318984985351562,false
3136,1.3437407405238774e8,3.1999527439568132e7,9,0.09963107109069824,false
3137,1.3437412194829476e8,1.5918845456345823e8,33,0.3447549343109131,false
3138,1.343742904850142e8,2.9535627824462816e7,7,0.08669495582580566,false
3139,1.3437537366163754e8,2.071710058602652e7,6,0.07328009605407715,false
3140,1.343755624057128e8,1.7297888029402852e7,4,0.05298209190368652,false
3141,1.3437627176758888e8,2.952672336732754e7,7,0.08394193649291992,false
3142,1.3437641333969826e8,6.773752927765101e6,2,0.03550887107849121,false
3143,1.3437644323715463e8,6.770130799999982e6,2,0.032955169677734375,false
3144,1.3437664041674316e8,1.329685037377353e7,4,0.05232691764831543,false
3145,1.3437679433685538e8,1.4409083312457722e8,23,0.2358410358428955,false
3146,1.343776286029979e8,3.499009610547632e6,1,0.020498037338256836,false
3147,1.34377697874078e8,5.4305981166942716e7,11,0.11774086952209473,false
3148,1.34377697874078e8,3.3685836100000143e6,1,0.01980304718017578,false
3149,1.3437773226820803e8,2.5612782066559866e7,5,0.06658411026000977,false
3150,1.3437775705707914e8,1.0017632449266732e7,3,0.04439496994018555,false
3151,1.3437800940438467e8,4.272208034516674e7,9,0.09838199615478516,false
3152,1.3437854291389513e8,1.2744162426280886e7,3,0.04876899719238281,false
3153,1.3437878244761142e8,6.737519435774803e6,2,0.03424382209777832,false
3154,1.3437939278046212e8,3.385118169999987e6,1,0.020373106002807617,false
3155,1.3437978243545577e8,2.917850652580437e7,5,0.06283211708068848,false
3156,1.3437993454555395e8,2.9809355799760938e7,9,0.09961390495300293,false
3157,1.34380357042938e8,2.112147879650117e8,38,0.39345502853393555,false
3158,1.3438038721114087e8,4.914946300395998e7,13,0.11872506141662598,false
3159,1.3438041162959757e8,1.014767310861969e7,3,0.045475006103515625,false
3160,1.343805167204681e8,4.062527914847243e7,13,0.12005281448364258,false
3161,1.343812741442215e8,2.015505787954274e7,4,0.055371999740600586,false
3162,1.343821578719891e8,7.034001224428242e7,15,0.16387295722961426,false
3163,1.3438301125436166e8,4.452451699452995e7,9,0.09305310249328613,false
3164,1.3438315825187504e8,2.3045536364797443e7,5,0.06420397758483887,false
3165,1.34384093199929e8,1.4476665115913928e7,4,0.0540471076965332,false
3166,1.3438531224490142e8,3.9547721491161585e7,11,0.11228203773498535,false
3167,1.343861689964449e8,3.2897690918390244e7,10,0.09925079345703125,false
3168,1.343862490198505e8,6.8559280241236985e6,2,0.03266620635986328,false
3169,1.3438642988319063e8,4.828973952940562e7,12,0.12626290321350098,false
3170,1.3438642988319063e8,3.385118169999987e6,1,0.02108597755432129,false
3171,1.3438650703561452e8,1.2418535265303531e8,16,0.16695404052734375,false
3172,1.3438651739368707e8,1.452842499190189e7,5,0.05878305435180664,false
3173,1.3438658089093062e8,6.3021977154147e7,12,0.13352203369140625,false
3174,1.3438724380595568e8,1.1474475885710001e7,3,0.0446009635925293,false
3175,1.3438731889387673e8,2.114787186989615e8,41,0.4241788387298584,false
3176,1.343875531858588e8,2.4222231361842662e7,6,0.07831096649169922,false
3177,1.3438777087419465e8,8.672957414588603e7,13,0.13881611824035645,false
3178,1.343880806267699e8,2.2434343665963173e7,5,0.06520891189575195,false
3179,1.3438809043532777e8,3.385118169999987e6,1,0.020992040634155273,false
3180,1.3438857546629962e8,6.77031803691563e6,2,0.03196215629577637,false
3181,1.3438876101212284e8,6.737114637337387e6,2,0.031738996505737305,false
3182,1.3438894229968405e8,9.998289640166134e6,3,0.04181694984436035,false
3183,1.343889458242758e8,2.2483687851618037e7,6,0.07626485824584961,false
3184,1.343890004522234e8,9.223538172668612e7,23,0.22998809814453125,false
3185,1.343908138813029e8,9.689909909774594e7,23,0.23571395874023438,false
3186,1.3439088856925887e8,1.0130452938093916e7,3,0.0407259464263916,false
3187,1.343910779370176e8,1.1658899318024874e7,3,0.045081138610839844,false
3188,1.3439117886892912e8,9.50932323011902e6,3,0.04100298881530762,false
3189,1.3439144189549205e8,1.9486848463638693e7,5,0.06286287307739258,false
3190,1.3439144189549205e8,3.385118169999987e6,1,0.02019810676574707,false
3191,1.343914625872854e8,2.6795054371822417e8,53,0.5038650035858154,false
3192,1.3439153243104145e8,6.14613492002227e7,11,0.12955689430236816,false
3193,1.3439240945209852e8,9.949439098682025e7,18,0.19820809364318848,false
3194,1.34392590201441e8,9.508346151151808e7,20,0.2136058807373047,false
3195,1.3439275288792402e8,1.3373989143477917e7,4,0.05437421798706055,false
3196,1.3439296723064676e8,9.0126592539749e7,19,0.21015286445617676,false
3197,1.3439312934937373e8,1.2819780640547633e7,3,0.051039934158325195,false
3198,1.3439312934937373e8,3.385118169999987e6,1,0.021335124969482422,false
3199,1.3439318853192294e8,1.909312101999463e7,6,0.07387900352478027,false
3200,1.3439388293646502e8,4.414972872998944e7,8,0.09775805473327637,false
3201,1.343940312004974e8,6.737227532150984e6,2,0.033746957778930664,false
3202,1.3439480616025752e8,2.3044670392605394e7,5,0.06370401382446289,false
3203,1.3439486870052183e8,8.765773106846613e7,18,0.20046782493591309,false
3204,1.3439541461975357e8,1.0052022742283192e8,19,0.1933910846710205,false
3205,1.3439554081082305e8,7.709162888543339e7,28,0.24599790573120117,false
3206,1.3439577798477218e8,1.64466451354658e7,4,0.05802607536315918,false
3207,1.343959918195664e8,9.689128168737274e7,22,0.23065614700317383,false
3208,1.3439610283752352e8,2.272862022389993e7,6,0.07682394981384277,false
3209,1.343962256431272e8,1.6123269356998146e7,4,0.05851602554321289,false
3210,1.3439645022757882e8,3.385118169999987e6,1,0.02140498161315918,false
3211,1.3439651877195984e8,3.0299190092868134e7,8,0.09582996368408203,false
3212,1.3439655656523818e8,5.498216262167549e7,15,0.15697598457336426,false
3213,1.3439692363873523e8,6.737974015727609e6,2,0.03448009490966797,false
3214,1.3439696546085316e8,5.721325265363088e7,14,0.14925289154052734,false
3215,1.3439716463836747e8,5.1274112867563546e7,9,0.11089706420898438,false
3216,1.3439761156071812e8,1.8559186972263753e7,4,0.059185028076171875,false
3217,1.343979767406078e8,8.677277554322931e7,21,0.20995879173278809,false
3218,1.3439801805040815e8,6.7376935981570035e6,2,0.0337371826171875,false
3219,1.3439875094928387e8,1.2461557269959003e7,3,0.04862689971923828,false
3220,1.3439877756324065e8,4.042692311961755e7,8,0.09752106666564941,false
3221,1.343990530155272e8,3.398886418212372e7,11,0.1123359203338623,false
3222,1.343990530155272e8,4.572116599999994e6,1,0.022809982299804688,false
3223,1.344000662977562e8,7.166652236390483e7,14,0.1732189655303955,false
3224,1.3440016082452223e8,6.5081756407432556e7,18,0.19511818885803223,false
3225,1.3440033527949014e8,9.899841356087804e6,2,0.03331494331359863,false
3226,1.344007672216214e8,7.592764025254667e6,2,0.03383803367614746,false
3227,1.3440088242544612e8,3.591359120328534e7,9,0.10784292221069336,false
3228,1.3440099263882318e8,3.3685836100000143e6,1,0.0206301212310791,false
3229,1.344018847989796e8,2.9503675770453423e7,8,0.08989191055297852,false
3230,1.3440198718414512e8,2.2751125796009153e7,6,0.07252693176269531,false
3231,1.3440217508011937e8,3.233135002816025e8,47,0.46476006507873535,false
3232,1.3440237277216515e8,1.4678977409792751e7,4,0.05507802963256836,false
3233,1.3440294296438998e8,1.0817340573069036e7,3,0.04485297203063965,false
3234,1.3440307260183257e8,1.5634428430481339e8,32,0.3491060733795166,false
3235,1.3440346073387364e8,1.0236481869524166e7,3,0.04546785354614258,false
3236,1.3440367128465807e8,1.0209603021672752e8,25,0.26026201248168945,false
3237,1.3440446818688813e8,8.981249384520814e7,17,0.19128108024597168,false
3238,1.3440473256202105e8,7.957271665379067e7,15,0.1529378890991211,false
3239,1.3440494922474062e8,3.471420206852242e7,9,0.10987997055053711,false
3240,1.3440578212312543e8,2.0208277532174945e7,5,0.06688117980957031,false
3241,1.3440581391543546e8,3.499009610547632e6,1,0.022032976150512695,false
3242,1.344058400394986e8,1.0143416625771672e7,3,0.04637789726257324,false
3243,1.3440601785021544e8,3.1159680816591054e7,9,0.10092496871948242,false
3244,1.3440642272204614e8,4.5025653471545234e7,8,0.09125709533691406,false
3245,1.3440712013605207e8,1.9853966244345358e8,25,0.2535560131072998,false
3246,1.344073357054623e8,1.7820492272082448e7,4,0.06089496612548828,false
3247,1.344075449506496e8,4.5688027476593554e7,10,0.11631298065185547,false
3248,1.3440755453040338e8,2.2376719190888807e7,7,0.08315801620483398,false
3249,1.3440780745994708e8,2.4583790070255816e7,5,0.06844496726989746,false
3250,1.34407983932991e8,3.3685836099999994e6,1,0.021034955978393555,false
3251,1.3440813749398208e8,3.3685836100000143e6,1,0.0208890438079834,false
3252,1.3440826714373645e8,2.0005220705940068e7,4,0.05921196937561035,false
3253,1.3440828052124512e8,2.6280485574478507e7,9,0.09610915184020996,false
3254,1.3440835065289542e8,1.1717586444374979e7,3,0.04781293869018555,false
3255,1.3440846847321755e8,7.956705039904568e7,19,0.204941987991333,false
3256,1.3440858327135575e8,3.3332792453814015e7,8,0.10002589225769043,false
3257,1.344088612956607e8,6.929169111271706e7,13,0.14295601844787598,false
3258,1.3440925376144513e8,2.0906059345166624e7,6,0.07954907417297363,false
3259,1.344095623757282e8,1.5089552029811084e7,4,0.0550389289855957,false
3260,1.3440995744662678e8,5.8211969164394766e7,12,0.12323904037475586,false
3261,1.3440997563589162e8,1.485670065974094e7,4,0.05768704414367676,false
3262,1.3441019119823927e8,4.37382535435268e7,8,0.10267305374145508,false
3263,1.3441024260105887e8,7.082706750331429e7,15,0.1671438217163086,false
3264,1.3441054389413214e8,2.0683587844587266e7,4,0.0549771785736084,false
3265,1.3441054389413214e8,3.385118169999987e6,1,0.022335052490234375,false
3266,1.3441119151609272e8,4.251426067015535e7,8,0.10445785522460938,false
3267,1.3441132052535266e8,6.347510108015491e7,16,0.17673397064208984,false
3268,1.3441218121066937e8,1.6421028821169198e7,4,0.05923008918762207,false
3269,1.3441221697820607e8,2.1101296007316187e7,5,0.0657339096069336,false
3270,1.3441263888550454e8,3.385118169999987e6,1,0.0212099552154541,false
3271,1.3441263888550454e8,3.499009610547632e6,1,0.020991086959838867,false
3272,1.3441284887602383e8,2.1921309405788094e7,5,0.06468605995178223,false
3273,1.3441303506991315e8,6.737114637337387e6,2,0.0325930118560791,false
3274,1.3441303506991315e8,3.3685836100000143e6,1,0.020725011825561523,false
3275,1.3441303506991318e8,3.3685836099999994e6,1,0.020380020141601562,false
3276,1.3441396246315172e8,9.275088567892605e7,14,0.13679194450378418,false
3277,1.344147415868942e8,8.435420993308042e7,19,0.19669795036315918,false
3278,1.3441476110654807e8,3.757388218098475e7,13,0.12333893775939941,false
3279,1.3441505931541842e8,2.4487834142148048e7,7,0.08432698249816895,false
3280,1.3441517108318064e8,2.2728676189285234e7,6,0.06878399848937988,false
3281,1.3441530444754606e8,1.0945373015002713e7,3,0.044875144958496094,false
3282,1.344154715669058e8,6.737651165182099e6,2,0.032158851623535156,false
3283,1.3441547156690577e8,3.385118169999987e6,1,0.021136999130249023,false
3284,1.344155892339393e8,2.6933950793651015e7,8,0.09144020080566406,false
3285,1.3441581272284776e8,3.80809044335929e7,11,0.11082100868225098,false
3286,1.344158156899057e8,1.986261933943589e7,6,0.07237887382507324,false
3287,1.3441614104348147e8,1.9453119929995155e8,24,0.2488689422607422,false
3288,1.34416333489911e8,4.4436629246533155e7,12,0.1281270980834961,false
3289,1.3441659809948412e8,2.090626683177443e7,7,0.0819540023803711,false
3290,1.3441672180466044e8,6.737745453516036e6,2,0.03617405891418457,false
3291,1.3441672377398556e8,2.0105689530760273e7,6,0.07553291320800781,false
3292,1.344167237739856e8,4.572116599999994e6,1,0.022149085998535156,false
3293,1.3441678856365514e8,5.808266427261771e7,13,0.14359593391418457,false
3294,1.344171542286875e8,1.1361571711226419e7,3,0.0466768741607666,false
3295,1.3441715960243124e8,9.889630598667234e6,3,0.042919158935546875,false
3296,1.3441753439314577e8,6.634578912824467e7,15,0.17357492446899414,false
3297,1.3441770893207753e8,4.224599516944361e7,8,0.10068511962890625,false
3298,1.344178743354331e8,1.541082200846529e7,4,0.05903983116149902,false
3299,1.3441802174845815e8,3.838173305010995e7,11,0.11367297172546387,false
3300,1.3441814874857125e8,5.072920303140399e7,11,0.12392306327819824,false
3301,1.3441843969269082e8,2.262263045959738e7,6,0.07902407646179199,false
3302,1.3441939930188468e8,5.877178337426576e7,11,0.12656903266906738,false
3303,1.3441940923870873e8,1.6955249624624744e7,6,0.06785798072814941,false
3304,1.3441940923870876e8,3.385118169999987e6,1,0.021355867385864258,false
3305,1.344198954564756e8,1.2369615187619379e8,22,0.23180818557739258,false
3306,1.3442002710204694e8,1.524277678331998e7,5,0.0648338794708252,false
3307,1.3442006030018234e8,9.311534085761428e6,3,0.045877933502197266,false
3308,1.3442165264028314e8,2.138946725889808e7,6,0.07792806625366211,false
3309,1.3442179485153383e8,1.5544666183525145e7,4,0.06141495704650879,false
3310,1.3442183882459852e8,6.005910855382675e7,18,0.1898670196533203,false
3311,1.3442205809075522e8,1.1492610790442526e7,3,0.05004715919494629,false
3312,1.3442209511918855e8,1.328907734516812e8,26,0.28298377990722656,false
3313,1.3442222298325372e8,6.757352851643264e6,2,0.034379005432128906,false
3314,1.344231878171917e8,3.838151981225124e7,11,0.11663198471069336,false
3315,1.3442387313868013e8,1.487370131117244e7,4,0.05520510673522949,false
3316,1.3442396196838006e8,2.5093731218858898e7,5,0.06978511810302734,false
3317,1.3442419029529485e8,2.779664244720137e8,49,0.5089318752288818,false
3318,1.3442423469970587e8,2.850629821213776e7,8,0.09900498390197754,false
3319,1.3442437097816467e8,3.979562470918946e7,9,0.11616897583007812,false
3320,1.344244864796099e8,5.639401102110501e7,15,0.16737794876098633,false
3321,1.3442498226612133e8,7.459656858751157e7,12,0.1358470916748047,false
3322,1.3442524201917762e8,2.582860212032941e7,8,0.09544801712036133,false
3323,1.3442562146820506e8,3.3372666153216958e7,9,0.10814595222473145,false
3324,1.3442564916821137e8,1.818364637336184e7,5,0.06708097457885742,false
3325,1.3442585290403795e8,1.1812961319468051e7,3,0.044753074645996094,false
3326,1.3442732564494285e8,7.282704533636004e6,2,0.03341388702392578,false
3327,1.344274057947344e8,3.4192892501448244e7,7,0.08978509902954102,false
3328,1.3442793199922982e8,1.4904720062431931e7,3,0.050360918045043945,false
3329,1.3442808284585625e8,6.737486415009424e6,2,0.03362011909484863,false
3330,1.3442817414717242e8,3.499009610547632e6,1,0.021333932876586914,false
3331,1.3442836313444242e8,2.812244876738316e7,6,0.07785201072692871,false
3332,1.344284987960435e8,1.4855626963207468e7,4,0.05780792236328125,false
3333,1.3442850129194036e8,2.7723076091521353e7,6,0.07996010780334473,false
3334,1.344288003329251e8,1.288461375648278e7,3,0.04681110382080078,false
3335,1.3442893009614503e8,1.1324474430571628e8,25,0.2663259506225586,false
3336,1.3442913517986062e8,7.141335574141189e6,2,0.033711910247802734,false
3337,1.3443034858816883e8,7.856060370000005e6,2,0.03456401824951172,false
3338,1.3443035820226634e8,3.3685836099999994e6,1,0.020769119262695312,false
3339,1.344303868493399e8,8.626406074675412e7,25,0.25605297088623047,false
3340,1.3443057410896263e8,6.984057641078763e7,22,0.21210002899169922,false
3341,1.34430815643649e8,5.035175623824592e7,17,0.16832900047302246,false
3342,1.3443102827433437e8,9.556905458374318e7,19,0.2237989902496338,false
3343,1.3443112088477173e8,3.733517983721748e7,9,0.1196589469909668,false
3344,1.3443114817904115e8,3.3685836100000143e6,1,0.02220296859741211,false
3345,1.3443127508329904e8,8.780918094970872e7,23,0.2353971004486084,false
3346,1.3443137858085042e8,9.66215215345146e7,23,0.2460169792175293,false
3347,1.344329917936283e8,2.0595865944520563e7,5,0.06501102447509766,false
3348,1.3443332103996602e8,2.0572554583224654e7,4,0.05690598487854004,false
3349,1.3443332869871104e8,8.847003489123145e7,13,0.1552739143371582,false
3350,1.3443334858561012e8,5.7159677739881635e7,15,0.17846202850341797,false
3351,1.3443373501334625e8,3.672603382215501e7,9,0.0967869758605957,false
3352,1.3443394060602704e8,2.153912666123405e7,7,0.08765792846679688,false
3353,1.3443397644275132e8,3.2632570578983575e7,9,0.10178208351135254,false
3354,1.3443420267978162e8,7.593139019443959e6,2,0.03542900085449219,false
3355,1.3443458560603347e8,8.247923845608711e6,2,0.03476285934448242,false
3356,1.3443474170859882e8,2.0112541897627026e7,6,0.07560014724731445,false
3357,1.3443508083701244e8,1.0145590476313323e7,3,0.0459139347076416,false
3358,1.3443528592632115e8,1.762669546089004e7,6,0.07015299797058105,false
3359,1.3443534271096313e8,1.9190676681202754e7,6,0.07071805000305176,false
3360,1.34435385747557e8,9.316005201225916e7,20,0.22295308113098145,false
3361,1.3443562521505493e8,1.2497550307894337e8,23,0.25989484786987305,false
3362,1.34435682980876e8,8.462279962565368e7,19,0.2262871265411377,false
3363,1.3443571910574302e8,2.071877174461052e7,5,0.07117891311645508,false
3364,1.344361101143017e8,2.5278489492333353e7,8,0.08976292610168457,false
3365,1.344361923124417e8,1.2454750679605067e7,4,0.055497169494628906,false
3366,1.344366799657136e8,1.7738271179891816e8,29,0.3273959159851074,false
3367,1.3443704343572026e8,3.374782466655482e7,10,0.10445404052734375,false
3368,1.3443709850604433e8,1.2510909484437436e7,4,0.055541038513183594,false
3369,1.344372996139357e8,1.6868011186516285e7,5,0.06637287139892578,false
3370,1.3443733692468572e8,1.390584147122392e7,4,0.053256988525390625,false
3371,1.3443758089764875e8,4.731150156826463e7,11,0.12240409851074219,false
3372,1.344376598786241e8,1.2513120839096487e7,3,0.0460200309753418,false
3373,1.344378178138514e8,7.206800644324702e7,14,0.16038084030151367,false
3374,1.3443794844197136e8,3.499009610547632e6,1,0.022037982940673828,false
3375,1.3443808506874713e8,1.9650358515096605e7,6,0.07204222679138184,false
3376,1.3443810268231758e8,1.3997735478968507e8,26,0.2927877902984619,false
3377,1.3443847617651013e8,4.000649194286525e7,8,0.10834908485412598,false
3378,1.3443873772281876e8,2.226674413391437e8,34,0.38234710693359375,false
3379,1.3443919339631036e8,9.723053878145263e6,3,0.048718929290771484,false
3380,1.3443942798824978e8,2.7314514476630494e7,7,0.09436202049255371,false
3381,1.3444003197517917e8,3.626171281893507e7,8,0.10395002365112305,false
3382,1.3444005997525707e8,6.867488200000003e6,2,0.034214019775390625,false
3383,1.3444011161532578e8,2.064307817597811e7,7,0.08477592468261719,false
3384,1.3444119345557317e8,4.128625377363992e7,8,0.09756088256835938,false
3385,1.3444128117807376e8,3.0190589241431832e7,9,0.10267210006713867,false
3386,1.344413227548331e8,2.317156019379756e7,6,0.08016610145568848,false
3387,1.344417270247747e8,4.232068103914094e7,9,0.11185288429260254,false
3388,1.344422844424373e8,3.385118169999987e6,1,0.022411108016967773,false
3389,1.344424529159417e8,7.580243835572538e7,16,0.1920318603515625,false
3390,1.3444324834066373e8,1.7204732366336167e7,4,0.05922198295593262,false
3391,1.344433279410284e8,1.6367761768943444e7,5,0.0713810920715332,false
3392,1.3444357289704537e8,2.06449768410355e7,6,0.1054229736328125,false
3393,1.3444392128949532e8,4.191594970812975e7,11,0.11068391799926758,false
3394,1.3444473665750614e8,2.5916105934796166e8,38,0.3518390655517578,false
3395,1.3444492778212148e8,2.7565235834037572e7,7,0.09325599670410156,false
3396,1.3444523855356824e8,5.9930404946319535e7,13,0.13283491134643555,false
3397,1.3444542881812552e8,3.3685836100000143e6,1,0.021697998046875,false
3398,1.3444559195723012e8,1.7801329467827287e8,34,0.36283302307128906,false
3399,1.3444566862007165e8,6.722827362327063e7,15,0.17782902717590332,false
3400,1.3444566862007165e8,3.3685836099999994e6,1,0.02288508415222168,false
3401,1.344457730268738e8,3.5380570241956055e7,9,0.1113429069519043,false
3402,1.3444592783189002e8,1.3485708120012462e7,4,0.059774160385131836,false
3403,1.3444630390501815e8,1.1646109305508375e7,3,0.0463099479675293,false
3404,1.3444645474201983e8,2.5531486872521445e7,7,0.08965301513671875,false
3405,1.3444670318139303e8,2.6308820019637883e7,7,0.08056092262268066,false
3406,1.3444673618197563e8,3.177065801682855e8,47,0.4967660903930664,false
3407,1.344467994484729e8,2.0679829607254744e7,7,0.08453202247619629,false
3408,1.3444679944847286e8,3.3685836100000143e6,1,0.021806955337524414,false
3409,1.344489553778547e8,1.6752629224591285e7,3,0.04590797424316406,false
3410,1.3444902238788426e8,6.7375205390547365e6,2,0.03410506248474121,false
3411,1.3444908102033877e8,1.3957177800648063e7,4,0.0598139762878418,false
3412,1.344490858705331e8,5.717902138614501e7,16,0.17424798011779785,false
3413,1.3444914468040273e8,3.4417185549726605e7,12,0.1177968978881836,false
3414,1.344493254558467e8,1.4465895220249966e7,4,0.05993914604187012,false
3415,1.3444933860192186e8,3.3685836100000143e6,1,0.021687030792236328,false
3416,1.3444937547202054e8,2.5100448503051147e7,9,0.09431099891662598,false
3417,1.3444940442966816e8,1.7263828681619912e7,6,0.07077598571777344,false
3418,1.344501012157044e8,1.9126589249862322e8,32,0.3389418125152588,false
3419,1.344502056472377e8,3.0477395223537534e7,7,0.10206413269042969,false
3420,1.3445076116774353e8,4.1521634785579234e7,11,0.10913991928100586,false
3421,1.3445138813254783e8,4.890502537056783e7,10,0.1165461540222168,false
3422,1.3445162437502125e8,2.318180152098109e7,6,0.08142781257629395,false
3423,1.344517332986309e8,2.1819624456748933e7,6,0.08683896064758301,false
3424,1.3445203155065712e8,2.9424440919752494e7,8,0.1056671142578125,false
3425,1.3445217399697545e8,4.312801299459438e7,13,0.1443779468536377,false
3426,1.3445219254136047e8,1.828878389233926e7,6,0.07662200927734375,false
3427,1.3445266151104563e8,6.770402539683342e6,2,0.035308122634887695,false
3428,1.3445276632115307e8,1.721088052175638e7,4,0.06443285942077637,false
3429,1.3445280948702684e8,3.758133204668042e7,9,0.11292195320129395,false
3430,1.344537076636233e8,1.8884640231502235e7,4,0.05685305595397949,false
3431,1.3445373832227e8,1.4404790174151918e8,28,0.32274413108825684,false
3432,1.3445403692630535e8,2.2449074770471573e7,6,0.07829689979553223,false
3433,1.3445403692630535e8,6.737061679999992e6,2,0.037348031997680664,false
3434,1.344542052985125e8,6.737114637337387e6,2,0.03520703315734863,false
3435,1.3445420529851243e8,8.364908195255488e6,2,0.03617286682128906,false
3436,1.3445457483906597e8,9.488088420000017e6,2,0.03718209266662598,false
3437,1.3445457944191045e8,1.0102523177045092e8,19,0.22544598579406738,false
3438,1.3445458279189852e8,1.3259368814568028e7,4,0.059803009033203125,false
3439,1.344546391474375e8,5.028618172201148e7,9,0.11375904083251953,false
3440,1.3445489740105796e8,1.4354072149855986e7,4,0.056839942932128906,false
3441,1.3445529931078148e8,1.2662711004000902e7,3,0.048272132873535156,false
3442,1.3445666524296093e8,1.3049458672597158e8,24,0.27013492584228516,false
3443,1.344568613669814e8,1.61353607447088e8,30,0.3271629810333252,false
3444,1.3445686136698136e8,3.3685836100000143e6,1,0.02139902114868164,false
3445,1.344574278736652e8,1.9289799758695e8,28,0.3143198490142822,false
3446,1.3445762572552925e8,1.6627158773363858e7,4,0.06564807891845703,false
3447,1.3445797227901417e8,1.6811062546510458e7,5,0.07311701774597168,false
3448,1.3445838198982048e8,3.90918060703682e7,7,0.0938730239868164,false
3449,1.3445856177595928e8,2.0104628997756884e7,6,0.0834050178527832,false
3450,1.3445856177595928e8,3.3685836099999994e6,1,0.021309852600097656,false
3451,1.3445878822647312e8,2.9010638150896862e7,9,0.1031332015991211,false
3452,1.3445976158538023e8,3.419645752927339e7,8,0.10658693313598633,false
3453,1.3445976158538023e8,3.385118169999987e6,1,0.022242069244384766,false
3454,1.3446119223986602e8,1.60005746818493e7,4,0.05492901802062988,false
3455,1.344615128649809e8,1.6676539259898812e7,4,0.06898379325866699,false
3456,1.3446244010335043e8,3.610196737384185e7,9,0.11861705780029297,false
3457,1.3446286770766297e8,3.882376086816263e7,9,0.11786007881164551,false
3458,1.3446327688223532e8,6.754459418637335e6,2,0.03702497482299805,false
3459,1.3446333593227327e8,5.905237897323094e7,16,0.17397189140319824,false
3460,1.344635568709632e8,1.0671561693338752e7,3,0.053069114685058594,false
3461,1.3446357124187696e8,1.8653744417186245e7,5,0.07320094108581543,false
3462,1.3446360440496147e8,2.8616436440601426e8,54,0.6177041530609131,false
3463,1.344639475451751e8,1.6506563975981772e7,5,0.07212591171264648,false
3464,1.344640453670207e8,9.311788218282536e6,3,0.044744014739990234,false
3465,1.3446405631635362e8,5.1710793719632894e7,10,0.12725496292114258,false
3466,1.3446407051145756e8,7.53869609133514e7,21,0.23233389854431152,false
3467,1.3446428321263948e8,4.3080459309662014e7,12,0.13783717155456543,false
3468,1.3446496396858782e8,1.844859443307981e7,4,0.0661008358001709,false
3469,1.34465037481382e8,3.475295289010684e7,9,0.1171720027923584,false
3470,1.3446509926905763e8,2.319820309300357e7,8,0.09174299240112305,false
3471,1.3446528605863005e8,5.433795254419035e7,15,0.16794610023498535,false
3472,1.3446530353863e8,2.1763842644273728e7,5,0.07626700401306152,false
3473,1.3446584226595807e8,5.9106828881614804e7,10,0.1252119541168213,false
3474,1.3446584944273385e8,1.865596325330092e7,6,0.07863593101501465,false
3475,1.3446586645035297e8,1.9839838767251417e7,6,0.07618999481201172,false
3476,1.3446636398334765e8,3.3569180761012256e7,8,0.09791707992553711,false
3477,1.344669698776848e8,6.110556062852293e7,9,0.10430908203125,false
3478,1.3446733220055938e8,1.0332898565893546e7,3,0.048442840576171875,false
3479,1.3446737649766228e8,8.690217530677783e7,18,0.22450518608093262,false
3480,1.3446740479076567e8,6.855928024123684e6,2,0.032756805419921875,false
3481,1.3446889779590002e8,8.264474013974506e7,14,0.15025019645690918,false
3482,1.3446906779294232e8,1.4064276525724605e8,26,0.3129398822784424,false
3483,1.344692617931014e8,2.373857466075617e8,37,0.40627598762512207,false
3484,1.3446975750672302e8,1.255451478130568e8,28,0.3251221179962158,false
3485,1.3446977063102144e8,3.3685836099999994e6,1,0.021513938903808594,false
3486,1.3446983019621718e8,7.970508218715888e7,16,0.1960890293121338,false
3487,1.344702000167141e8,6.770691581124425e6,2,0.036813974380493164,false
3488,1.3447127060810208e8,2.8816756987802207e7,5,0.06646203994750977,false
3489,1.3447127060810208e8,3.3685628890626132e6,1,0.022142887115478516,false
3490,1.3447128798827708e8,2.1915726737012744e7,7,0.09038400650024414,false
3491,1.344714466305778e8,2.7836877312184453e7,6,0.08990597724914551,false
3492,1.344719631557111e8,1.3588946708647639e7,3,0.051705121994018555,false
3493,1.3447199821781635e8,6.737518572287232e6,2,0.03496289253234863,false
3494,1.34472728207122e8,9.718926162727791e7,14,0.1500389575958252,false
3495,1.3447274639539364e8,1.3268797450648293e7,4,0.06663107872009277,false
3496,1.3447275677628624e8,1.684465403307272e8,31,0.37403106689453125,false
3497,1.3447288808866006e8,1.1126936846024653e8,16,0.20378684997558594,false
3498,1.344732707890224e8,3.744927832541761e7,11,0.12012600898742676,false
3499,1.3447334894796738e8,1.5985160034709632e7,5,0.06661415100097656,false
3500,1.3447370092172128e8,2.625535013276723e7,5,0.0715329647064209,false
3501,1.3447375703688443e8,3.7947023598082244e7,11,0.12129497528076172,false
3502,1.3447375703688443e8,3.3685836100000143e6,1,0.021747112274169922,false
3503,1.3447376677578926e8,1.0219829216345915e8,24,0.2672288417816162,false
3504,1.3447381099863705e8,1.7241427776198512e8,35,0.3792691230773926,false
3505,1.344740025732159e8,4.1330669757145464e7,10,0.09868502616882324,false
3506,1.3447400612921122e8,1.0124362525157094e7,3,0.04844379425048828,false
3507,1.3447407002389172e8,3.945452240620586e7,12,0.12887215614318848,false
3508,1.344741553652328e8,3.828363777834371e7,8,0.1103670597076416,false
3509,1.344741706143176e8,3.3685836099999994e6,1,0.0217897891998291,false
3510,1.3447431015047348e8,1.9196830017917454e7,5,0.07467007637023926,false
3511,1.3447433732840908e8,7.160431287615414e7,18,0.2193000316619873,false
3512,1.3447436250400376e8,5.500970745449342e7,14,0.16341805458068848,false
3513,1.344756119051369e8,1.4652591973204863e8,30,0.3399529457092285,false
3514,1.3447592284910038e8,2.623632799951026e7,5,0.06578302383422852,false
3515,1.344762240357691e8,3.731827423686591e7,9,0.11852788925170898,false
3516,1.344762240357691e8,3.3685836100000143e6,1,0.022062063217163086,false
3517,1.3447658511851957e8,1.3884887039105728e8,31,0.3431389331817627,false
3518,1.344765851185195e8,3.3685836100000143e6,1,0.022561073303222656,false
3519,1.3447682272234705e8,5.189755880094364e7,14,0.16282296180725098,false
3520,1.3447734967235243e8,4.6648247246227354e7,8,0.09368014335632324,false
3521,1.3447762447366092e8,1.029878807237789e7,3,0.04905581474304199,false
3522,1.3447781400302905e8,6.770425351549149e6,2,0.03358602523803711,false
3523,1.3447801284571114e8,4.572116599999994e6,1,0.022118091583251953,false
3524,1.344781213792608e8,9.52587676385203e6,3,0.04642295837402344,false
3525,1.344783080001639e8,3.562687544680551e7,7,0.09053611755371094,false
3526,1.3447835721348608e8,5.864422537618491e7,13,0.15378999710083008,false
3527,1.3447844140492386e8,1.001399083141011e7,3,0.04428291320800781,false
3528,1.3447900164140207e8,3.953736505289623e7,7,0.09521293640136719,false
3529,1.3447918584937742e8,6.737518572287217e6,2,0.0350339412689209,false
3530,1.3447962460262123e8,1.3645101248634964e7,4,0.062145233154296875,false
3531,1.344797146138925e8,5.472233323690915e7,11,0.14476895332336426,false
3532,1.344797146138925e8,3.3685628890626132e6,1,0.02530193328857422,false
3533,1.3447994481076002e8,1.9232437687091947e7,6,0.08710503578186035,false
3534,1.3447994481076002e8,4.572116599999994e6,1,0.02321600914001465,false
3535,1.344801595848896e8,6.308123276687506e7,15,0.18495798110961914,false
3536,1.344806224762234e8,1.5838029789120704e7,5,0.0712740421295166,false
3537,1.3448104591719526e8,1.588457223145549e7,5,0.06753087043762207,false
3538,1.344810523845349e8,1.1826424270554754e8,24,0.27422094345092773,false
3539,1.3448111925370812e8,3.3685628890625983e6,1,0.022762060165405273,false
3540,1.3448122183103284e8,3.385118169999987e6,1,0.02296900749206543,false
3541,1.3448139945925468e8,1.238624165740621e7,4,0.0636751651763916,false
3542,1.3448152330234468e8,1.0113974262655556e7,3,0.049818992614746094,false
3543,1.34481556456893e8,5.724946014822158e7,12,0.1456599235534668,false
3544,1.3448172472334406e8,6.885841051794529e6,2,0.03842902183532715,false
3545,1.344818541461614e8,2.4991905468810916e7,7,0.09507894515991211,false
3546,1.344818541461614e8,3.3685836100000143e6,1,0.02185797691345215,false
3547,1.3448188686824986e8,1.8087013804016843e7,5,0.06991410255432129,false
3548,1.344819998380795e8,3.385118169999987e6,1,0.02305293083190918,false
3549,1.344823403025932e8,1.786932106122437e7,5,0.06521010398864746,false
3550,1.3448247458056343e8,1.2154353941682403e8,27,0.31865882873535156,false
3551,1.3448401576787713e8,4.905648591005376e7,9,0.11446213722229004,false
3552,1.344841606755156e8,2.9746508144252345e7,10,0.11729693412780762,false
3553,1.344841892656761e8,6.872409199999988e6,2,0.04166698455810547,false
3554,1.3448420640303874e8,3.25930800440374e7,9,0.11577296257019043,false
3555,1.344842111996138e8,1.3475497139678687e7,4,0.06315398216247559,false
3556,1.3448438808933082e8,6.872969981124431e6,2,0.037206172943115234,false
3557,1.344846208002474e8,4.422876121244988e7,8,0.11299395561218262,false
3558,1.344846867341738e8,6.7535755190626085e6,2,0.03709101676940918,false
3559,1.344846867341738e8,3.385118169999987e6,1,0.022409915924072266,false
3560,1.344847964271299e8,3.5828679872361496e7,9,0.10659098625183105,false
3561,1.3448479642712998e8,4.487582300000012e6,1,0.023817062377929688,false
3562,1.3448484395167148e8,3.385118169999987e6,1,0.0231168270111084,false
3563,1.3448497142253077e8,2.974903917925316e7,9,0.1138310432434082,false
3564,1.3448498049523267e8,1.1880431280374385e8,23,0.26099395751953125,false
3565,1.344850546012279e8,1.402438764697448e8,25,0.2785911560058594,false
3566,1.344851466284223e8,6.772516009477615e6,2,0.03869295120239258,false
3567,1.3448539721886283e8,2.132510411378643e7,7,0.0903780460357666,false
3568,1.3448540285985428e8,1.2264565920151114e8,23,0.25965189933776855,false
3569,1.3448566987286142e8,1.399514627588749e7,4,0.06298398971557617,false
3570,1.3448628048706043e8,9.473791325100645e7,14,0.14902114868164062,false
3571,1.344863227341527e8,9.465092926464424e6,3,0.04638195037841797,false
3572,1.344863921785698e8,2.9343904822781727e7,9,0.11295104026794434,false
3573,1.3448640255985704e8,1.2116918361861217e8,20,0.21987295150756836,false
3574,1.344868783789478e8,1.0236658223002806e7,3,0.04883694648742676,false
3575,1.3448696657069418e8,1.8846504903267056e7,6,0.08571004867553711,false
3576,1.344871124294099e8,3.385118169999987e6,1,0.023878097534179688,false
3577,1.3448712839808875e8,5.5184306749807075e7,17,0.19574594497680664,false
3578,1.344872190390516e8,6.737264439766094e6,2,0.03573203086853027,false
3579,1.3448838296556833e8,1.018218384830932e8,17,0.1907968521118164,false
3580,1.3448865084668702e8,1.4618287752276778e7,3,0.05147409439086914,false
3581,1.344886788782217e8,1.4002239922570804e8,27,0.31461501121520996,false
3582,1.344890480911664e8,3.1795509779123515e7,8,0.09358096122741699,false
3583,1.3448910705179054e8,8.950076271206713e7,28,0.30592989921569824,false
3584,1.344891271306314e8,3.3685628890626132e6,1,0.02157902717590332,false
3585,1.3448950572691655e8,8.264813038129076e7,12,0.13141798973083496,false
3586,1.3448961442061117e8,1.624370442176893e8,29,0.3437931537628174,false
3587,1.3448970799017328e8,3.423178595270972e7,10,0.12319588661193848,false
3588,1.344897180251947e8,2.0138129329040393e7,6,0.08268094062805176,false
3589,1.3448971981985703e8,3.489790874843751e7,10,0.11245918273925781,false
3590,1.3448977630180386e8,7.30835614985411e7,18,0.21419191360473633,false
3591,1.3448977630180383e8,3.385118169999987e6,1,0.023524999618530273,false
3592,1.3448977630180386e8,3.3685836100000143e6,1,0.0227200984954834,false
3593,1.3449063479759794e8,3.966308768359551e7,11,0.11843681335449219,false
3594,1.3449063582671833e8,6.737264439766109e6,2,0.0366671085357666,false
3595,1.3449064397916892e8,5.924786420447537e7,14,0.17487096786499023,false
3596,1.3449092550868905e8,1.3543656576687932e7,3,0.05196809768676758,false
3597,1.344915731853314e8,3.2708945117837757e7,7,0.08837485313415527,false
3598,1.3449160304762766e8,2.980257215714468e7,8,0.10496997833251953,false
3599,1.344916903694953e8,1.0253494880707145e7,3,0.05199098587036133,false
3600,1.3449189150463548e8,1.5480793158506662e7,3,0.050942182540893555,false
3601,1.3449194162659788e8,6.737114637337387e6,2,0.03626394271850586,false
3602,1.344921187451066e8,1.3393268997573808e7,4,0.059771060943603516,false
3603,1.344921187451066e8,3.385118169999987e6,1,0.023332834243774414,false
3604,1.3449214119637138e8,1.0003446592833534e7,3,0.047573089599609375,false
3605,1.34492223836042e8,9.349220119212434e6,3,0.049469947814941406,false
3606,1.3449223477726966e8,3.583806305424689e7,8,0.10327696800231934,false
3607,1.344922347772697e8,3.3685836100000143e6,1,0.02345108985900879,false
3608,1.3449236945235348e8,3.6620196375792325e7,10,0.12110590934753418,false
3609,1.3449257531039268e8,6.925621620269376e7,15,0.1799180507659912,false
3610,1.3449273496645907e8,7.74912752699788e7,24,0.26061010360717773,false
3611,1.3449368059280348e8,8.499988665626228e6,2,0.03689694404602051,false
3612,1.3449368059280348e8,3.499009610547632e6,1,0.023005962371826172,false
3613,1.344937357202688e8,1.7937767613832533e7,6,0.08225703239440918,false
3614,1.3449378713641194e8,6.068751462388703e7,13,0.15090298652648926,false
3615,1.344940611635628e8,1.2758401506933624e8,20,0.2500150203704834,false
3616,1.3449441141372472e8,2.9599643477036968e7,8,0.1129150390625,false
3617,1.3449527333313552e8,9.074708024451198e7,29,0.28726887702941895,false
3618,1.3449530819635352e8,8.107734669609737e7,18,0.22314715385437012,false
3619,1.344954670555862e8,3.0378718729681507e7,10,0.11803483963012695,false
3620,1.3449548646709186e8,1.7441404594362944e7,6,0.07486104965209961,false
3621,1.3449588865212595e8,4.3294353638115734e7,10,0.1321561336517334,false
3622,1.344962773340483e8,1.4128834065976626e8,16,0.18765592575073242,false
3623,1.344964868835377e8,6.627521991381654e7,17,0.21709203720092773,false
3624,1.344964872734339e8,4.2057239846320584e7,12,0.13483881950378418,false
3625,1.3449718528459594e8,1.1955734807972705e8,23,0.263153076171875,false
3626,1.34497277084156e8,3.0608196355892092e7,7,0.09767007827758789,false
3627,1.344973317747204e8,5.440241376892839e7,13,0.1549069881439209,false
3628,1.3449751810126504e8,3.385118169999987e6,1,0.023056983947753906,false
3629,1.3449783031135163e8,1.0722813629767567e7,3,0.04838705062866211,false
3630,1.3449786286098883e8,1.674717093005082e7,5,0.07240581512451172,false
3631,1.3449793356923375e8,3.605538052480434e7,8,0.09888601303100586,false
3632,1.344979533993844e8,3.321421567036389e7,10,0.12126708030700684,false
3633,1.3449811150345153e8,9.488318274233848e6,2,0.038839101791381836,false
3634,1.344983504062273e8,6.770691581124425e6,2,0.0390629768371582,false
3635,1.344984417166628e8,1.0121173261537217e8,14,0.18236804008483887,false
3636,1.3449853046083033e8,6.884095117856711e6,2,0.036363840103149414,false
3637,1.344987697868025e8,6.753596239999995e6,2,0.03556394577026367,false
3638,1.3449884830629107e8,2.490189545446229e7,8,0.10077905654907227,false
3639,1.344990511845756e8,1.8822169622280568e7,5,0.07685208320617676,false
3640,1.3449906949545082e8,4.418750006792621e7,10,0.10720205307006836,false
3641,1.3449916135579064e8,9.299902501546457e6,3,0.051036834716796875,false
3642,1.3449920367006248e8,4.487582300000012e6,1,0.02457118034362793,false
3643,1.3449976478336442e8,8.1897119400187e7,17,0.21805095672607422,false
3644,1.3450009656406903e8,4.560863163450386e7,12,0.13009405136108398,false
3645,1.3450016318912724e8,7.928409628124784e7,18,0.22135281562805176,false
3646,1.3450067055768284e8,3.0812928693280578e7,7,0.1349639892578125,false
3647,1.3450067055768284e8,3.3685836100000143e6,1,0.023890972137451172,false
3648,1.345006949859242e8,2.667249361329606e7,6,0.08595919609069824,false
3649,1.3450097019051993e8,1.0607601034820582e8,26,0.2793920040130615,false
3650,1.3450102704084134e8,6.737264439766109e6,2,0.03572988510131836,false
3651,1.3450102704084134e8,3.3685836100000143e6,1,0.022912025451660156,false
3652,1.345010570784044e8,6.738531425710782e6,2,0.03612804412841797,false
3653,1.345010570784044e8,3.3685836100000143e6,1,0.022958040237426758,false
3654,1.3450106301618984e8,1.260322942461364e7,4,0.06383800506591797,false
3655,1.3450174359200543e8,1.755573176439649e8,29,0.33783483505249023,false
3656,1.3450174359200558e8,3.3685836099999994e6,1,0.023082971572875977,false
3657,1.3450178218930757e8,6.737693598156989e6,2,0.03654313087463379,false
3658,1.345022466158475e8,1.5369126982472956e7,5,0.07589197158813477,false
3659,1.3450232008971804e8,1.3987634435249645e8,22,0.24722003936767578,false
3660,1.345025021682089e8,8.93261321098103e7,15,0.16166996955871582,false
3661,1.3450351765449682e8,8.47450774096598e7,16,0.19475507736206055,false
3662,1.3450351765449682e8,3.3685836100000143e6,1,0.023608922958374023,false
3663,1.3450354558103728e8,3.877535549683127e7,8,0.11242294311523438,false
3664,1.3450354558103728e8,3.385118169999987e6,1,0.023936986923217773,false
3665,1.345041325056739e8,5.333112708059639e7,11,0.1284949779510498,false
3666,1.345041690542893e8,4.568350620784041e7,13,0.15065217018127441,false
3667,1.3450479610055164e8,8.686240607992104e7,23,0.2489478588104248,false
3668,1.3450481979289553e8,2.034747006291519e7,6,0.08208298683166504,false
3669,1.3450539030576056e8,8.134374595255494e6,2,0.03726506233215332,false
3670,1.345055992821716e8,5.78610699416894e7,11,0.14636492729187012,false
3671,1.3450580582761824e8,7.058880558200926e6,2,0.038331031799316406,false
3672,1.3450621982120666e8,1.0050776908544074e8,18,0.23188996315002441,false
3673,1.345062701419391e8,2.4863114158778533e7,8,0.10173916816711426,false
3674,1.3450635795185047e8,3.61481820016142e7,10,0.11720681190490723,false
3675,1.3450635795185044e8,3.3685836099999994e6,1,0.022397994995117188,false
3676,1.345064818144833e8,2.995958892461334e7,8,0.11072921752929688,false
3677,1.345071166062408e8,1.503285600098753e7,4,0.0633089542388916,false
3678,1.3450715113092571e8,3.3685836100000143e6,1,0.023259878158569336,false
3679,1.3450804694180635e8,8.96072366741555e7,14,0.16132903099060059,false
3680,1.3450820425071526e8,5.254976800635834e7,11,0.1227419376373291,false
3681,1.345086439493897e8,2.7561976248930514e7,6,0.08987998962402344,false
3682,1.3450873032677606e8,4.380548599909313e7,13,0.1600661277770996,false
3683,1.3450874780874592e8,2.4507095474983275e7,8,0.09830808639526367,false
3684,1.345090336775323e8,1.8087267797765598e7,5,0.06749796867370605,false
3685,1.3450976094373962e8,4.6694902012271285e7,8,0.11305594444274902,false
3686,1.345097614910811e8,7.569457341874886e7,15,0.19846296310424805,false
3687,1.3450985624615368e8,9.509514876988962e6,3,0.048521995544433594,false
3688,1.3451018262674257e8,1.0268720463028282e8,17,0.20450401306152344,false
3689,1.3451018262674257e8,3.3685836099999994e6,1,0.0231931209564209,false
3690,1.3451019488454002e8,1.345255305093576e7,4,0.06398391723632812,false
3691,1.3451032104860225e8,1.3565826207674667e8,24,0.2908470630645752,false
3692,1.3451032132184878e8,7.862513220746249e6,2,0.04160881042480469,false
3693,1.3451061772599092e8,1.048632098000002e7,3,0.05112600326538086,false
3694,1.3451077342432213e8,1.7868861871734872e7,5,0.07351016998291016,false
3695,1.345111150039761e8,3.768621762652594e7,7,0.09222698211669922,false
3696,1.3451126673340777e8,7.592904419470459e6,2,0.039621829986572266,false
3697,1.3451127706146762e8,3.3685628890625983e6,1,0.02374100685119629,false
3698,1.3451144314246765e8,4.3537958660793245e7,10,0.11645913124084473,false
3699,1.345114943014087e8,4.927780153058453e7,15,0.18280601501464844,false
3700,1.345115071691497e8,6.230423999073729e7,13,0.16710996627807617,false
3701,1.3451171915269107e8,6.914024919297814e6,2,0.03735995292663574,false
3702,1.3451190860723528e8,1.5406104897170424e7,4,0.06277203559875488,false
3703,1.3451251873603034e8,5.355686434366763e7,9,0.10274791717529297,false
3704,1.3451257400612956e8,6.4950560276152775e7,15,0.18651914596557617,false
3705,1.3451266877367866e8,2.647985860544397e7,8,0.10144495964050293,false
3706,1.3451277702817678e8,1.9408932744895157e8,29,0.3412940502166748,false
3707,1.345130509284884e8,3.105486173352757e7,6,0.08615803718566895,false
3708,1.3451331849684578e8,3.21779273124609e7,9,0.12178397178649902,false
3709,1.3451334445955253e8,4.358398987265287e7,13,0.14682793617248535,false
3710,1.345135113615038e8,3.4138476835577965e7,8,0.10634708404541016,false
3711,1.3451361697489312e8,6.8558746400000155e6,2,0.03873586654663086,false
3712,1.3451382239719933e8,6.513901432844785e7,14,0.1751859188079834,false
3713,1.3451396749803668e8,1.2731460175078392e7,4,0.06070899963378906,false
3714,1.3451398308191183e8,1.6660659513904586e7,5,0.068756103515625,false
3715,1.3451422873180014e8,6.905152444883227e6,2,0.03768301010131836,false
3716,1.3451443197218972e8,3.0864111116702616e7,9,0.10187411308288574,false
3717,1.3451478945554203e8,8.866223157322657e7,16,0.20599579811096191,false
3718,1.3451480053807288e8,4.041193711028814e7,13,0.14948511123657227,false
3719,1.3451483334984854e8,1.3686203437577233e7,4,0.061192989349365234,false
3720,1.3451498870559302e8,1.1502618505698502e7,3,0.048532962799072266,false
3721,1.3451500072460178e8,3.3685836099999994e6,1,0.023543119430541992,false
3722,1.3451509764660567e8,4.372057340715143e7,10,0.13459181785583496,false
3723,1.3451593835974208e8,1.907090565898989e7,5,0.07165217399597168,false
3724,1.34516258004915e8,9.473271740628348e7,15,0.1933128833770752,false
3725,1.3451631801032022e8,9.070556209064592e7,23,0.2674570083618164,false
3726,1.3451692235269088e8,3.499009610547632e6,1,0.025057077407836914,false
3727,1.3451700049697605e8,2.7515073013451606e7,6,0.09420490264892578,false
3728,1.345170732486101e8,3.3685628890625983e6,1,0.024080991744995117,false
3729,1.345173922740559e8,3.716334319052112e7,9,0.1170051097869873,false
3730,1.3451752498365864e8,1.6492205925045043e7,4,0.0664370059967041,false
3731,1.3451752498365867e8,3.3685628890625983e6,1,0.02355790138244629,false
3732,1.3451762484668162e8,1.7250380616520524e7,5,0.07939505577087402,false
3733,1.3451763456234506e8,6.141151766062993e7,13,0.15945005416870117,false
3734,1.345183069600769e8,8.701850287448382e7,22,0.2435929775238037,false
3735,1.3451838882047608e8,1.929610884652564e7,5,0.07846784591674805,false
3736,1.345184542689813e8,5.303145202098718e7,13,0.1485741138458252,false
3737,1.3451868700824884e8,6.913974378925817e7,18,0.22121310234069824,false
3738,1.3451900836430854e8,1.2143431632032573e7,3,0.051773786544799805,false
3739,1.345191549361489e8,2.1124863080643997e7,6,0.07788300514221191,false
3740,1.3451923290184814e8,1.0165006651850131e8,18,0.21223115921020508,false
3741,1.3451954614208847e8,8.479024488494518e7,16,0.20250701904296875,false
3742,1.34519710221027e8,5.249647954368423e7,12,0.15131402015686035,false
3743,1.345202615645332e8,1.648431803078422e7,4,0.06952786445617676,false
3744,1.3452043869553843e8,6.867488200000018e6,2,0.038082122802734375,false
3745,1.3452047902663818e8,6.442134784939404e7,18,0.2103288173675537,false
3746,1.3452110256135982e8,1.0362397503523996e8,22,0.26816320419311523,false
3747,1.3452124342571792e8,1.3448075539497122e7,3,0.05078577995300293,false
3748,1.3452142635710108e8,1.2082651068024874e7,3,0.05551600456237793,false
3749,1.345215148556131e8,2.300695088560483e7,5,0.07471013069152832,false
3750,1.345217754803333e8,9.39537486999999e6,3,0.046794891357421875,false
3751,1.3452178318518126e8,7.715721962397304e7,11,0.11682319641113281,false
3752,1.3452182032657012e8,7.910173236047545e7,11,0.13187384605407715,false
3753,1.3452213215345547e8,1.6664887525232464e7,4,0.06931209564208984,false
3754,1.3452221657403022e8,6.037735689931999e7,13,0.16080689430236816,false
3755,1.345222736802559e8,1.449954148816885e7,5,0.0709371566772461,false
3756,1.345222844707372e8,2.1694436108939484e7,7,0.0917508602142334,false
3757,1.3452238565027177e8,9.474125992142454e6,3,0.0481569766998291,false
3758,1.345225018239515e8,8.234070752024873e7,22,0.2447659969329834,false
3759,1.345225037193874e8,7.957129229999989e6,2,0.04000115394592285,false
3760,1.345225078510345e8,7.561494762627701e7,19,0.2311558723449707,false
3761,1.3452279706113234e8,4.717091921538171e7,9,0.12692713737487793,false
3762,1.3452280091726202e8,1.4486264923878238e7,4,0.06574797630310059,false
3763,1.3452295211556733e8,1.1967016265178755e7,4,0.059384822845458984,false
3764,1.3452384461992526e8,2.6335786396042824e7,5,0.08069705963134766,false
3765,1.3452388176561615e8,1.0016960148756936e7,3,0.05532097816467285,false
3766,1.3452397818262786e8,4.716214877061863e7,13,0.1474771499633789,false
3767,1.3452406241881412e8,4.119279204585458e7,8,0.09950900077819824,false
3768,1.345244099997495e8,3.3685836100000143e6,1,0.02362680435180664,false
3769,1.345247431233909e8,6.044843787345198e7,11,0.1323230266571045,false
3770,1.3452479683084324e8,2.7798589782059744e7,7,0.09987807273864746,false
3771,1.3452479683084324e8,6.867733230993643e6,2,0.0351560115814209,false
3772,1.3452489475141263e8,8.72333707112621e7,20,0.24757909774780273,false
3773,1.3452497322850695e8,4.777436811441399e7,12,0.12756586074829102,false
3774,1.34525669755986e8,1.3200371747942805e7,3,0.05593109130859375,false
3775,1.3452571304151672e8,6.750363430414978e7,10,0.12906193733215332,false
3776,1.3452630912542513e8,1.1833744494844231e8,18,0.23201894760131836,false
3777,1.3452649018260142e8,7.874362199580938e6,2,0.03989815711975098,false
3778,1.3452649930400974e8,2.5775442956240684e7,8,0.10547900199890137,false
3779,1.3452747932890484e8,1.5605160762453055e8,26,0.3244588375091553,false
3780,1.3452750215036327e8,1.3681957240266457e7,4,0.06512212753295898,false
3781,1.3452755897983336e8,3.1596704394179553e7,6,0.09042787551879883,false
3782,1.345275696218085e8,3.81567519667196e7,12,0.1358189582824707,false
3783,1.3452835954666576e8,2.662585683470294e7,7,0.09816408157348633,false
3784,1.3452840197496223e8,6.63366464209637e6,2,0.03900504112243652,false
3785,1.3452868916381827e8,4.572116599999994e6,1,0.024910926818847656,false
3786,1.3452877822847477e8,4.49078257360481e7,11,0.13213610649108887,false
3787,1.3452883085685435e8,5.056190769394511e7,10,0.134415864944458,false
3788,1.3452883085685432e8,3.385118169999987e6,1,0.024387121200561523,false
3789,1.3452883085685432e8,3.499009610547632e6,1,0.024718046188354492,false
3790,1.3452894825539207e8,3.4212697442111775e7,9,0.12847399711608887,false
3791,1.3452948767844197e8,1.012884598975262e7,3,0.05206298828125,false
3792,1.3452962322045866e8,4.52056557065894e7,10,0.1321249008178711,false
3793,1.3452998442813045e8,3.281754846640238e7,6,0.09202909469604492,false
3794,1.3453003237381205e8,1.5475011976421058e7,5,0.07353687286376953,false
3795,1.3453044764395136e8,1.0123145405795485e7,3,0.0521550178527832,false
3796,1.3453071785286903e8,2.2322793084295094e7,6,0.08776307106018066,false
3797,1.3453075045135847e8,1.6878475479725003e7,5,0.07337594032287598,false
3798,1.345311259023456e8,7.955335657993944e7,15,0.17072606086730957,false
3799,1.3453127274279407e8,4.352229339137587e7,11,0.1401050090789795,false
3800,1.345313491887049e8,1.3618032692924485e7,4,0.0622708797454834,false
3801,1.3453147387444386e8,7.856060370000005e6,2,0.03670215606689453,false
3802,1.3453164730174682e8,2.1131575643439844e7,5,0.07713890075683594,false
3803,1.345321032267942e8,2.957201013194889e7,5,0.07399511337280273,false
3804,1.34532121618981e8,1.9030072385531396e7,5,0.07600998878479004,false
3805,1.3453236571777153e8,3.914079362808205e7,7,0.08934688568115234,false
3806,1.3453250489620638e8,6.01529127885278e7,17,0.19771814346313477,false
3807,1.3453255280951908e8,3.385118169999987e6,1,0.024556875228881836,false
3808,1.345325759782188e8,1.1208944774205998e8,27,0.3072950839996338,false
3809,1.3453266182766584e8,3.3685836100000143e6,1,0.023386001586914062,false
3810,1.345327416401014e8,2.1489995294172168e7,6,0.09105801582336426,false
3811,1.345327416401014e8,3.385118169999987e6,1,0.02522587776184082,false
3812,1.3453288812302196e8,2.1508600665960446e8,28,0.2921631336212158,false
3813,1.3453317685537332e8,1.2706815770761997e7,3,0.053215980529785156,false
3814,1.3453379414308798e8,9.412099682910949e6,3,0.05164980888366699,false
3815,1.3453396007059965e8,8.376455911154747e6,2,0.04027199745178223,false
3816,1.345340486453341e8,1.0964966691514242e8,23,0.2750270366668701,false
3817,1.3453418274586362e8,5.756470769649476e7,13,0.16550898551940918,false
3818,1.3453426927812275e8,4.5816049018287e7,14,0.16559410095214844,false
3819,1.3453497686583307e8,1.1838185815045194e8,24,0.30086493492126465,false
3820,1.3453512076743376e8,6.885841051794529e6,2,0.04149794578552246,false
3821,1.3453543841126946e8,2.6157039681666553e7,5,0.07603621482849121,false
3822,1.345354894209483e8,1.0155913345723331e7,3,0.05294084548950195,false
3823,1.3453549326403305e8,2.4916137708375677e7,7,0.09744811058044434,false
3824,1.345357627322261e8,1.192533091354961e8,25,0.3088250160217285,false
3825,1.3453586686077198e8,2.1303545352642223e7,6,0.0856618881225586,false
3826,1.3453587343805727e8,1.1719520157453686e7,3,0.054017066955566406,false
3827,1.3453624772025543e8,7.71724586707178e7,12,0.15627193450927734,false
3828,1.3453638962133512e8,1.3429197623542443e7,3,0.05008292198181152,false
3829,1.3453665552221498e8,2.7066372196515664e7,8,0.10563421249389648,false
3830,1.3453703043439326e8,9.899632879999995e6,2,0.039398908615112305,false
3831,1.3453703043439323e8,8.133958299999982e6,2,0.03940010070800781,false
3832,1.345370531816528e8,4.86669313646844e7,16,0.18979191780090332,false
3833,1.345370843217879e8,6.7382984356532395e6,2,0.03740096092224121,false
3834,1.3453726353042617e8,1.9785220759069055e7,5,0.07711505889892578,false
3835,1.345383048756588e8,8.90383882706829e7,19,0.24740004539489746,false
3836,1.3453845611675954e8,7.820295239325374e7,23,0.2530348300933838,false
3837,1.3453863287912315e8,6.0732863647859454e7,13,0.16640806198120117,false
3838,1.3453873443459243e8,1.6287319548951209e7,4,0.06823396682739258,false
3839,1.3453873443459243e8,3.385118169999987e6,1,0.02495598793029785,false
3840,1.3453876464693952e8,3.438660473905522e7,11,0.13144803047180176,false
3841,1.345388027526765e8,6.75621224463582e6,2,0.03856706619262695,false
3842,1.3453885354484996e8,1.1224913137699753e7,3,0.05351686477661133,false
3843,1.3453934969849974e8,3.049588313706231e7,6,0.09431815147399902,false
3844,1.345402043832979e8,9.551720184233844e6,2,0.04059600830078125,false
3845,1.345402559406294e8,7.275447389921126e7,17,0.2153010368347168,false
3846,1.3454091033565024e8,5.019744529649195e7,8,0.11341381072998047,false
3847,1.345409164980949e8,4.671244761606324e7,11,0.1470201015472412,false
3848,1.345409566877942e8,4.178772884248486e7,11,0.13762593269348145,false
3849,1.3454116217330873e8,4.949921152485967e7,12,0.1423051357269287,false
3850,1.345412371062035e8,2.7618325485137597e7,9,0.11133193969726562,false
3851,1.3454132020354965e8,4.794383009578541e7,10,0.13318586349487305,false
3852,1.345414990308255e8,3.475945606227106e7,6,0.0795891284942627,false
3853,1.3454149903082532e8,4.572116599999994e6,1,0.025033950805664062,false
3854,1.345422610642814e8,2.5468651672980234e7,7,0.10098409652709961,false
3855,1.345423746782535e8,6.855874640000001e6,2,0.03866291046142578,false
3856,1.345423949429247e8,1.0414677707764263e8,25,0.3076760768890381,false
3857,1.345427562898951e8,1.2158586432668298e7,3,0.05697202682495117,false
3858,1.3454281686971888e8,7.953003609563501e7,21,0.2601590156555176,false
3859,1.3454292901837856e8,1.522746499796912e7,3,0.05474495887756348,false
3860,1.3454293421436584e8,3.0701734466975868e7,10,0.10788202285766602,false
3861,1.3454308316807595e8,7.242833339689985e7,19,0.23646283149719238,false
3862,1.3454326179942143e8,1.1217039887343931e8,19,0.23610901832580566,false
3863,1.3454333607447654e8,1.1541421490171567e8,23,0.2878401279449463,false
3864,1.3454409636917585e8,3.8134773896402866e7,8,0.11644887924194336,false
3865,1.3454411079639482e8,6.737519435774818e6,2,0.03829813003540039,false
3866,1.3454430489198825e8,6.4827176046364486e7,18,0.22484493255615234,false
3867,1.3454451681856897e8,2.5768327447599822e8,38,0.45476794242858887,false
3868,1.3454462679492655e8,1.4246323925256297e7,5,0.07214808464050293,false
3869,1.3454468205557188e8,2.4681919335732356e7,6,0.0918729305267334,false
3870,1.34544827836968e8,1.1310237990574047e7,3,0.05249309539794922,false
3871,1.345457529438973e8,6.115180923052327e7,19,0.22731494903564453,false
3872,1.3454586374427083e8,2.601539645570931e7,7,0.10043692588806152,false
3873,1.3454591177630377e8,8.660569274092203e7,17,0.21962714195251465,false
3874,1.3454608938895324e8,4.487582300000012e6,1,0.025569915771484375,false
3875,1.345462470135029e8,3.385118169999987e6,1,0.029181957244873047,false
3876,1.345462552232462e8,2.5367962154828176e7,7,0.10849714279174805,false
3877,1.345464866466393e8,1.6627039937004179e7,4,0.06817197799682617,false
3878,1.345465327122716e8,7.006563493009655e7,19,0.234360933303833,false
3879,1.3454656991051027e8,9.851891969371173e7,20,0.26754093170166016,false
3880,1.3454657966871542e8,1.8929936393335888e8,41,0.5264151096343994,false
3881,1.3454715104239064e8,4.6911487760052234e7,9,0.10770797729492188,false
3882,1.345481820061255e8,3.543900051453146e7,6,0.08239388465881348,false
3883,1.3454910494530824e8,1.1252311733242829e8,28,0.34624814987182617,false
3884,1.3454919466844094e8,2.0852645589543045e7,5,0.07799100875854492,false
3885,1.3454923737684056e8,1.1076728939612886e8,15,0.1930699348449707,false
3886,1.3454941870419434e8,1.4626261849177554e7,4,0.06816601753234863,false
3887,1.3455004257865354e8,2.80555290491805e8,54,0.6366159915924072,false
3888,1.3455047822684133e8,5.910704419174293e7,12,0.14340996742248535,false
3889,1.345506389395453e8,2.0632512180410385e7,5,0.07139992713928223,false
3890,1.345509073465802e8,5.9717902439422384e7,17,0.2149641513824463,false
3891,1.345512816760625e8,1.6281906706935108e7,5,0.07970690727233887,false
3892,1.345514928759883e8,1.4329469667089647e8,35,0.4174189567565918,false
3893,1.3455152923655003e8,4.465083612018424e7,13,0.15468621253967285,false
3894,1.3455196578116724e8,3.109665811492528e7,9,0.12646079063415527,false
3895,1.34552155265746e8,1.8454800020099506e7,5,0.08019208908081055,false
3896,1.34552155265746e8,3.3685628890626132e6,1,0.024630069732666016,false
3897,1.3455240476436123e8,9.29573007162075e7,16,0.22078299522399902,false
3898,1.3455290641455942e8,1.8651528834115654e7,5,0.08252882957458496,false
3899,1.3455308053037718e8,2.094682301940024e7,6,0.09021306037902832,false
3900,1.345531043590721e8,4.2999372583409116e7,12,0.17642998695373535,false
3901,1.345531477911507e8,3.1342227632895827e7,7,0.10559606552124023,false
3902,1.3455323982578075e8,4.425792072745551e7,9,0.12931203842163086,false
3903,1.34553384913086e8,5.3203849583984286e7,12,0.1296379566192627,false
3904,1.3455380028091487e8,2.56295943044665e7,8,0.1056361198425293,false
3905,1.3455434399139744e8,3.3853549436523214e7,10,0.11574387550354004,false
3906,1.345543704729357e8,8.933701586416143e7,17,0.22508907318115234,false
3907,1.3455440929833224e8,8.276052147339432e7,22,0.2706029415130615,false
3908,1.3455443166593248e8,2.8696108516846016e7,9,0.11819291114807129,false
3909,1.3455443166593245e8,4.487582300000012e6,1,0.02589702606201172,false
3910,1.3455459406852946e8,3.845148950288272e7,8,0.09743809700012207,false
3911,1.3455459835338315e8,1.0236400011230662e7,3,0.054637908935546875,false
3912,1.3455465489075685e8,1.0108633479757339e7,3,0.05308103561401367,false
3913,1.345548037436167e8,2.5773710885557592e7,7,0.10484790802001953,false
3914,1.345548802384561e8,1.4306232856731504e7,3,0.05614209175109863,false
3915,1.3455498776193562e8,2.1367667964293405e7,6,0.08831095695495605,false
3916,1.3455533500533932e8,2.3944057855477184e7,5,0.0787351131439209,false
3917,1.3455550184574366e8,1.1616664225508377e7,3,0.05088996887207031,false
3918,1.3455594758645737e8,3.450407165243301e7,9,0.11910700798034668,false
3919,1.3455603603281975e8,1.2342875370228916e7,3,0.05213189125061035,false
3920,1.3455603603281975e8,3.3685836100000143e6,1,0.02385401725769043,false
3921,1.3455604966119054e8,2.4167038675624177e7,6,0.08816409111022949,false
3922,1.3455616552312267e8,6.737693598156989e6,2,0.037214040756225586,false
3923,1.3455616552312273e8,3.5162721705476344e6,1,0.024701833724975586,false
3924,1.3455619971755967e8,9.087130720987527e7,16,0.21526408195495605,false
3925,1.345563751911252e8,1.493248520211029e7,3,0.05689406394958496,false
3926,1.345569107284592e8,4.964040606965035e7,12,0.15283989906311035,false
3927,1.345570062399654e8,8.088760843772262e6,2,0.041192054748535156,false
3928,1.3455705900031522e8,4.709891804168704e7,12,0.1529550552368164,false
3929,1.3455705970950955e8,5.498511288889992e7,12,0.15231704711914062,false
3930,1.345570718904202e8,9.473893002084881e6,3,0.05102396011352539,false
3931,1.345570886149487e8,1.1471588638888477e8,31,0.3746168613433838,false
3932,1.345581036454369e8,7.985984916288331e7,11,0.14027810096740723,false
3933,1.3455878176060328e8,4.991738111604303e7,10,0.11671805381774902,false
3934,1.3455915903123376e8,1.8650958653082848e7,4,0.06442999839782715,false
3935,1.3455928941074592e8,1.537059001869902e7,5,0.08157491683959961,false
3936,1.3455942648104376e8,7.957129229999989e6,2,0.04126906394958496,false
3937,1.3455956829061735e8,2.011241457013443e8,32,0.36040282249450684,false
3938,1.3455961991982496e8,1.0958300456443802e7,3,0.0505831241607666,false
3939,1.34559655013986e8,3.385118169999987e6,1,0.024682998657226562,false
3940,1.34559717369092e8,6.753596239999995e6,2,0.036238908767700195,false
3941,1.3455979953190255e8,7.087557901043445e7,16,0.21472907066345215,false
3942,1.3456032508010527e8,1.4335469526496232e7,4,0.0664680004119873,false
3943,1.3456037508006117e8,6.763304334293771e7,14,0.1831510066986084,false
3944,1.3456040835124746e8,1.1135469112506568e7,3,0.054934024810791016,false
3945,1.34560710716311e8,2.915012970069796e8,40,0.4792349338531494,false
3946,1.3456132828960305e8,1.3895539822040156e7,4,0.06762313842773438,false
3947,1.3456163878144446e8,9.796397201067828e7,27,0.3288729190826416,false
3948,1.345618883281579e8,4.386251159907597e7,11,0.13777494430541992,false
3949,1.345618883281579e8,3.385118169999987e6,1,0.0249330997467041,false
3950,1.3456260989079815e8,1.2889808541536838e7,4,0.06396102905273438,false
3951,1.345626872354494e8,2.4501976764681727e7,7,0.10214495658874512,false
3952,1.3456309455868897e8,1.1145982221957281e7,3,0.0545039176940918,false
3953,1.345634189813605e8,2.7922927558866322e7,5,0.07516098022460938,false
3954,1.3456359072967723e8,3.636201188858047e7,10,0.13116002082824707,false
3955,1.3456373363904488e8,3.657305345016602e7,8,0.12097811698913574,false
3956,1.3456374332332635e8,6.928090960000008e6,2,0.04176688194274902,false
3957,1.345637825330865e8,3.902087259839834e7,8,0.11736297607421875,false
3958,1.3456389817724693e8,4.8967521812127575e7,12,0.15540409088134766,false
3959,1.345644040332735e8,1.1433221171170145e7,3,0.054502010345458984,false
3960,1.3456449468020117e8,3.790303833128178e7,9,0.1281888484954834,false
3961,1.3456460829641464e8,7.937184816020511e7,10,0.10898113250732422,false
3962,1.3456483921736324e8,3.738663898280868e7,6,0.08200907707214355,false
3963,1.345650155549133e8,7.60122051000002e6,2,0.03930091857910156,false
3964,1.345650838321487e8,1.541652371132744e8,35,0.4384160041809082,false
3965,1.3456517595536813e8,3.59099130748736e7,8,0.1128239631652832,false
3966,1.3456519682032868e8,2.975048257936871e7,5,0.0814061164855957,false
3967,1.3456525174837708e8,1.2910069007337216e8,25,0.3093068599700928,false
3968,1.3456586913632336e8,6.161534104816386e7,14,0.17541193962097168,false
3969,1.345662639077751e8,1.630099667997539e7,5,0.07268714904785156,false
3970,1.345665735989525e8,1.184296227819575e8,20,0.27294087409973145,false
3971,1.345670117072207e8,6.394472348459542e7,15,0.20456600189208984,false
3972,1.3456720011888427e8,1.1887661045419127e7,3,0.05437898635864258,false
3973,1.3456728297921702e8,3.1076763212031513e7,9,0.12229108810424805,false
3974,1.3456735078046086e8,2.004357516918847e7,5,0.08064508438110352,false
3975,1.345673938072063e8,2.8877586718471482e7,10,0.1157839298248291,false
3976,1.345674111897804e8,1.1778332821597978e7,4,0.06119108200073242,false
3977,1.3456822374167907e8,2.6895499391101122e7,5,0.08175897598266602,false
3978,1.345692293306893e8,1.289733288238118e8,32,0.3837449550628662,false
3979,1.3456932197989264e8,1.4624154038464531e7,5,0.07438802719116211,false
3980,1.3456960975875005e8,1.7974404129632297e8,29,0.3443620204925537,false
3981,1.3457012131137422e8,5.973077586531606e7,14,0.17002296447753906,false
3982,1.3457025757681888e8,9.059998240103602e6,2,0.040853023529052734,false
3983,1.3457086973791707e8,2.9955781522408783e7,6,0.091033935546875,false
3984,1.3457096370500565e8,2.960395706862527e7,9,0.11759090423583984,false
3985,1.3457096370500565e8,3.3685836100000143e6,1,0.023983001708984375,false
3986,1.345716975139297e8,7.957129229999989e6,2,0.0390779972076416,false
3987,1.345716975139297e8,3.3685836099999994e6,1,0.024358034133911133,false
3988,1.3457175323891973e8,1.0154439678413913e7,3,0.05541706085205078,false
3989,1.345719708896954e8,1.6530334606105775e7,4,0.06870508193969727,false
3990,1.345721044442961e8,2.2411868511860687e8,42,0.5301640033721924,false
3991,1.3457218898217428e8,3.3685836100000143e6,1,0.024792909622192383,false
3992,1.3457218898217428e8,6.7705300243219435e6,2,0.03919410705566406,false
3993,1.3457224833675122e8,6.753982858742237e6,2,0.041562795639038086,false
3994,1.3457230912373596e8,1.1090186188148916e7,3,0.0545201301574707,false
3995,1.3457257106277278e8,8.95306385104106e7,17,0.20981597900390625,false
3996,1.3457258382036194e8,1.2212510239291102e7,3,0.05654191970825195,false
3997,1.3457367259272102e8,8.552531595184092e7,24,0.2890331745147705,false
3998,1.3457457357896256e8,3.362864825675447e7,9,0.10801982879638672,false
3999,1.3457475790581086e8,2.5885990802554727e7,5,0.08360719680786133,false
4000,1.3457495646934628e8,3.743710617215456e8,66,0.7923498153686523,false
4001,1.3457502960033664e8,7.575843710000008e6,2,0.03921794891357422,false
4002,1.3457550922529235e8,1.765583114353326e7,6,0.08691000938415527,false
4003,1.3457661968493012e8,5.310427602616742e7,9,0.14047813415527344,false
4004,1.345771348562938e8,1.3288308111810759e7,4,0.06477999687194824,false
4005,1.3457731596304283e8,1.0674358701741892e8,26,0.31900501251220703,false
4006,1.3457731596304283e8,3.3685836099999994e6,1,0.024775981903076172,false
4007,1.3457734005919454e8,8.667533433971298e7,17,0.23440194129943848,false
4008,1.3457750022908363e8,1.8679103243982434e7,5,0.08399415016174316,false
4009,1.3457764083037323e8,8.594854716954225e7,14,0.19136500358581543,false
4010,1.345779562238303e8,7.224988423287423e7,17,0.21002888679504395,false
4011,1.3457821606347865e8,2.5672656146606e7,6,0.08881092071533203,false
4012,1.3457895802398768e8,3.385118169999987e6,1,0.025830984115600586,false
4013,1.345790897310219e8,2.276015765934165e7,7,0.09934210777282715,false
4014,1.3457910657906425e8,1.1738115886817902e7,3,0.05499887466430664,false
4015,1.345795725381851e8,1.9442551956008554e7,4,0.07184314727783203,false
4016,1.3458005827741987e8,7.889694945594859e7,18,0.24288296699523926,false
4017,1.345805429046834e8,2.973309130155559e7,9,0.11979889869689941,false
4018,1.3458054290468344e8,3.3685836100000143e6,1,0.025437116622924805,false
4019,1.3458061596644348e8,2.9553258473821923e7,9,0.11971092224121094,false
4020,1.3458069001922628e8,2.3692564686799794e7,8,0.1071021556854248,false
4021,1.345810201408351e8,2.5059053675215483e7,7,0.10496401786804199,false
4022,1.3458108642364296e8,8.06700929720315e7,18,0.24243688583374023,false
4023,1.3458114555879813e8,1.836059563367033e7,5,0.07884097099304199,false
4024,1.3458121405985364e8,1.010644356429638e7,3,0.05228710174560547,false
4025,1.3458138455910113e8,2.1026060135601133e7,4,0.07594585418701172,false
4026,1.345815073012945e8,1.029789124414337e8,20,0.25959014892578125,false
4027,1.3458155274923444e8,4.91848405743261e7,14,0.16166996955871582,false
4028,1.3458159420815712e8,1.96020903475886e7,6,0.08726000785827637,false
4029,1.345819994900374e8,1.1241150265049994e7,3,0.05673098564147949,false
4030,1.3458214136477187e8,2.185397201459858e7,6,0.09374094009399414,false
4031,1.345822672705318e8,9.05970919866252e6,2,0.04175090789794922,false
4032,1.3458240771457076e8,2.8215127370469734e7,7,0.09221506118774414,false
4033,1.3458243065555948e8,4.485994804060833e7,12,0.15697097778320312,false
4034,1.345835291745847e8,2.9286439311434746e7,6,0.09990096092224121,false
4035,1.345836767375421e8,7.697311423795554e7,16,0.2193770408630371,false
4036,1.345837235876078e8,1.082082392896676e7,3,0.05303812026977539,false
4037,1.3458376620265082e8,5.410540777285327e7,15,0.20004987716674805,false
4038,1.3458393029042432e8,1.6332936717843607e7,5,0.07648110389709473,false
4039,1.3458395254375538e8,1.8985487069102377e7,6,0.0880270004272461,false
4040,1.345844907460858e8,6.770402539683342e6,2,0.039752960205078125,false
4041,1.3458462901783895e8,1.270627511716336e7,3,0.05450701713562012,false
4042,1.3458465057741195e8,1.6736741490543962e7,5,0.07258391380310059,false
4043,1.345847603669187e8,7.302032454236242e7,16,0.2158370018005371,false
4044,1.3458484647756982e8,3.800095942927292e7,7,0.09249019622802734,false
4045,1.3458497619825476e8,1.4453437300784907e8,24,0.283782958984375,false
4046,1.3458518922432235e8,2.7039787709865287e7,8,0.11596798896789551,false
4047,1.345853318719553e8,6.73734551318498e6,2,0.040062904357910156,false
4048,1.3458540528210407e8,9.311789081770137e6,3,0.05062699317932129,false
4049,1.3458575942629048e8,1.4594351797343713e8,23,0.30716609954833984,false
4050,1.345857648720702e8,3.606564229670583e7,10,0.13402390480041504,false
4051,1.345858438966374e8,1.4990529970047832e7,5,0.0772850513458252,false
4052,1.345858438966374e8,3.3685836099999994e6,1,0.02526092529296875,false
4053,1.3458608224988553e8,2.2898021990546584e7,5,0.08989810943603516,false
4054,1.345861741255805e8,2.745236868353264e7,9,0.12227392196655273,false
4055,1.345863246921276e8,6.751184342237338e7,16,0.21141409873962402,false
4056,1.345863629721889e8,2.8863808585388377e7,9,0.12068581581115723,false
4057,1.345863673694056e8,6.737406540961221e6,2,0.04017901420593262,false
4058,1.3458656896913603e8,2.9046142884673074e7,8,0.11420202255249023,false
4059,1.3458664275541243e8,6.805039902427876e7,12,0.17269515991210938,false
4060,1.3458664937364882e8,6.75621224463582e6,2,0.04265880584716797,false
4061,1.3458677379601294e8,1.851104140904075e7,5,0.08032107353210449,false
4062,1.3458677379601294e8,3.3685836100000143e6,1,0.025632143020629883,false
4063,1.345869808279151e8,1.0253052390163675e7,3,0.052500009536743164,false
4064,1.3458712263825873e8,7.940987885739714e6,2,0.04067277908325195,false
4065,1.3458714817892954e8,3.166467805712761e7,8,0.1223900318145752,false
4066,1.3458719581731066e8,2.1625113783335418e7,6,0.09536004066467285,false
4067,1.34587271481305e8,9.063066118303546e7,12,0.1594381332397461,false
4068,1.345873549634716e8,3.8034308820399255e7,8,0.12412881851196289,false
4069,1.3458749178250226e8,2.953813529886724e7,6,0.08446311950683594,false
4070,1.3458795550675723e8,1.0200136411129385e7,3,0.05308198928833008,false
4071,1.3458814886631548e8,2.6621952309692085e7,6,0.08923506736755371,false
4072,1.3458829376736873e8,4.960464462183945e7,16,0.20240998268127441,false
4073,1.3458855929573262e8,1.152424295513417e8,25,0.3134019374847412,false
4074,1.3458855929573262e8,3.3685836099999994e6,1,0.025402069091796875,false
4075,1.3458862613131252e8,4.8726908971922696e7,11,0.14475297927856445,false
4076,1.34588703744737e8,1.0324722703797409e8,20,0.2810969352722168,false
4077,1.345888547191208e8,9.317747658827364e6,3,0.05181407928466797,false
4078,1.345888547191208e8,8.364908195255488e6,2,0.04021787643432617,false
4079,1.3458891036103404e8,1.9253965163551077e7,5,0.07851696014404297,false
4080,1.3458917404260084e8,8.57186734128488e7,16,0.21825003623962402,false
4081,1.3458922189905265e8,1.416770509264313e8,26,0.34126901626586914,false
4082,1.3458975971027112e8,3.5162721705476344e6,1,0.026569128036499023,false
4083,1.3458983035997477e8,1.9887118659664735e7,6,0.09299993515014648,false
4084,1.345898303599748e8,3.499009610547632e6,1,0.026057958602905273,false
4085,1.3458983035997477e8,4.487582300000012e6,1,0.02588510513305664,false
4086,1.3458985203852028e8,1.3114271217154324e7,3,0.05655980110168457,false
4087,1.345898688944881e8,6.737114637337372e6,2,0.03944706916809082,false
4088,1.3459088382662186e8,1.4591297230483085e7,3,0.06146597862243652,false
4089,1.34590896478555e8,6.88520297414121e6,2,0.039726972579956055,false
4090,1.345910383753833e8,3.59929158896804e7,7,0.11201310157775879,false
4091,1.3459120789747533e8,1.565907072168523e7,4,0.06696796417236328,false
4092,1.3459121626634774e8,6.737345558314413e6,2,0.03981590270996094,false
4093,1.3459139847270232e8,1.2098316425392628e7,3,0.05665421485900879,false
4094,1.3459151416042405e8,4.938222461637953e7,8,0.12708187103271484,false
4095,1.3459165694676897e8,6.737745453516036e6,2,0.04172706604003906,false
4096,1.3459168508185744e8,1.332394928025195e7,3,0.057832956314086914,false
4097,1.3459173465601236e8,3.385118169999987e6,1,0.0255889892578125,false
4098,1.3459187992645025e8,2.7085873381606072e7,6,0.09933304786682129,false
4099,1.3459193409884626e8,1.2149287354587328e8,22,0.2909829616546631,false
4100,1.3459241422920445e8,3.1818758659559906e8,48,0.5898990631103516,false
4101,1.345927198612852e8,9.815307056087822e6,2,0.041214942932128906,false
4102,1.3459275690646473e8,6.8558746400000155e6,2,0.041584014892578125,false
4103,1.3459275690646473e8,8.364908195255488e6,2,0.04032397270202637,false
4104,1.3459291153947377e8,3.4928027861366004e7,10,0.13412904739379883,false
4105,1.345930268602962e8,9.801423119156873e7,20,0.2558169364929199,false
4106,1.345930608282152e8,2.0807985444288105e7,4,0.07546496391296387,false
4107,1.3459383054937294e8,2.5406019421239346e7,6,0.10191607475280762,false
4108,1.3459425053853685e8,9.23699206027627e6,2,0.04226493835449219,false
4109,1.3459445692452493e8,1.2123777791217543e8,20,0.25218701362609863,false
4110,1.3459452585066488e8,1.549298623141405e7,4,0.06775212287902832,false
4111,1.345951445929028e8,1.7198475079088137e7,6,0.08972287178039551,false
4112,1.3459533008368424e8,6.942214291287795e7,17,0.2313399314880371,false
4113,1.3459545571485674e8,3.019072032047902e7,8,0.11746501922607422,false
4114,1.3459568376285863e8,7.98730375981468e6,2,0.04208207130432129,false
4115,1.3459572018201527e8,2.324847562213427e7,6,0.09513497352600098,false
4116,1.3459582544442043e8,3.499009610547632e6,1,0.026791095733642578,false
4117,1.3459600343377593e8,2.252763508062902e7,5,0.0846860408782959,false
4118,1.3459601970603007e8,1.172571089992246e7,3,0.05617690086364746,false
4119,1.3459606995241383e8,4.558777112464301e7,12,0.15671896934509277,false
4120,1.3459615446280658e8,4.631927296132019e7,10,0.13523006439208984,false
4121,1.3459686146462512e8,5.785248146468595e7,16,0.208143949508667,false
4122,1.3459695606964707e8,1.3010945246152848e7,4,0.06547307968139648,false
4123,1.3459721147390822e8,3.3034995900610268e7,9,0.12956905364990234,false
4124,1.345974095400418e8,8.893905777498221e7,19,0.26920485496520996,false
4125,1.3459745453209183e8,7.936192066908321e7,12,0.163970947265625,false
4126,1.3459754161397815e8,1.510726680075936e7,5,0.09534311294555664,false
4127,1.3459760814765874e8,1.0122881035083815e7,3,0.05752992630004883,false
4128,1.3459769343024272e8,9.925230113755336e7,17,0.21624398231506348,false
4129,1.3459790517963812e8,1.4494606027113706e7,4,0.07638096809387207,false
4130,1.3459795176276734e8,1.4541169198519158e8,30,0.395050048828125,false
4131,1.3459796243714193e8,1.6063899126627222e7,5,0.08091616630554199,false
4132,1.345981257152193e8,1.9481730812353417e7,6,0.08909082412719727,false
4133,1.345982787793242e8,1.219909811937666e7,3,0.05520510673522949,false
4134,1.3459828285491166e8,1.2428586539096504e7,3,0.057836055755615234,false
4135,1.3459862760111246e8,8.1343393771086335e6,2,0.04090285301208496,false
4136,1.3459881651070297e8,4.816482653063896e7,11,0.13260793685913086,false
4137,1.3459884991213706e8,3.744828022500807e7,10,0.14408111572265625,false
4138,1.3459894366496724e8,2.4289667954831526e7,6,0.09479498863220215,false
4139,1.3459901569141522e8,1.3010573776749533e8,31,0.4174931049346924,false
4140,1.3459909379291305e8,6.055433369754636e7,13,0.17923498153686523,false
4141,1.345992680566367e8,5.5828074536220044e7,10,0.13240599632263184,false
4142,1.3459930490556565e8,5.94983859361068e7,14,0.18139290809631348,false
4143,1.3459930664245468e8,1.9697163600667223e7,6,0.09202098846435547,false
4144,1.345996381407486e8,8.152116844531125e7,14,0.20265603065490723,false
4145,1.3459966419914418e8,1.6867235159855014e8,29,0.3973081111907959,false
4146,1.3459972034509537e8,6.928370115038946e6,2,0.03937077522277832,false
4147,1.3459977339553958e8,3.385118169999987e6,1,0.026771068572998047,false
4148,1.3460025697994313e8,2.7275215755409658e7,8,0.1180870532989502,false
4149,1.3460042522209778e8,9.876169693500975e7,21,0.29616689682006836,false
4150,1.3460056708570868e8,1.3273822426391605e8,24,0.3240680694580078,false
4151,1.346005948665195e8,1.3223090122083901e8,24,0.3321559429168701,false
4152,1.346007492795804e8,7.01042438274305e7,16,0.22967815399169922,false
4153,1.346007549045073e8,1.1878794161148053e8,20,0.27791690826416016,false
4154,1.346008679294859e8,2.515520106893301e7,8,0.11903810501098633,false
4155,1.34600879992795e8,5.270293398284742e7,14,0.26421284675598145,false
4156,1.3460087999279502e8,4.487582300000012e6,1,0.026720046997070312,false
4157,1.346011663191946e8,1.913601855897054e7,4,0.07258391380310059,false
4158,1.346012687220741e8,3.3685836099999994e6,1,0.025140047073364258,false
4159,1.34601299671475e8,1.389899970931372e7,4,0.07389616966247559,false
4160,1.346013248577325e8,7.114367705128673e7,14,0.20083999633789062,false
4161,1.346014200533456e8,3.499009610547632e6,1,0.026710987091064453,false
4162,1.3460146462545353e8,1.2899541164286375e7,3,0.05603194236755371,false
4163,1.3460152814654166e8,7.64858319549217e7,12,0.1610729694366455,false
4164,1.3460153469658092e8,1.9355566584575027e7,5,0.08410787582397461,false
4165,1.346017167702017e8,1.0109020024308115e7,3,0.054859161376953125,false
4166,1.346019491417158e8,5.2858844394590795e7,13,0.18046903610229492,false
4167,1.34602388711564e8,8.240595580027905e7,14,0.18386292457580566,false
4168,1.346025345928032e8,1.0025585231277674e7,3,0.057817935943603516,false
4169,1.3460254786415374e8,1.90981644830617e7,5,0.08453512191772461,false
4170,1.3460256719873124e8,6.753596239999995e6,2,0.03871893882751465,false
4171,1.346026008254334e8,2.2997277133464664e7,6,0.08290910720825195,false
4172,1.346026008254334e8,3.385118169999987e6,1,0.026704788208007812,false
4173,1.3460292929852453e8,4.243063292119494e7,8,0.13036513328552246,false
4174,1.3460292929852453e8,3.499009610547632e6,1,0.026606082916259766,false
4175,1.3460293817347312e8,6.737227532150984e6,2,0.04003787040710449,false
4176,1.3460301600450408e8,9.210629970782575e7,18,0.25275611877441406,false
4177,1.3460302172696468e8,2.957551267214173e7,9,0.12351799011230469,false
4178,1.346034007779782e8,1.366860588078472e7,4,0.07110190391540527,false
4179,1.34604177466988e8,1.4986529033767998e7,3,0.0550539493560791,false
4180,1.3460423894099182e8,7.226597606994916e7,24,0.27591800689697266,false
4181,1.3460431555862075e8,7.560136679667422e7,10,0.1536109447479248,false
4182,1.3460434604143977e8,5.510132859977549e7,14,0.19994020462036133,false
4183,1.3460456294759482e8,3.9847818491758585e7,9,0.13468098640441895,false
4184,1.346045669596004e8,3.749283687380892e7,9,0.13664793968200684,false
4185,1.346045669596004e8,3.385118169999987e6,1,0.02741694450378418,false
4186,1.34604630484471e8,4.283013842942414e7,11,0.14602994918823242,false
4187,1.34604630484471e8,4.487582300000012e6,1,0.02684807777404785,false
4188,1.346046980630867e8,2.933995943521455e7,6,0.1005399227142334,false
4189,1.346048167030325e8,2.7813804467832357e7,8,0.10521101951599121,false
4190,1.346050013776426e8,5.236525628093752e7,12,0.17103099822998047,false
4191,1.346051480096628e8,2.3848618906537548e7,7,0.11121702194213867,false
4192,1.3460514864795896e8,6.737227532150984e6,2,0.0416109561920166,false
4193,1.3460537973025957e8,1.0770926903867024e8,20,0.2807321548461914,false
4194,1.3460538526506028e8,1.3488650311044082e7,4,0.07075881958007812,false
4195,1.3460642281241116e8,9.359665521772009e7,17,0.24049711227416992,false
4196,1.346064788007157e8,6.948707316754073e6,2,0.04272198677062988,false
4197,1.3460657704193118e8,1.5872490971035448e8,29,0.39704203605651855,false
4198,1.3460674039882767e8,1.7212781949910715e7,5,0.0870358943939209,false
4199,1.3460681883197328e8,2.9662799208857283e7,6,0.09048104286193848,false
4200,1.3460687719047692e8,3.832068125226082e7,10,0.13991403579711914,false
4201,1.3460687719047695e8,4.487582300000012e6,1,0.02935004234313965,false
4202,1.3460755036494052e8,9.278109289013615e7,12,0.1687178611755371,false
4203,1.3460757806427246e8,7.760064177808522e7,18,0.26470518112182617,false
4204,1.3460760911973745e8,1.8794829948354095e7,5,0.08632588386535645,false
4205,1.346076728612705e8,1.5020661174172372e7,4,0.0758669376373291,false
4206,1.3460770939380312e8,2.7013301515447438e7,7,0.1096811294555664,false
4207,1.3460770992944363e8,7.643079753478876e7,19,0.26105594635009766,false
4208,1.346077683174048e8,2.4366292278790593e7,8,0.11740708351135254,false
4209,1.3460782926578766e8,3.3685836100000143e6,1,0.026482820510864258,false
4210,1.3460784566181695e8,9.085995360653785e7,16,0.24718308448791504,false
4211,1.346082914719703e8,2.9280447675563425e7,7,0.10413908958435059,false
4212,1.3460836448548886e8,1.014105389947763e7,3,0.061836957931518555,false
4213,1.3460876136023745e8,8.351212938953823e7,14,0.20212697982788086,false
4214,1.346090154980493e8,1.3199924952447623e7,3,0.05938291549682617,false
4215,1.346092294675656e8,4.8193271243994385e7,9,0.12385416030883789,false
4216,1.346092294675656e8,3.385118169999987e6,1,0.026751995086669922,false
4217,1.3460956851165006e8,5.996515558579674e7,10,0.12380790710449219,false
4218,1.3460960789441168e8,8.826112397236878e7,14,0.19549894332885742,false
4219,1.3460985297662574e8,2.8587583856986597e7,6,0.09998202323913574,false
4220,1.3461003137161317e8,2.033094352615288e7,6,0.09592294692993164,false
4221,1.3461009551072374e8,8.932855278211552e7,22,0.3034210205078125,false
4222,1.3461018134565163e8,6.737518572287232e6,2,0.04164600372314453,false
4223,1.3461026204824713e8,1.9725099917596027e7,6,0.08728218078613281,false
4224,1.3461032008370382e8,2.3884005675825506e7,6,0.09896087646484375,false
4225,1.346103858539386e8,6.738531425710782e6,2,0.040657997131347656,false
4226,1.3461050831809425e8,3.372221437213859e7,12,0.14042901992797852,false
4227,1.346105980444717e8,2.1315316907456547e7,7,0.09538412094116211,false
4228,1.346106613648222e8,8.737527507942447e7,19,0.26419496536254883,false
4229,1.3461066136482224e8,3.385118169999987e6,1,0.026369810104370117,false
4230,1.346108842965516e8,1.065182508743237e7,3,0.05300402641296387,false
4231,1.346108876103927e8,2.069937576130204e7,7,0.0987551212310791,false
4232,1.3461094335916007e8,3.3192611642281964e7,11,0.1226198673248291,false
4233,1.3461096665844947e8,2.299977820402047e7,7,0.10688614845275879,false
4234,1.3461096665844947e8,3.385118169999987e6,1,0.02636098861694336,false
4235,1.3461113699176452e8,1.12757726168783e7,3,0.05579686164855957,false
4236,1.346112029104931e8,3.499009610547632e6,1,0.026281118392944336,false
4237,1.3461133821524674e8,4.121466863526425e7,10,0.12841296195983887,false
4238,1.3461137907801726e8,9.384410092533508e7,13,0.1863400936126709,false
4239,1.3461140166109276e8,9.577108192750582e7,20,0.28850698471069336,false
4240,1.3461161401686755e8,1.2644890473370314e7,4,0.06960487365722656,false
4241,1.346121512296469e8,6.439413545519689e7,19,0.24651503562927246,false
4242,1.3461252409285194e8,4.305102501374915e7,9,0.140794038772583,false
4243,1.3461256008149168e8,3.5954794784317955e7,10,0.13828110694885254,false
4244,1.3461259539149484e8,2.8696229034220904e7,6,0.09708285331726074,false
4245,1.3461268946857962e8,1.014339989921245e7,3,0.05929994583129883,false
4246,1.34612722618409e8,1.655482050024809e7,5,0.08424520492553711,false
4247,1.3461274415440732e8,2.490406884444484e7,5,0.07548189163208008,false
4248,1.3461291237519997e8,3.60538618441253e7,9,0.1334390640258789,false
4249,1.3461308053192988e8,4.628186529302472e7,12,0.16176700592041016,false
4250,1.3461313854556915e8,7.732463899814665e6,2,0.04259991645812988,false
4251,1.346131732880237e8,1.590403499462952e8,32,0.44370102882385254,false
4252,1.3461330169339144e8,5.091394287788966e7,10,0.14841985702514648,false
4253,1.3461334375079983e8,9.311790185050055e6,3,0.05237221717834473,false
4254,1.346134479138821e8,1.9494935023602694e7,4,0.07669997215270996,false
4255,1.3461354519235823e8,6.737745453516036e6,2,0.04436302185058594,false
4256,1.3461354519235826e8,7.873015903401524e6,2,0.04079890251159668,false
4257,1.346136967642022e8,2.778091378245379e7,7,0.11659502983093262,false
4258,1.346137164174571e8,5.558532372831282e7,11,0.1582319736480713,false
4259,1.3461376909452277e8,1.3943107582712406e8,28,0.3837099075317383,false
4260,1.3461387212906316e8,3.3685836099999994e6,1,0.02576613426208496,false
4261,1.346139308432311e8,1.1668209877836645e7,3,0.05951690673828125,false
4262,1.346139525501747e8,7.74431883864226e7,23,0.2804269790649414,false
4263,1.3461398847593334e8,1.3672065226993188e8,32,0.4318821430206299,false
4264,1.346140405647609e8,3.5801214663172275e7,7,0.11654186248779297,false
4265,1.3461407268937236e8,5.6579950405959174e7,14,0.19807910919189453,false
4266,1.3461512005484456e8,4.8244169414109886e7,8,0.10843801498413086,false
4267,1.3461547524284115e8,6.232380473391551e7,12,0.16474485397338867,false
4268,1.3461555909326956e8,1.5840843954489186e7,5,0.0816640853881836,false
4269,1.3461556275466087e8,4.100409826300426e7,10,0.13684797286987305,false
4270,1.3461574105270118e8,4.760955139891702e7,12,0.14655804634094238,false
4271,1.3461578480913472e8,1.1975921498736545e7,4,0.071044921875,false
4272,1.346158012932032e8,9.345456339388557e7,22,0.3020169734954834,false
4273,1.3461586868153742e8,2.1496248577725053e7,6,0.09418106079101562,false
4274,1.3461606934395114e8,2.4741004481714398e7,5,0.08618593215942383,false
4275,1.34616070478806e8,1.0384212692688552e8,25,0.33924412727355957,false
4276,1.3461611135898593e8,1.0112276579744056e7,3,0.05621695518493652,false
4277,1.346164420106019e8,8.247849740547627e6,2,0.04469108581542969,false
4278,1.3461719101973903e8,8.952561293342428e7,21,0.28832483291625977,false
4279,1.3461719101973853e8,3.385118169999987e6,1,0.02707505226135254,false
4280,1.346176360339928e8,4.554933822596878e7,11,0.13831710815429688,false
4281,1.3461763844176847e8,6.7375205390547365e6,2,0.04057884216308594,false
4282,1.3461779292057517e8,2.867805514527482e8,44,0.5516982078552246,false
4283,1.3461819120338067e8,1.6471690711060113e8,31,0.43287181854248047,false
4284,1.3461832955074736e8,6.8727037515491545e6,2,0.042620182037353516,false
4285,1.3461864221824828e8,3.326285000826189e7,7,0.11388683319091797,false
4286,1.346187225096669e8,5.4196181420368865e7,12,0.17104506492614746,false
4287,1.3461881960442236e8,4.335772582731184e7,12,0.16031193733215332,false
4288,1.3461881960442242e8,3.3685836100000143e6,1,0.026298999786376953,false
4289,1.3461886441724423e8,1.0083776636969866e8,25,0.32828593254089355,false
4290,1.3461893873450488e8,5.233211306819701e7,9,0.14531517028808594,false
4291,1.3461896221623975e8,1.2613782339110315e7,4,0.07196998596191406,false
4292,1.3461918586264747e8,1.8929907409538686e7,4,0.07759904861450195,false
4293,1.3461949567271996e8,7.02161391872105e7,13,0.1867368221282959,false
4294,1.3461957647171462e8,1.2718761724606428e8,21,0.2907440662384033,false
4295,1.3461970275284523e8,1.5130067269777313e7,4,0.08217406272888184,false
4296,1.346197030625433e8,2.8412252948768303e7,8,0.12410187721252441,false
4297,1.346201901373666e8,5.5279431835229695e7,11,0.16234803199768066,false
4298,1.3462021275625956e8,7.09141853820566e7,16,0.23578405380249023,false
4299,1.3462029378856835e8,1.0146558983546913e8,20,0.2947700023651123,false
4300,1.346204883604084e8,7.462740530891657e6,2,0.04372906684875488,false
4301,1.3462050821284792e8,4.208200094398287e7,11,0.1543898582458496,false
4302,1.346208860377318e8,2.0663534932237655e7,5,0.0847320556640625,false
4303,1.346210671504816e8,2.7994832464613765e7,6,0.1032109260559082,false
4304,1.3462137976992834e8,4.525985325842866e7,11,0.145219087600708,false
4305,1.3462139934477654e8,1.066905771776244e7,3,0.05851411819458008,false
4306,1.3462160018223512e8,1.0361772782084244e8,17,0.2549459934234619,false
4307,1.3462164110995296e8,2.5727288022655696e7,8,0.12396883964538574,false
4308,1.3462198386126742e8,1.7955903613798916e7,4,0.07722806930541992,false
4309,1.3462200373741192e8,4.1838004824617505e7,12,0.15961098670959473,false
4310,1.3462200373741192e8,3.385118169999987e6,1,0.026808977127075195,false
4311,1.3462249616559207e8,1.4180522609899604e8,29,0.39358997344970703,false
4312,1.3462267326165918e8,1.9224895272669613e7,6,0.10145998001098633,false
4313,1.3462284041445178e8,3.1180510051258057e7,6,0.10665702819824219,false
4314,1.3462289860834667e8,1.2318814220458746e7,4,0.07141900062561035,false
4315,1.346231277667616e8,3.992267969027005e7,11,0.15071702003479004,false
4316,1.3462347838698196e8,5.427090588475892e7,13,0.16265606880187988,false
4317,1.346235508175441e8,9.272954235081542e7,15,0.22510504722595215,false
4318,1.3462372201699355e8,1.2169819503786057e7,3,0.05798983573913574,false
4319,1.3462378163317505e8,1.1533692240047961e7,3,0.06248807907104492,false
4320,1.346238072900407e8,3.844680358910307e7,13,0.16880202293395996,false
4321,1.3462385228199682e8,1.675514412382181e7,5,0.08239603042602539,false
4322,1.346238725851427e8,4.8756557366322294e7,15,0.20209884643554688,false
4323,1.3462391233005607e8,2.302623964348814e7,6,0.09941315650939941,false
4324,1.3462393028446203e8,6.737231497613668e6,2,0.041783809661865234,false
4325,1.3462394289903143e8,1.4400763418515503e7,4,0.07243204116821289,false
4326,1.3462402649566084e8,5.648017137643403e7,13,0.1980891227722168,false
4327,1.3462409741738898e8,4.7031601671618834e7,10,0.15585589408874512,false
4328,1.3462410579536092e8,1.34768888054376e8,24,0.33388495445251465,false
4329,1.3462415108361012e8,6.6291904857748e6,2,0.04230618476867676,false
4330,1.3462415108361015e8,3.385118169999987e6,1,0.031164884567260742,false
4331,1.3462424013650432e8,4.2734632643540636e7,11,0.14048194885253906,false
4332,1.3462562698863882e8,1.0413835809731796e7,3,0.057505130767822266,false
4333,1.3462570675201464e8,4.391841727970219e7,12,0.1405930519104004,false
4334,1.34625804747829e8,4.388641570684588e7,9,0.1451718807220459,false
4335,1.3462584958542913e8,1.0069266871590003e8,16,0.24632906913757324,false
4336,1.3462595524672395e8,1.0005324609463549e8,19,0.26774096488952637,false
4337,1.3462598426658735e8,7.288935518200934e6,2,0.04511094093322754,false
4338,1.3462651824804866e8,2.4918256490977973e7,5,0.08591914176940918,false
4339,1.3462662598245984e8,7.642017074595214e7,17,0.24315190315246582,false
4340,1.3462663026623264e8,3.826464805819994e7,13,0.16022300720214844,false
4341,1.3462664304170173e8,2.4637503435516104e7,7,0.09448099136352539,false
4342,1.3462668696292534e8,3.2337997643336326e8,60,0.814857006072998,false
4343,1.3462730384646553e8,7.531979684574892e7,23,0.2885580062866211,false
4344,1.3462739625198337e8,6.737520539054751e6,2,0.042066097259521484,false
4345,1.346274402803752e8,1.5105779164328918e7,5,0.07837390899658203,false
4346,1.346274402803752e8,4.487582300000012e6,1,0.027139902114868164,false
4347,1.3462805953821948e8,1.789075981092608e7,4,0.07036113739013672,false
4348,1.346281655728893e8,5.693994093676706e7,11,0.13814496994018555,false
4349,1.346282963633482e8,7.244238356639569e7,16,0.2443249225616455,false
4350,1.346282963633482e8,3.3685836100000143e6,1,0.026386022567749023,false
4351,1.3462830902021262e8,1.0106594765876144e7,3,0.05708909034729004,false
4352,1.346283759500146e8,3.729036002768025e7,11,0.14340496063232422,false
4353,1.346285107917558e8,1.5290179964439124e7,4,0.07279396057128906,false
4354,1.3462859822492805e8,3.3685836099999994e6,1,0.026462078094482422,false
4355,1.34628612695031e8,3.3685628890625983e6,1,0.025549888610839844,false
4356,1.3462861832736897e8,4.218914161971629e7,12,0.15924715995788574,false
4357,1.34628787468482e8,2.0476391739283428e7,7,0.1008458137512207,false
4358,1.3462893375705636e8,5.853644205722213e7,13,0.1896200180053711,false
4359,1.346289970264555e8,3.3685836100000143e6,1,0.02664804458618164,false
4360,1.3462904356274256e8,3.576831640678197e7,10,0.12974095344543457,false
4361,1.3462959576685435e8,3.388795087383923e7,11,0.1344449520111084,false
4362,1.3462961276753542e8,1.4933429621435702e7,4,0.0744621753692627,false
4363,1.3462978127973238e8,4.963502087952055e7,8,0.10921597480773926,false
4364,1.3462979918900567e8,2.6075161275152773e7,7,0.12132787704467773,false
4365,1.3462985611017013e8,3.454492217356278e7,9,0.14357399940490723,false
4366,1.3462986778885812e8,3.3685836099999994e6,1,0.026655197143554688,false
4367,1.3462986778885812e8,3.3685628890626132e6,1,0.02558279037475586,false
4368,1.346305866904904e8,2.192292529544258e7,4,0.0714101791381836,false
4369,1.3463064006300163e8,4.259609984443298e7,8,0.11705183982849121,false
4370,1.3463078762430513e8,6.913735877856731e6,2,0.04267001152038574,false
4371,1.346307876243051e8,3.499009610547632e6,1,0.027060985565185547,false
4372,1.3463078762430507e8,6.867733230993643e6,2,0.04532814025878906,false
4373,1.346312568682806e8,1.1257527399999976e7,3,0.06541585922241211,false
4374,1.3463158288097966e8,4.0437854602365136e7,9,0.12245702743530273,false
4375,1.3463158288097975e8,6.7705300243219435e6,2,0.0437929630279541,false
4376,1.3463165261252394e8,5.6028624283758014e7,13,0.18741297721862793,false
4377,1.346317781916984e8,1.026252639852631e7,3,0.06416511535644531,false
4378,1.3463183241930535e8,6.753596239999995e6,2,0.04440188407897949,false
4379,1.346328351047338e8,9.466956030000001e6,2,0.04453706741333008,false
4380,1.346330270024391e8,6.754459418637335e6,2,0.04436612129211426,false
4381,1.3463307233387673e8,3.3685628890626132e6,1,0.025851011276245117,false
4382,1.3463311796662948e8,3.398437578252101e7,8,0.13327503204345703,false
4383,1.346333846316234e8,2.360266689810729e7,5,0.08789277076721191,false
4384,1.346334420580865e8,1.427152701737091e7,4,0.07572817802429199,false
4385,1.346335975235386e8,2.781741417598951e7,6,0.10103797912597656,false
4386,1.3463360989976117e8,7.588482110000014e6,2,0.043725013732910156,false
4387,1.3463366503567302e8,1.3269824905879566e8,21,0.28153204917907715,false
4388,1.3463366503567302e8,3.385118169999987e6,1,0.028245925903320312,false
4389,1.346336997771581e8,6.897453504839817e7,12,0.17469406127929688,false
4390,1.3463374729724073e8,1.0834393229893379e8,23,0.32427382469177246,false
4391,1.346337850232097e8,6.326813496065703e7,14,0.20920014381408691,false
4392,1.3463385781015357e8,4.1974409893886894e7,14,0.18090200424194336,false
4393,1.3463398887481934e8,1.5805733689696372e7,5,0.07455897331237793,false
4394,1.3463399849458015e8,7.187238804172753e7,16,0.23722195625305176,false
4395,1.3463441885374895e8,1.5949914331259191e7,5,0.09238195419311523,false
4396,1.346346366899604e8,1.2804981602879703e7,3,0.05848097801208496,false
4397,1.346346366899604e8,3.385118169999987e6,1,0.026806116104125977,false
4398,1.346350150646792e8,1.7858588216545865e7,4,0.07647705078125,false
4399,1.3463511922771475e8,4.337933515593591e7,9,0.14821195602416992,false
4400,1.3463547933939916e8,1.3085976872076899e7,3,0.05844402313232422,false
4401,1.3463561936995146e8,1.9709266749355555e7,4,0.07931089401245117,false
4402,1.346359028050705e8,2.4503772098290473e7,7,0.11520814895629883,false
4403,1.3463600907213604e8,1.1144866239029512e7,3,0.05475497245788574,false
4404,1.3463604656970426e8,2.5588669174161956e7,6,0.10148382186889648,false
4405,1.3463620481760335e8,2.494369195599906e7,8,0.1090090274810791,false
4406,1.3463625998141068e8,1.421513563578986e8,25,0.3554351329803467,false
4407,1.3463634275938046e8,1.0987856362573336e8,23,0.33987998962402344,false
4408,1.346363427593805e8,3.3685836100000143e6,1,0.0266878604888916,false
4409,1.3463636921251574e8,1.990422604919201e7,4,0.07570600509643555,false
4410,1.3463636921251574e8,3.3685836100000143e6,1,0.027081012725830078,false
4411,1.3463636974419245e8,6.770691581124425e6,2,0.04287910461425781,false
4412,1.3463638812159938e8,9.584271147436252e7,26,0.35230302810668945,false
4413,1.3463655495140645e8,7.592764025254667e6,2,0.044728994369506836,false
4414,1.3463679643710238e8,4.915104297570801e7,9,0.12822484970092773,false
4415,1.3463680957791862e8,3.578603916040176e7,9,0.14879107475280762,false
4416,1.3463681029023132e8,6.737520539054751e6,2,0.04432797431945801,false
4417,1.346368441672032e8,2.134780387695858e7,7,0.10865306854248047,false
4418,1.3463685524145293e8,3.380444575092363e7,10,0.13737988471984863,false
4419,1.3463689204879707e8,1.4682263720496026e8,31,0.46914219856262207,false
4420,1.346370146334725e8,4.370062245416376e7,8,0.12252378463745117,false
4421,1.3463703505190948e8,3.690504537777063e7,11,0.13953304290771484,false
4422,1.34637046953932e8,5.344568871165012e7,11,0.16217494010925293,false
4423,1.3463704695393202e8,3.385118169999987e6,1,0.028106212615966797,false
4424,1.3463704695393205e8,3.385118169999987e6,1,0.02791595458984375,false
4425,1.346370678055347e8,5.224191099736948e7,14,0.5284979343414307,false
4426,1.3463707266767323e8,6.013634762436356e7,14,0.2001171112060547,false
4427,1.3463710430798194e8,8.471943296467395e7,18,0.2677438259124756,false
4428,1.3463727134721696e8,3.330556782626316e7,6,0.10838198661804199,false
4429,1.3463729838739556e8,1.002323094792226e7,3,0.060932159423828125,false
4430,1.3463729838739556e8,3.3685836100000143e6,1,0.027158021926879883,false
4431,1.346373215123573e8,1.870760538090034e7,6,0.1019430160522461,false
4432,1.3463742987145418e8,1.407874722899738e8,37,0.4988420009613037,false
4433,1.346374298714542e8,3.3685836100000143e6,1,0.027870893478393555,false
4434,1.3463747040007386e8,1.4560627497706324e7,3,0.06472206115722656,false
4435,1.3463759342558733e8,1.8624679101177752e7,4,0.07977485656738281,false
4436,1.3463788908612183e8,2.8779251853444695e7,6,0.10439205169677734,false
4437,1.3463792941709808e8,9.335130949391305e7,26,0.33875393867492676,false
4438,1.3463792941709808e8,3.3685836100000143e6,1,0.02790212631225586,false
4439,1.3463796363341707e8,3.3685836100000143e6,1,0.026948928833007812,false
4440,1.3463825876426807e8,1.721508768720779e7,4,0.0788869857788086,false
4441,1.3463916258739528e8,2.1236327965215027e7,4,0.0723271369934082,false
4442,1.3463916258739525e8,3.3685836100000143e6,1,0.02641892433166504,false
4443,1.3463917217543665e8,6.152057580523336e7,15,0.22662901878356934,false
4444,1.3463921551834092e8,2.709188741301395e7,8,0.11979198455810547,false
4445,1.3463928260351068e8,1.0024074358432055e8,20,0.30225110054016113,false
4446,1.3463935953413564e8,1.4779646627785414e7,4,0.07638978958129883,false
4447,1.346395721418627e8,3.548515836787222e7,10,0.1456761360168457,false
4448,1.3463958640349644e8,3.6492469937641546e7,12,0.15176987648010254,false
4449,1.3463958640349644e8,3.499009610547632e6,1,0.02849102020263672,false
4450,1.3463962033838055e8,6.867475179870594e7,17,0.2508411407470703,false
4451,1.3463996726340076e8,3.534662816250175e7,10,0.12830185890197754,false
4452,1.346401624552334e8,5.16140692278696e7,9,0.15701603889465332,false
4453,1.346401624552334e8,3.3685836099999994e6,1,0.026932954788208008,false
4454,1.3464065268232498e8,9.972615472919628e7,25,0.34532904624938965,false
4455,1.346406725654409e8,6.753982858742237e6,2,0.04571700096130371,false
4456,1.3464140980226722e8,2.4014786788668483e7,4,0.07275891304016113,false
4457,1.3464140980226722e8,9.186432110103607e6,2,0.04496622085571289,false
4458,1.3464150323292002e8,2.4588383637660304e8,53,0.7236928939819336,false
4459,1.3464207732569304e8,1.3868928351330847e7,3,0.06358695030212402,false
4460,1.3464207732569307e8,3.3685836099999994e6,1,0.026903152465820312,false
4461,1.3464223314968926e8,9.906213106696469e7,18,0.27648282051086426,false
4462,1.346422710413066e8,4.0722469594079256e7,7,0.10596013069152832,false
4463,1.3464227446734005e8,9.71960429577072e6,3,0.05697894096374512,false
4464,1.346423819771484e8,4.572116599999994e6,1,0.02922797203063965,false
4465,1.3464238197714844e8,3.385118169999987e6,1,0.02820897102355957,false
4466,1.3464262718174705e8,2.7732660543459237e7,6,0.1102440357208252,false
4467,1.3464265234192777e8,6.114034806901887e7,12,0.1826341152191162,false
4468,1.3464265234192774e8,3.3685836100000143e6,1,0.027669906616210938,false
4469,1.346433165655545e8,2.2870080108124614e7,6,0.10715508460998535,false
4470,1.346433165655545e8,3.3685836100000143e6,1,0.026935815811157227,false
4471,1.3464368519857836e8,2.3839054381604075e7,5,0.08977699279785156,false
4472,1.3464372274061573e8,2.318392428823158e7,8,0.11339402198791504,false
4473,1.3464386458930004e8,3.483334646254994e7,10,0.13846802711486816,false
4474,1.3464390271785173e8,4.646523931227538e7,13,0.18642807006835938,false
4475,1.3464390271785173e8,3.385118169999987e6,1,0.02800893783569336,false
4476,1.3464399728052327e8,4.751851067172527e7,11,0.1635439395904541,false
4477,1.3464401447411326e8,3.9242052804807365e7,11,0.15775012969970703,false
4478,1.3464411800344086e8,4.6319458332744375e7,9,0.14848995208740234,false
4479,1.346442736282152e8,5.149069603890486e7,13,0.18668293952941895,false
4480,1.346444663178431e8,1.1757526618671864e7,3,0.06614899635314941,false
4481,1.3464450132031402e8,8.263716935457452e7,19,0.2956240177154541,false
4482,1.3464535204277503e8,2.295497532861641e7,5,0.0831911563873291,false
4483,1.3464535608004233e8,3.0386522098649055e7,7,0.12164783477783203,false
4484,1.346454215703773e8,1.4569267853950411e7,4,0.07133007049560547,false
4485,1.3464542749103856e8,6.737231497613654e6,2,0.04425501823425293,false
4486,1.3464550853206447e8,4.002398285256755e7,9,0.15706110000610352,false
4487,1.3464557280199802e8,1.2641165189255938e7,4,0.07186484336853027,false
4488,1.3464569357566187e8,7.511546636798188e7,21,0.28730010986328125,false
4489,1.3464577822264454e8,1.0180276741546339e8,14,0.21210503578186035,false
4490,1.346457924644162e8,1.8829220167590737e7,5,0.09028887748718262,false
4491,1.3464585625230545e8,7.872594929999977e6,2,0.04771614074707031,false
4492,1.3464601425559512e8,8.168603885853802e7,14,0.1826159954071045,false
4493,1.3464605056312603e8,7.029020655006698e7,13,0.19843292236328125,false
4494,1.3464605056312603e8,3.3685836100000143e6,1,0.027652978897094727,false
4495,1.3464612561396107e8,6.065113440948573e7,14,0.20778393745422363,false
4496,1.3464614512234908e8,1.5964434937989548e7,4,0.07601404190063477,false
4497,1.3464614512234908e8,3.3685628890625983e6,1,0.027159929275512695,false
4498,1.346462948051737e8,2.6332211524065107e7,7,0.115692138671875,false
4499,1.3464637067248952e8,1.8635951005658746e7,5,0.08730196952819824,false
4500,1.346463902484575e8,5.607450124077287e7,11,0.16739106178283691,false
4501,1.346465563187967e8,3.537385606188223e7,10,0.13485383987426758,false
4502,1.3464667035295096e8,9.092419160768773e7,26,0.3458371162414551,false
4503,1.3464667035295093e8,3.3685836099999994e6,1,0.027838945388793945,false
4504,1.346467957443239e8,9.362107474898317e7,18,0.25182294845581055,false
4505,1.3464682462243932e8,1.2971552103592187e7,3,0.06105804443359375,false
4506,1.3464686781067586e8,1.0014367972371557e8,15,0.21868491172790527,false
4507,1.3464720153850308e8,8.26511230054763e6,2,0.04777216911315918,false
4508,1.346472108018707e8,4.402641592596106e7,10,0.15443086624145508,false
4509,1.3464724910345197e8,9.387257899453478e7,20,0.3109400272369385,false
4510,1.3464734769392684e8,9.311963244152322e6,3,0.0578460693359375,false
4511,1.3464774345370358e8,3.385118169999987e6,1,0.028280973434448242,false
4512,1.3464794862527362e8,1.268552068238923e7,3,0.06125903129577637,false
4513,1.3464807448890707e8,1.1831922405184954e7,4,0.06767392158508301,false
4514,1.3464809747103631e8,4.388074765819308e7,15,0.19574403762817383,false
4515,1.3464829277058735e8,6.754459418637335e6,2,0.04645204544067383,false
4516,1.346483544560725e8,7.169012275254667e6,2,0.045358896255493164,false
4517,1.3464843200900304e8,1.6929615637899995e7,4,0.07897806167602539,false
4518,1.3464843200900298e8,3.3685836100000143e6,1,0.02705097198486328,false
4519,1.346488965515763e8,1.70435743999075e7,4,0.07344603538513184,false
4520,1.3464889655157626e8,4.572116599999994e6,1,0.028582096099853516,false
4521,1.346488965515763e8,3.499009610547632e6,1,0.028397798538208008,false
4522,1.346489305645467e8,1.9045737218295917e7,5,0.0856020450592041,false
4523,1.3464911324109787e8,1.5870982346334964e7,4,0.08032894134521484,false
4524,1.3464911324109787e8,3.385118169999987e6,1,0.02849602699279785,false
4525,1.3464911324109784e8,3.3685836100000143e6,1,0.027706146240234375,false
4526,1.3465034746854296e8,4.0471330885661274e7,7,0.10872101783752441,false
4527,1.34650347468543e8,3.385118169999987e6,1,0.028486967086791992,false
4528,1.3465056164628264e8,1.2324765827820092e8,21,0.26491689682006836,false
4529,1.3465089223686218e8,1.6169776178081024e8,22,0.3008389472961426,false
4530,1.346510406153551e8,8.07149828377226e6,2,0.045275211334228516,false
4531,1.3465106191127717e8,4.128942689313534e7,11,0.16173887252807617,false
4532,1.3465119873794276e8,1.4318918795327261e7,4,0.07442092895507812,false
4533,1.3465119873794276e8,3.385118169999987e6,1,0.027945995330810547,false
4534,1.3465127085082737e8,2.0271498111111015e7,5,0.09238219261169434,false
4535,1.346513622468412e8,1.283382627963534e7,3,0.06309199333190918,false
4536,1.3465145647173953e8,2.235226511916238e7,6,0.1067349910736084,false
4537,1.346516499589004e8,2.0553238059278935e7,4,0.07217192649841309,false
4538,1.346516499589004e8,3.3685836100000143e6,1,0.028031110763549805,false
4539,1.3465168600185084e8,2.635151473043339e7,7,0.1160888671875,false
4540,1.346518298281002e8,1.5552405755087018e7,5,0.08203601837158203,false
4541,1.346521268939323e8,2.8578323993954003e7,6,0.09275007247924805,false
4542,1.3465221125682122e8,1.7377786537779388e8,29,0.41208696365356445,false
4543,1.3465221125682124e8,3.385118169999987e6,1,0.027946949005126953,false
4544,1.3465227786215258e8,5.115479420741975e7,13,0.17966794967651367,false
4545,1.346523380832066e8,6.753596239999995e6,2,0.04159116744995117,false
4546,1.3465233808320656e8,3.3685836100000143e6,1,0.027360916137695312,false
4547,1.34652389087633e8,2.57962655216133e7,6,0.10921907424926758,false
4548,1.34652389087633e8,3.3685836099999994e6,1,0.026567935943603516,false
4549,1.3465276459866396e8,3.572185167581585e7,11,0.1289539337158203,false
4550,1.346535324018949e8,1.3061862169627905e7,3,0.059606075286865234,false
4551,1.3465353240189487e8,3.385118169999987e6,1,0.028122901916503906,false
4552,1.3465401972403672e8,7.873015903401524e6,2,0.04329395294189453,false
4553,1.3465409691848677e8,6.75359624000001e6,2,0.04669308662414551,false
4554,1.3465410621409073e8,3.774013574545479e7,7,0.12970900535583496,false
4555,1.3465411252175856e8,3.9298160441465944e7,14,0.17801594734191895,false
4556,1.3465419572744057e8,4.098666971591437e7,9,0.12325596809387207,false
4557,1.3465423792091262e8,6.737745453516036e6,2,0.043839216232299805,false
4558,1.34654463241959e8,1.404925823624298e7,3,0.06322884559631348,false
4559,1.346545622950598e8,1.836942173543355e7,4,0.0780019760131836,false
4560,1.3465458477686185e8,1.131297621062155e7,3,0.05835700035095215,false
4561,1.3465463530709007e8,2.694317705112937e7,6,0.1091160774230957,false
4562,1.346547153228069e8,3.407675550182022e7,10,0.1439359188079834,false
4563,1.3465496885579583e8,1.1644897243202937e8,13,0.16143512725830078,false
4564,1.3465538922376254e8,1.1952254462080017e8,23,0.3342599868774414,false
4565,1.346554199485056e8,1.989573686984861e7,4,0.08253788948059082,false
4566,1.3465546133780396e8,1.3378277132618204e7,4,0.0748741626739502,false
4567,1.346556805543965e8,3.4717992592390925e7,12,0.14561700820922852,false
4568,1.3465607556514472e8,1.0430499184678108e7,3,0.06414198875427246,false
4569,1.3465609512204808e8,6.737580703343391e6,2,0.043939828872680664,false
4570,1.3465618981733787e8,1.0851495136997324e8,23,0.3328571319580078,false
4571,1.3465619443530536e8,1.6753475621140808e7,4,0.0818479061126709,false
4572,1.3465623465428433e8,5.1800851694106996e7,12,0.18482708930969238,false
4573,1.346562666260413e8,2.683110447303477e7,6,0.10751199722290039,false
4574,1.3465631599958622e8,3.7973522312617004e7,8,0.1210029125213623,false
4575,1.3465646923046026e8,1.3284703390570968e7,4,0.07583999633789062,false
4576,1.3465647592941839e8,5.061607729139352e7,8,0.1476459503173828,false
4577,1.3465679807027218e8,1.7737212471520662e7,5,0.0861821174621582,false
4578,1.346568870051373e8,1.2148532409730583e7,3,0.06534290313720703,false
4579,1.346569126069258e8,2.513547874089639e7,7,0.12335801124572754,false
4580,1.3465691284792992e8,6.737406540961221e6,2,0.045719146728515625,false
4581,1.3465693344915727e8,9.913052121378168e6,3,0.06116080284118652,false
4582,1.346569334491573e8,3.3685836100000143e6,1,0.027097225189208984,false
4583,1.346569802739903e8,2.713872848074463e7,8,0.1300339698791504,false
4584,1.3465699721137518e8,6.3663899811124146e7,12,0.18724799156188965,false
4585,1.3465705627209485e8,1.2072418500924377e8,25,0.36998987197875977,false
4586,1.3465714478727946e8,5.543291193651135e7,12,0.18468594551086426,false
4587,1.3465716808699918e8,5.1500855442321986e7,10,0.1589641571044922,false
4588,1.346575176638541e8,1.1921202173486304e8,21,0.32560086250305176,false
4589,1.3465752495372504e8,4.8336708728028044e7,10,0.16189098358154297,false
4590,1.3465756172110742e8,3.126456897562045e7,6,0.11324715614318848,false
4591,1.3465766855598456e8,2.157787595595181e7,4,0.08616185188293457,false
4592,1.3465770044341138e8,3.2059671825850964e7,9,0.15141606330871582,false
4593,1.3465776880143583e8,1.878606658234781e7,6,0.09352707862854004,false
4594,1.3465786649888822e8,6.132101986712168e7,13,0.18313002586364746,false
4595,1.3465806253293383e8,1.3577747301505432e7,4,0.07105183601379395,false
4596,1.346581127679375e8,8.133958299999982e6,2,0.04462718963623047,false
4597,1.3465812369341645e8,1.0110291690223426e7,3,0.061116933822631836,false
4598,1.3465815958925864e8,2.5383288643407956e7,7,0.1170649528503418,false
4599,1.3465818575526342e8,1.1955397149212375e7,4,0.06826591491699219,false
4600,1.3465818575526342e8,3.3685836100000143e6,1,0.027276039123535156,false
4601,1.3465840247237378e8,1.0846952966745126e8,17,0.26194310188293457,false
4602,1.3465842757115594e8,1.5267561275806996e8,28,0.4351038932800293,false
4603,1.3465846716114342e8,1.5025282618347287e7,4,0.0776071548461914,false
4604,1.3465863786225498e8,2.0413248617350027e7,7,0.11020302772521973,false
4605,1.3465870478561825e8,2.704521607645476e7,6,0.11244392395019531,false
4606,1.346588242948808e8,1.6584916428554675e8,35,0.4955868721008301,false
4607,1.34659025149053e8,3.189486656047997e7,6,0.10171198844909668,false
4608,1.3465906747622895e8,1.041275586113073e7,3,0.05829620361328125,false
4609,1.346590682969432e8,3.4687777726198345e7,7,0.12149691581726074,false
4610,1.346590735093567e8,3.1133578259495407e7,9,0.14298486709594727,false
4611,1.346590735093567e8,3.3685836099999994e6,1,0.027685165405273438,false
4612,1.346590879727837e8,1.029067170140174e7,3,0.06486105918884277,false
4613,1.3465913169315624e8,2.721876918732491e7,6,0.1067497730255127,false
4614,1.3465913326605666e8,1.9787590613974407e7,7,0.10512709617614746,false
4615,1.3465916909102312e8,1.3822024315015018e7,4,0.0739750862121582,false
4616,1.3465919503834924e8,1.1491019484915793e7,3,0.05998802185058594,false
4617,1.3465919503834927e8,3.3685836100000143e6,1,0.02818584442138672,false
4618,1.3465947097019777e8,2.5765581323616683e7,5,0.09140801429748535,false
4619,1.3465948774758193e8,9.982589140166149e6,3,0.05738711357116699,false
4620,1.3465953100191894e8,1.662220752216041e7,4,0.07854390144348145,false
4621,1.3465954299603486e8,4.803160060034941e7,12,0.17515897750854492,false
4622,1.3465961750490355e8,9.187312295520987e7,24,0.33544397354125977,false
4623,1.3465989400587958e8,4.226159639263344e7,10,0.15303897857666016,false
4624,1.3466014606901458e8,3.597473507033226e7,10,0.14049911499023438,false
4625,1.3466064441252816e8,1.4380399933978051e7,3,0.06519699096679688,false
4626,1.346608002531511e8,2.6498918379050612e7,6,0.11058402061462402,false
4627,1.346608754490553e8,1.6619115907494351e7,5,0.08742094039916992,false
4628,1.3466090726880744e8,1.3461031467285773e8,28,0.41384100914001465,false
4629,1.3466090726880747e8,3.385118169999987e6,1,0.02898693084716797,false
4630,1.3466091602479678e8,9.723053878145263e6,3,0.0573270320892334,false
4631,1.346611034432445e8,7.920977477338308e7,14,0.21059608459472656,false
4632,1.34661173295228e8,3.856227585064897e7,7,0.12714290618896484,false
4633,1.346612716909922e8,6.737345558314413e6,2,0.0451970100402832,false
4634,1.346613728777592e8,3.349313906967047e7,9,0.14146113395690918,false
4635,1.3466153254023963e8,7.319562987888786e7,12,0.16218996047973633,false
4636,1.3466154272331423e8,1.826347409534067e7,5,0.09264206886291504,false
4637,1.3466154623112652e8,6.884804144123703e6,2,0.04366493225097656,false
4638,1.346615914931446e8,1.4427255088089705e7,5,0.07853007316589355,false
4639,1.3466161568152002e8,2.409331862431264e7,5,0.09692597389221191,false
4640,1.346618841967864e8,8.004566319814682e6,2,0.047019004821777344,false
4641,1.346619022860659e8,3.0223149198673114e7,9,0.14248299598693848,false
4642,1.3466196740148106e8,5.4881006721829206e7,11,0.17616581916809082,false
4643,1.3466202017803064e8,9.443370501864116e7,29,0.38805413246154785,false
4644,1.3466205843535727e8,9.99713064e6,3,0.06066393852233887,false
4645,1.3466205843535727e8,3.499009610547632e6,1,0.02910614013671875,false
4646,1.3466207674747398e8,1.4525382576638937e7,4,0.07282781600952148,false
4647,1.3466214273943806e8,7.282881558200926e6,2,0.04635500907897949,false
4648,1.3466218525237346e8,3.3685836100000143e6,1,0.027788162231445312,false
4649,1.3466221373018667e8,6.047151433434625e7,14,0.1987619400024414,false
4650,1.346622444589158e8,2.677314486590725e7,8,0.12107086181640625,false
4651,1.3466227803148055e8,3.1562655907744616e7,6,0.11329007148742676,false
4652,1.346624703036951e8,1.7560301051647425e7,6,0.09137606620788574,false
4653,1.3466248756737235e8,2.82994386444169e7,7,0.12451791763305664,false
4654,1.3466249323226842e8,8.312013232264042e7,16,0.26113104820251465,false
4655,1.3466249323226836e8,3.3685836099999994e6,1,0.028011083602905273,false
4656,1.346625468726327e8,2.475860154516465e8,41,0.5794119834899902,false
4657,1.3466316397117776e8,1.0573081167285809e8,10,0.12843084335327148,false
4658,1.3466316397117776e8,3.3685628890625983e6,1,0.028062105178833008,false
4659,1.346632262272008e8,1.294081794625279e8,28,0.406080961227417,false
4660,1.3466332421119395e8,1.014105389947763e7,3,0.06709098815917969,false
4661,1.346635167325801e8,7.844542350000024e6,2,0.04469895362854004,false
4662,1.3466355495538142e8,4.57911767994443e7,13,0.18709206581115723,false
4663,1.3466359930013394e8,2.4619084013604432e7,7,0.115631103515625,false
4664,1.3466359930013394e8,3.5162721705476344e6,1,0.029318809509277344,false
4665,1.34663700773393e8,3.765802895050433e7,7,0.12832999229431152,false
4666,1.34663778947091e8,3.0037759826042026e7,10,0.136552095413208,false
4667,1.3466382762264624e8,6.737061680000007e6,2,0.04665708541870117,false
4668,1.3466417589181843e8,1.366294152007708e7,4,0.0834648609161377,false
4669,1.3466424664620355e8,7.576183029327601e6,2,0.04648399353027344,false
4670,1.346648957329795e8,2.2327470605890572e7,4,0.0773470401763916,false
4671,1.3466525492221823e8,7.592764025254667e6,2,0.047966957092285156,false
4672,1.3466531217135036e8,2.4196347400909215e7,8,0.11855196952819824,false
4673,1.3466568839257112e8,1.4743613518806544e8,19,0.29502105712890625,false
4674,1.346656883925711e8,4.572116599999994e6,1,0.02991509437561035,false
4675,1.3466575421274984e8,2.163666978466628e8,30,0.4465498924255371,false
4676,1.3466603904317272e8,5.851919958897036e7,14,0.21406006813049316,false
4677,1.3466603904317275e8,3.3685628890625983e6,1,0.02920389175415039,false
4678,1.3466630104842842e8,2.672620848162827e7,5,0.09644603729248047,false
4679,1.3466636946082374e8,3.3685836099999994e6,1,0.02922797203063965,false
4680,1.3466685233489054e8,6.920534140284264e7,17,0.2575111389160156,false
4681,1.3466701464187518e8,1.2024425831180692e7,3,0.06584501266479492,false
4682,1.34667093952861e8,6.429652744062562e7,16,0.26009488105773926,false
4683,1.3466710032858244e8,3.385118169999987e6,1,0.029513120651245117,false
4684,1.3466710032858244e8,3.3685628890626132e6,1,0.02814793586730957,false
4685,1.3466711464792895e8,1.2921860647289738e7,4,0.08142399787902832,false
4686,1.346671219343503e8,1.5247391642059281e7,4,0.08592700958251953,false
4687,1.3466724208254698e8,1.57644769665555e8,29,0.4269859790802002,false
4688,1.3466731254431596e8,6.753982858742237e6,2,0.04739999771118164,false
4689,1.3466736268661952e8,3.6048360696710154e7,7,0.12289690971374512,false
4690,1.3466740945879743e8,4.353844666273689e7,14,0.19846010208129883,false
4691,1.3466752724709564e8,1.6537259199654594e7,4,0.07517194747924805,false
4692,1.3466779258316937e8,2.099254459305364e7,4,0.08613204956054688,false
4693,1.346677989628338e8,1.0757703895814985e8,17,0.2755289077758789,false
4694,1.3466784750585198e8,4.793427267290309e7,9,0.15100407600402832,false
4695,1.346679402536326e8,1.3958518396718904e7,4,0.07775497436523438,false
4696,1.346680588921283e8,9.312389430761763e7,16,0.22465896606445312,false
4697,1.3466808564535764e8,1.5545910446697176e7,4,0.0825810432434082,false
4698,1.3466809322557285e8,4.909826174247073e7,9,0.1496131420135498,false
4699,1.3466814711163306e8,1.9171699639243037e7,5,0.09208798408508301,false
4700,1.346681471116331e8,3.3685836100000143e6,1,0.028781890869140625,false
4701,1.3466816329508588e8,1.9777146953974125e8,35,0.50990891456604,false
4702,1.3466818735492438e8,8.316637350598389e7,14,0.21332216262817383,false
4703,1.3466864914575413e8,1.4548988266490102e7,4,0.08182597160339355,false
4704,1.346686950023831e8,8.44324520624983e7,10,0.15074586868286133,false
4705,1.3466877150930098e8,1.2513120839096487e7,3,0.0656430721282959,false
4706,1.3466877150930098e8,6.754169159755498e6,2,0.0447690486907959,false
4707,1.3466877686916316e8,2.6762867873545438e7,6,0.11353588104248047,false
4708,1.34668782325147e8,6.77055263688913e6,2,0.04550504684448242,false
4709,1.3466903184981528e8,9.627954843527198e7,15,0.2426440715789795,false
4710,1.3466904430570966e8,6.628983302627251e6,2,0.04442191123962402,false
4711,1.3466906707701302e8,6.00087151470249e7,11,0.1648252010345459,false
4712,1.3466908269086745e8,1.6510281269607717e8,34,0.508281946182251,false
4713,1.3466909694934425e8,1.0123243386576891e7,3,0.060649871826171875,false
4714,1.346691146729564e8,1.230858891577295e8,23,0.3442981243133545,false
4715,1.3466913341629702e8,1.4843712166423237e8,32,0.48935389518737793,false
4716,1.3466913848577935e8,9.552059960276246e6,2,0.04957008361816406,false
4717,1.3466925226589382e8,6.78239723652799e7,19,0.2707948684692383,false
4718,1.3466927184743905e8,2.827424095354627e7,9,0.1274561882019043,false
4719,1.3466943497601873e8,8.459874883807918e7,15,0.24118781089782715,false
4720,1.3466959490042517e8,4.3717044740768656e7,13,0.1979060173034668,false
4721,1.346697509769937e8,2.9046054878500894e7,8,0.13660907745361328,false
4722,1.3466980913307673e8,1.16335620795362e7,3,0.06251311302185059,false
4723,1.346699539321195e8,8.088760843772262e6,2,0.04712080955505371,false
4724,1.3467002078604636e8,1.1069449774236935e8,19,0.31050705909729004,false
4725,1.346700282735388e8,2.296572967095165e7,7,0.1133260726928711,false
4726,1.346700339950098e8,3.5075906939857006e7,11,0.1502840518951416,false
4727,1.3467006050519767e8,6.737486415009424e6,2,0.04338383674621582,false
4728,1.3467030352621707e8,2.6074553216042414e7,7,0.1097111701965332,false
4729,1.3467050771728313e8,1.3028691127558246e7,3,0.06073284149169922,false
4730,1.3467059033516127e8,3.903013372366284e7,10,0.15729904174804688,false
4731,1.3467072759638467e8,2.9767015682642594e7,10,0.14392590522766113,false
4732,1.3467106328295228e8,1.626211147880827e8,33,0.5533030033111572,false
4733,1.3467124349254003e8,2.0086460031109363e7,6,0.1092519760131836,false
4734,1.3467127842963308e8,2.0580497723086e7,5,0.09226703643798828,false
4735,1.3467158151924616e8,2.1734067671354473e7,5,0.10125017166137695,false
4736,1.346716135514074e8,2.0529795441639274e7,5,0.10160589218139648,false
4737,1.3467161355140737e8,3.385118169999987e6,1,0.030358076095581055,false
4738,1.3467162214003694e8,2.338057537210372e7,7,0.12371993064880371,false
4739,1.3467165247225255e8,8.4946861129805e7,16,0.2931630611419678,false
4740,1.3467165920286775e8,2.464066435364781e8,28,0.43935298919677734,false
4741,1.346716674668679e8,1.339257084072335e7,4,0.08282589912414551,false
4742,1.346719152412563e8,6.352121956451243e7,14,0.2427840232849121,false
4743,1.3467206178136462e8,2.6302045580256075e7,7,0.13214111328125,false
4744,1.3467209675840285e8,3.9998297987467885e7,9,0.13518381118774414,false
4745,1.3467214216317135e8,1.69423843272345e8,27,0.3984091281890869,false
4746,1.346721811272365e8,7.68388586683749e7,16,0.26638007164001465,false
4747,1.3467234011156613e8,1.3098813096115142e8,29,0.4122438430786133,false
4748,1.3467255664853695e8,3.802144887550403e7,12,0.1558971405029297,false
4749,1.3467373348636463e8,9.580747601239645e7,16,0.23445391654968262,false
4750,1.3467375792341557e8,4.152440921586104e7,9,0.15909600257873535,false
4751,1.3467375792341557e8,3.3685836099999994e6,1,0.02783799171447754,false
4752,1.346740040798855e8,1.3951265219999969e7,3,0.06303191184997559,false
4753,1.3467405139556846e8,7.798921800271341e7,14,0.22174715995788574,false
4754,1.346740656114342e8,6.737345513184994e6,2,0.046257972717285156,false
4755,1.3467408856564406e8,7.700506595951658e7,15,0.23625802993774414,false
4756,1.3467409076017782e8,1.1811815451642609e8,19,0.30382585525512695,false
4757,1.3467414900896123e8,5.9611946933567315e7,11,0.1401350498199463,false
4758,1.3467431213399765e8,3.3187104705206633e7,8,0.13787412643432617,false
4759,1.346743962448142e8,6.754459418637335e6,2,0.046913862228393555,false
4760,1.3467439629813752e8,9.489294078720959e7,18,0.2821340560913086,false
4761,1.346744103611944e8,2.4461454795849457e7,8,0.12423300743103027,false
4762,1.3467448359042168e8,3.766124737933558e7,9,0.15735507011413574,false
4763,1.3467478070744243e8,7.130535734649038e7,12,0.18427395820617676,false
4764,1.3467489616231796e8,8.004566319814682e6,2,0.0481410026550293,false
4765,1.3467489616231796e8,4.572116599999994e6,1,0.029922008514404297,false
4766,1.346754506733579e8,1.2983792922430098e7,3,0.06414985656738281,false
4767,1.3467569353892326e8,2.9847592465046644e7,9,0.1464831829071045,false
4768,1.346757120608067e8,9.670900073186098e7,20,0.3009989261627197,false
4769,1.3467572904142132e8,3.897858883745289e7,8,0.14791393280029297,false
4770,1.3467573865842175e8,5.957484041533247e7,15,0.24559712409973145,false
4771,1.3467582269963187e8,6.663845200769536e7,19,0.2755320072174072,false
4772,1.3467584882904345e8,1.3408257880151212e7,3,0.06688880920410156,false
4773,1.346760048261287e8,3.885118281536347e7,7,0.12114620208740234,false
4774,1.3467616560121733e8,9.750499549991927e7,13,0.2026958465576172,false
4775,1.3467618579038337e8,1.0106556949383378e7,3,0.0700531005859375,false
4776,1.34676192030304e8,4.549363568853401e7,12,0.17085695266723633,false
4777,1.346763216417251e8,4.517739931809549e7,12,0.16621708869934082,false
4778,1.3467637576569653e8,3.956671185626441e7,12,0.17555999755859375,false
4779,1.346765088997485e8,1.132128470153412e8,25,0.3901078701019287,false
4780,1.3467673434162483e8,4.912092562456611e7,9,0.13985204696655273,false
4781,1.346767701453847e8,6.3263137435482174e7,11,0.14992499351501465,false
4782,1.3467680619875506e8,9.165163210955843e7,20,0.2972431182861328,false
4783,1.346769022190979e8,8.449207326707801e7,17,0.2581028938293457,false
4784,1.3467702836998683e8,1.8981722360803872e7,5,0.09142398834228516,false
4785,1.3467708895319206e8,1.1644582925736174e8,23,0.3456110954284668,false
4786,1.346775807153996e8,1.7757113459104e7,4,0.08470988273620605,false
4787,1.346775855708224e8,9.997710679346547e6,3,0.06041407585144043,false
4788,1.3467765477332512e8,4.356635037351246e7,12,0.1895449161529541,false
4789,1.3467768315249768e8,3.334134941990766e7,10,0.15145397186279297,false
4790,1.346777223397652e8,7.588812920029902e7,15,0.21949410438537598,false
4791,1.3467772694904003e8,5.170893892412609e7,14,0.21947884559631348,false
4792,1.3467804481293738e8,2.136298417038524e7,4,0.07924914360046387,false
4793,1.3467819953428882e8,2.2074266130649656e7,5,0.09670591354370117,false
4794,1.3467845151411027e8,3.403093288514635e7,12,0.15848016738891602,false
4795,1.3467845273476055e8,3.385118169999987e6,1,0.029948949813842773,false
4796,1.346786028116998e8,2.812480908713323e7,5,0.10456085205078125,false
4797,1.3467864825579533e8,6.86788609388575e6,2,0.04801011085510254,false
4798,1.3467864825579533e8,3.385118169999987e6,1,0.028862953186035156,false
4799,1.3467867326710695e8,1.6657545445819333e7,6,0.09471607208251953,false
4800,1.3467867847776142e8,7.501970966853973e7,11,0.15561485290527344,false
4801,1.346790687165601e8,2.20203794228141e7,5,0.0924980640411377,false
4802,1.3467911001397568e8,6.9285431741411835e6,2,0.045844078063964844,false
4803,1.3467911329297706e8,3.649375106362966e7,11,0.1616048812866211,false
4804,1.3467915524986282e8,2.342888379305111e7,7,0.12439513206481934,false
4805,1.3467916566520995e8,1.47234890480396e7,4,0.07807493209838867,false
4806,1.3467917489607102e8,3.8451211959313095e7,8,0.14554190635681152,false
4807,1.3467919336444154e8,1.423170972770904e7,4,0.07974505424499512,false
4808,1.3467919336444157e8,3.385118169999987e6,1,0.03036808967590332,false
4809,1.3467935586534792e8,2.4774415563902795e7,7,0.12343692779541016,false
4810,1.346794073546896e8,8.196284019337657e7,19,0.3112609386444092,false
4811,1.3467942647076884e8,4.3264332389075965e7,11,0.17108798027038574,false
4812,1.3467953297761768e8,1.3753287610921443e7,4,0.07799720764160156,false
4813,1.3467954010926652e8,9.311789081770137e6,3,0.05837893486022949,false
4814,1.3467954762007162e8,3.3685836099999994e6,1,0.027978897094726562,false
4815,1.3467959828619182e8,1.5649781142753208e8,29,0.4298970699310303,false
4816,1.3467976112830564e8,1.2532187434878528e7,3,0.06897211074829102,false
4817,1.3467987214171734e8,2.2646212282256514e7,6,0.10960197448730469,false
4818,1.3467999181451944e8,7.916690241103548e7,14,0.22239398956298828,false
4819,1.346800577600186e8,8.61028153108405e7,23,0.3489978313446045,false
4820,1.3468015959903562e8,8.616841546319771e7,19,0.27982211112976074,false
4821,1.3468024770523843e8,3.280979762924066e7,9,0.1600968837738037,false
4822,1.3468028074232885e8,7.152371115038946e6,2,0.04725313186645508,false
4823,1.3468035805954307e8,7.015655237259835e6,2,0.049386024475097656,false
4824,1.346803721165686e8,2.3355644278555512e7,7,0.11760306358337402,false
4825,1.346809811268102e8,4.893416393876746e7,11,0.1663057804107666,false
4826,1.3468107312568542e8,4.982294811605874e7,10,0.1619410514831543,false
4827,1.3468122837273955e8,1.2800512828539094e8,32,0.4616861343383789,false
4828,1.3468129499603838e8,3.385118169999987e6,1,0.030076980590820312,false
4829,1.3468150245681036e8,7.47753300254134e7,16,0.2548208236694336,false
4830,1.3468162976978713e8,3.516351646518466e7,9,0.15126919746398926,false
4831,1.346817816244652e8,5.692856825441074e7,19,0.263873815536499,false
4832,1.3468181785262173e8,3.3057454571900874e7,8,0.14685416221618652,false
4833,1.3468200600508448e8,1.209816632818684e7,3,0.06486797332763672,false
4834,1.346821233310591e8,4.9056931948237374e7,14,0.2006840705871582,false
4835,1.3468213543861493e8,1.4894876037250668e7,4,0.08048391342163086,false
4836,1.3468223552555308e8,6.738531425710797e6,2,0.046215057373046875,false
4837,1.3468226517623284e8,1.5499501813853127e8,28,0.4364619255065918,false
4838,1.346823500191055e8,2.0436212007524326e7,5,0.08728194236755371,false
4839,1.3468235001910546e8,3.5162721705476344e6,1,0.030234098434448242,false
4840,1.3468256360485044e8,2.5310990817753255e7,7,0.13179898262023926,false
4841,1.346826223464292e8,8.39553241189827e7,18,0.30783796310424805,false
4842,1.3468272599507883e8,5.13632807304512e7,9,0.17042803764343262,false
4843,1.346827334274329e8,1.3366670798018828e7,4,0.07945609092712402,false
4844,1.346827449691292e8,1.7882019607349396e7,5,0.09362387657165527,false
4845,1.346827449691292e8,3.3685836100000143e6,1,0.029330968856811523,false
4846,1.346828042504895e8,1.5898879392008603e7,4,0.08388805389404297,false
4847,1.3468292477225336e8,1.4232851599435684e8,25,0.35709595680236816,false
4848,1.3468292477225342e8,3.3685836100000143e6,1,0.029582977294921875,false
4849,1.3468292477225336e8,3.5162721705476344e6,1,0.030508995056152344,false
4850,1.346830276518804e8,1.312517396478942e7,3,0.07232904434204102,false
4851,1.3468328509289038e8,4.941256812249808e7,13,0.18088197708129883,false
4852,1.346836510774564e8,2.0451393645041704e7,5,0.09665513038635254,false
4853,1.3468365107745644e8,3.385118169999987e6,1,0.029610872268676758,false
4854,1.3468386392366007e8,1.826304604156503e7,4,0.0875539779663086,false
4855,1.3468386918254516e8,4.3267563326933116e7,12,0.17665410041809082,false
4856,1.3468388793655968e8,7.159594372184354e7,13,0.21316885948181152,false
4857,1.3468389368561634e8,6.770402539683342e6,2,0.048269033432006836,false
4858,1.3468394888361648e8,5.005847370499322e7,9,0.15239810943603516,false
4859,1.3468394888361648e8,3.385118169999987e6,1,0.030050992965698242,false
4860,1.3468399753796822e8,5.9872554095421344e7,11,0.17126202583312988,false
4861,1.34684036058729e8,3.690337610911575e7,12,0.17337298393249512,false
4862,1.3468503664253104e8,3.2425715518523335e7,8,0.14291095733642578,false
4863,1.3468503664253107e8,4.572116599999994e6,1,0.030308961868286133,false
4864,1.3468514312594867e8,3.7252208984265074e7,10,0.15201902389526367,false
4865,1.3468518012908703e8,5.23921831305584e7,12,0.17736506462097168,false
4866,1.3468520152677146e8,3.3281474762729615e7,9,0.15407586097717285,false
4867,1.3468546322824347e8,6.878597044666976e7,12,0.15752816200256348,false
4868,1.3468553649716964e8,1.0139340809181899e7,3,0.06544899940490723,false
4869,1.346855582819985e8,1.3634337908782184e7,3,0.06862187385559082,false
4870,1.34685778631236e8,9.09175142971305e7,19,0.3188350200653076,false
4871,1.34685898202783e8,4.4084945188088e7,9,0.15926504135131836,false
4872,1.3468601837663975e8,1.9964607195756286e7,6,0.10456109046936035,false
4873,1.346860518771099e8,1.9223346837895155e7,6,0.10930395126342773,false
4874,1.3468606266729817e8,2.3111096064550787e7,7,0.12403488159179688,false
4875,1.3468607314852923e8,1.8302763692680538e8,32,0.4898390769958496,false
4876,1.3468608306565273e8,8.10113928332085e7,20,0.3254280090332031,false
4877,1.3468608879815158e8,6.395009131779702e7,16,0.2554590702056885,false
4878,1.3468611289680412e8,1.5323397558733344e7,5,0.0921778678894043,false
4879,1.3468611289680415e8,3.3685628890626132e6,1,0.030164003372192383,false
4880,1.3468611509736276e8,2.878729007283087e7,6,0.11971092224121094,false
4881,1.3468628840933135e8,7.430659925796437e7,15,0.24656105041503906,false
4882,1.346862963571247e8,3.3685836100000143e6,1,0.029885053634643555,false
4883,1.346864191377924e8,1.037331200028921e8,18,0.28771495819091797,false
4884,1.346864191377924e8,3.3685628890626132e6,1,0.029406070709228516,false
4885,1.346864191377924e8,3.5162721705476344e6,1,0.030071020126342773,false
4886,1.346864191377924e8,3.385118169999987e6,1,0.029770851135253906,false
4887,1.346866039515368e8,1.1693379737341045e8,30,0.4546470642089844,false
4888,1.3468672626526573e8,1.2040904244353256e8,24,0.36551713943481445,false
4889,1.346867291029897e8,3.3685836100000143e6,1,0.030087947845458984,false
4890,1.346868048810054e8,7.038241152776901e7,18,0.281329870223999,false
4891,1.3468684543258768e8,9.412334282884449e6,3,0.06304407119750977,false
4892,1.3468697598431823e8,7.298174231059195e7,15,0.24532389640808105,false
4893,1.3468699036100537e8,4.923801486762278e7,14,0.22328615188598633,false
4894,1.3468722754894668e8,2.0976744042662624e8,30,0.44824790954589844,false
4895,1.3468727571642435e8,1.360778507787241e7,4,0.0807349681854248,false
4896,1.3468746227260613e8,8.365486242259492e7,26,0.34905219078063965,false
4897,1.346874868202315e8,2.7727977069298387e7,9,0.13851094245910645,false
4898,1.346875302994885e8,3.3214653149380803e7,12,0.15726995468139648,false
4899,1.3468758788673005e8,3.473124696054658e7,7,0.1365499496459961,false
4900,1.346876303838351e8,4.297704227223429e7,14,0.18577003479003906,false
4901,1.346876523892646e8,3.385118169999987e6,1,0.029947996139526367,false
4902,1.3468766720713943e8,1.5729101331561923e7,5,0.09064412117004395,false
4903,1.3468767998611856e8,3.8775210016297475e7,7,0.13813185691833496,false
4904,1.3468774722733086e8,1.9239539260852367e7,6,0.10696101188659668,false
4905,1.34687772326404e8,2.2322296903003767e7,7,0.11070799827575684,false
4906,1.3468777232640406e8,3.385118169999987e6,1,0.030265092849731445,false
4907,1.3468781974929228e8,7.434433138740411e7,16,0.27301788330078125,false
4908,1.3468783541000873e8,4.4478311141560644e7,12,0.19391393661499023,false
4909,1.346878354100087e8,3.385118169999987e6,1,0.030271053314208984,false
4910,1.346879170986655e8,5.942285562453461e7,11,0.15409398078918457,false
4911,1.3468809761047155e8,1.8748200608389807e8,49,0.6878921985626221,false
4912,1.3468809761047158e8,3.385118169999987e6,1,0.030975818634033203,false
4913,1.3468821293555912e8,1.186734908065117e8,23,0.361004114151001,false
4914,1.3468822387475595e8,2.1178770795076475e7,5,0.09051990509033203,false
4915,1.3468825326583794e8,6.5511910122519806e7,15,0.2532970905303955,false
4916,1.3468838053854093e8,1.7110360842814982e7,4,0.08588385581970215,false
4917,1.346884145458231e8,3.9874745386567295e7,12,0.18118715286254883,false
4918,1.346884631696145e8,2.4751221189730436e7,8,0.13051486015319824,false
4919,1.346884963162075e8,1.734703541352406e7,5,0.09559106826782227,false
4920,1.3468852946928748e8,1.2960032203344151e7,4,0.07678794860839844,false
4921,1.346886259909651e8,2.570944056330225e7,5,0.09426116943359375,false
4922,1.3468883946931323e8,1.6050990230004385e8,28,0.45447397232055664,false
4923,1.3468885314459375e8,4.754723692004663e7,11,0.1717369556427002,false
4924,1.3468887763102278e8,1.1252720211126834e7,3,0.06964492797851562,false
4925,1.3468895457741e8,7.449514230905738e7,16,0.24531292915344238,false
4926,1.3468897352731124e8,1.6336807525417998e7,5,0.09864115715026855,false
4927,1.3468908169746953e8,1.6054962182276905e7,4,0.08063006401062012,false
4928,1.346891515752406e8,1.6621180718971726e8,24,0.38034892082214355,false
4929,1.346892046570479e8,5.764942736665729e7,10,0.15531587600708008,false
4930,1.3468921330109847e8,8.984693457192668e7,12,0.1907191276550293,false
4931,1.3468933133517158e8,2.9829744880103916e7,7,0.13433194160461426,false
4932,1.3468934309238228e8,3.385118169999987e6,1,0.03144407272338867,false
4933,1.346893477200639e8,2.0698694765511543e7,7,0.11706089973449707,false
4934,1.3468935966620153e8,3.3685836100000143e6,1,0.030385971069335938,false
4935,1.3468946497785062e8,2.472378075241053e7,5,0.10084700584411621,false
4936,1.3468951816968256e8,8.133958299999982e6,2,0.048046112060546875,false
4937,1.346896107722323e8,1.0942544047612143e8,21,0.35850000381469727,false
4938,1.3468966865720704e8,9.506281481079431e7,21,0.3241579532623291,false
4939,1.3468967651739872e8,1.012905376915504e7,3,0.06616997718811035,false
4940,1.3468971229988816e8,1.689821433351922e7,5,0.09204506874084473,false
4941,1.3468987551935527e8,6.0032260828127325e7,19,0.288470983505249,false
4942,1.3469005877566594e8,4.54212966549277e7,11,0.15027308464050293,false
4943,1.3469006835149717e8,3.0709749712725595e7,7,0.13376188278198242,false
4944,1.346900683514972e8,3.3685836100000143e6,1,0.031009912490844727,false
4945,1.3469042175863636e8,1.4712480295181587e7,4,0.07772612571716309,false
4946,1.346904363614845e8,4.128653328511326e7,9,0.1846780776977539,false
4947,1.346905235392659e8,1.375903932692498e7,3,0.0678257942199707,false
4948,1.3469053060955578e8,2.836558402248846e7,8,0.1467452049255371,false
4949,1.346905417468896e8,2.847753920499164e7,9,0.14451098442077637,false
4950,1.346905784499788e8,9.494944939403573e7,20,0.31683802604675293,false
4951,1.346907722510758e8,8.175191141875495e7,19,0.3037869930267334,false
4952,1.346907722510758e8,3.3685836100000143e6,1,0.03056478500366211,false
4953,1.346907915594823e8,6.737168533749491e6,2,0.04913902282714844,false
4954,1.3469079319110546e8,1.0106144779789448e7,3,0.06681108474731445,false
4955,1.3469082603815305e8,2.263428243998815e7,7,0.1303110122680664,false
4956,1.346908381078716e8,9.966285119702382e7,19,0.3242030143737793,false
4957,1.3469087338911065e8,2.9698266558514923e7,9,0.1571650505065918,false
4958,1.3469087338911065e8,3.3685836099999994e6,1,0.031703948974609375,false
4959,1.3469092340149164e8,6.3518750681624144e7,17,0.2705090045928955,false
4960,1.346909413379658e8,1.3250537240043178e7,4,0.08023285865783691,false
4961,1.34691024786575e8,5.55855657385388e7,10,0.18154215812683105,false
4962,1.3469104222944805e8,3.7093676643351614e7,11,0.182783842086792,false
4963,1.3469116162754518e8,1.2091047824135602e8,20,0.34395408630371094,false
4964,1.346911790373596e8,6.737114637337387e6,2,0.050228118896484375,false
4965,1.346912563666833e8,1.8451481162910336e8,33,0.5466458797454834,false
4966,1.3469129901605752e8,2.159068748430784e7,7,0.11878395080566406,false
4967,1.346914081269825e8,1.811544679143876e7,4,0.08580613136291504,false
4968,1.3469144789925247e8,3.3685836100000143e6,1,0.03059983253479004,false
4969,1.3469148672202432e8,1.1448113273809794e8,19,0.30530810356140137,false
4970,1.3469184962802026e8,6.503668436206627e7,11,0.15131592750549316,false
4971,1.3469196768281102e8,3.2292082718927607e7,10,0.16113710403442383,false
4972,1.3469234063391045e8,5.66907066885367e7,9,0.1652369499206543,false
4973,1.346925003147764e8,1.0444696775350064e7,3,0.06735491752624512,false
4974,1.3469257973459676e8,2.084718690756449e7,5,0.08771014213562012,false
4975,1.3469263270373276e8,3.073913919505845e7,9,0.1492938995361328,false
4976,1.346926377029434e8,1.7389494476942465e7,5,0.09062314033508301,false
4977,1.3469277593320054e8,7.385545098836319e7,17,0.2514219284057617,false
4978,1.3469283093764555e8,4.092400890806213e7,9,0.1674509048461914,false
4979,1.3469290217978224e8,1.700760461272742e7,5,0.0949561595916748,false
4980,1.34692920592752e8,4.533609074992892e7,14,0.21129488945007324,false
4981,1.3469292059275204e8,3.385118169999987e6,1,0.031590938568115234,false
4982,1.346929535662581e8,9.605439836957619e7,20,0.32152318954467773,false
4983,1.3469297856644595e8,1.8537327361322492e7,5,0.10194587707519531,false
4984,1.3469308705375376e8,3.064275564979559e7,6,0.10420107841491699,false
4985,1.346932695002896e8,2.0633159590080515e8,37,0.5363130569458008,false
4986,1.3469340323227856e8,7.300144118200928e6,2,0.050523996353149414,false
4987,1.346939096854533e8,1.0503821118481687e8,19,0.3141629695892334,false
4988,1.346939764410316e8,5.87885606482054e7,14,0.23046398162841797,false
4989,1.3469398843314943e8,2.5784475168818355e7,7,0.12648892402648926,false
4990,1.3469433548209727e8,1.521769606375897e7,3,0.0651710033416748,false
4991,1.3469434312409386e8,3.544943673673606e7,8,0.14668011665344238,false
4992,1.3469434407845104e8,3.668958996397133e7,11,0.15956401824951172,false
4993,1.346951193276737e8,1.4763456832765058e7,4,0.07532501220703125,false
4994,1.346952347734584e8,1.2610796293148607e7,3,0.06392192840576172,false
4995,1.346952561949771e8,2.1989301879206866e7,8,0.12211298942565918,false
4996,1.3469556555477524e8,5.986923813534576e7,11,0.15408587455749512,false
4997,1.346956834319537e8,2.253042025558591e7,5,0.10022401809692383,false
4998,1.346957796182907e8,1.932728661340964e7,5,0.1011500358581543,false
4999,1.3469593921289968e8,6.737745453516036e6,2,0.05089306831359863,false
5000,1.3469593921289968e8,3.3685836100000143e6,1,0.029805898666381836,false
5001,1.346960043959605e8,1.967841498567684e7,6,0.10640597343444824,false
5002,1.3469603999990308e8,1.2560112048286527e7,3,0.07012200355529785,false
5003,1.3469607667131194e8,2.107311537487848e7,6,0.11008405685424805,false
5004,1.3469608938059857e8,4.6546461166535094e7,11,0.17009806632995605,false
5005,1.3469618601098502e8,1.0648421301880217e8,18,0.3022739887237549,false
5006,1.3469618601098496e8,3.385118169999987e6,1,0.03157997131347656,false
5007,1.346962754941548e8,5.898188978732824e7,12,0.19449710845947266,false
5008,1.346963389103539e8,4.573962446681571e7,14,0.2156968116760254,false
5009,1.3469664406147295e8,1.9030760186216694e8,28,0.4404480457305908,false
5010,1.3469698263170582e8,3.9846899488915324e7,7,0.12200093269348145,false
5011,1.3469705759367687e8,1.8376278403613314e7,5,0.09954500198364258,false
5012,1.346970626049441e8,3.891853861738494e7,10,0.1456770896911621,false
5013,1.3469781522879896e8,1.5041672656680107e7,3,0.06658101081848145,false
5014,1.346978694181121e8,4.730240920104189e7,14,0.2149960994720459,false
5015,1.3469791004699183e8,6.737061680000007e6,2,0.04952192306518555,false
5016,1.3469791004699183e8,3.3685836099999994e6,1,0.03010106086730957,false
5017,1.3469798538355896e8,6.928090960000008e6,2,0.0501558780670166,false
5018,1.3469823073036206e8,1.2189803850884517e8,27,0.44929003715515137,false
5019,1.3469827538135463e8,1.4877170443177283e7,3,0.07037091255187988,false
5020,1.3469840355321833e8,7.724184909642011e6,2,0.05018115043640137,false
5021,1.346984141715594e8,6.629679409999996e6,2,0.048770904541015625,false
5022,1.346986509807856e8,3.433065142266795e7,8,0.14574813842773438,false
5023,1.34698801539964e8,3.27649705692188e7,8,0.1409308910369873,false
5024,1.3469884154208827e8,3.543595852110514e7,11,0.15875697135925293,false
5025,1.3469884316573262e8,3.3685628890626132e6,1,0.02981400489807129,false
5026,1.3469907647807994e8,2.8394111732927322e7,9,0.13875102996826172,false
5027,1.3469910536885732e8,1.7433668871635318e7,6,0.10314297676086426,false
5028,1.346992203412782e8,6.804993497832002e7,18,0.27582597732543945,false
5029,1.346994333982916e8,2.6152535439210653e7,5,0.10571813583374023,false
5030,1.346994886670537e8,1.2871522209629238e7,4,0.07988500595092773,false
5031,1.3469955337996846e8,1.0961850152408712e8,19,0.2983269691467285,false
5032,1.3469967079513288e8,6.460910153894742e7,15,0.257861852645874,false
5033,1.3469989494198558e8,3.9434522115640834e7,13,0.19387412071228027,false
5034,1.3470005561142963e8,2.336810052397448e7,5,0.10157299041748047,false
5035,1.3470033626033205e8,5.5903202554860115e7,10,0.1876659393310547,false
5036,1.3470110235876673e8,1.064815459309828e8,20,0.33675599098205566,false
5037,1.3470176457243237e8,8.633823905626237e6,2,0.050245046615600586,false
5038,1.347018494152918e8,3.735949658647776e7,12,0.16697001457214355,false
5039,1.3470188465756378e8,4.257887547173017e7,12,0.18904995918273926,false
5040,1.347021318743566e8,3.766794224653147e7,10,0.15429997444152832,false
5041,1.3470228290588814e8,1.449194530166097e7,5,0.08356213569641113,false
5042,1.3470234450964743e8,3.6811226073643625e7,8,0.15380597114562988,false
5043,1.3470236909024742e8,3.1701679394953236e7,10,0.15986394882202148,false
5044,1.3470241580629995e8,1.6055681562768802e7,5,0.09534001350402832,false
5045,1.3470247548106012e8,9.369823664165974e6,3,0.06628203392028809,false
5046,1.347025450202178e8,3.4713131981915504e7,7,0.14438796043395996,false
5047,1.347025777122368e8,8.133955322962047e7,22,0.33261704444885254,false
5048,1.3470263503160948e8,6.811903973565729e7,15,0.2425539493560791,false
5049,1.347027198431592e8,1.1733710049743026e7,3,0.06575798988342285,false
5050,1.3470273624962616e8,1.01063218043544e7,3,0.06816291809082031,false
5051,1.3470280690609896e8,1.7138352962955713e7,5,0.10051512718200684,false
5052,1.347028266638298e8,6.737518572287232e6,2,0.04861187934875488,false
5053,1.3470290210587394e8,3.426499250781515e7,7,0.13470005989074707,false
5054,1.3470291808800158e8,6.737519435774833e6,2,0.047480106353759766,false
5055,1.3470300269492045e8,7.35430237379747e7,15,0.2661750316619873,false
5056,1.3470303524705738e8,6.753940237473637e6,2,0.04899287223815918,false
5057,1.3470313663524145e8,6.86788609388575e6,2,0.05058598518371582,false
5058,1.3470314994867787e8,1.502688963594915e7,5,0.0922091007232666,false
5059,1.3470335243799263e8,1.1616053627120247e8,27,0.43790102005004883,false
5060,1.347033594689364e8,1.0260667126233354e7,3,0.06961297988891602,false
5061,1.3470339246642077e8,3.446317015261829e7,8,0.14974188804626465,false
5062,1.3470339600211322e8,6.737580703343391e6,2,0.04844093322753906,false
5063,1.3470340849483514e8,2.45894245397501e7,6,0.11577415466308594,false
5064,1.347036742660282e8,9.591634001725999e7,15,0.2486429214477539,false
5065,1.347037954820333e8,1.5904042031631294e8,33,0.5352201461791992,false
5066,1.3470398834054425e8,6.302439027794647e7,15,0.2572917938232422,false
5067,1.3470408095625764e8,2.3560010416371346e7,6,0.10281705856323242,false
5068,1.3470411208585784e8,2.335740926662527e7,5,0.09601306915283203,false
5069,1.347043891226759e8,5.203078103353688e7,10,0.1644740104675293,false
5070,1.347044020319209e8,9.74801076209636e6,3,0.06738996505737305,false
5071,1.3470450441754746e8,4.24738377870584e7,9,0.17525100708007812,false
5072,1.3470456915295097e8,1.3021185001884103e7,4,0.08693504333496094,false
5073,1.3470472083653313e8,2.729427486730823e7,5,0.10698485374450684,false
5074,1.3470472083653313e8,3.3685836100000143e6,1,0.03057408332824707,false
5075,1.347048185192775e8,6.774862009212434e6,2,0.053338050842285156,false
5076,1.347049592807975e8,2.706540523972926e8,50,0.7911849021911621,false
5077,1.3470495928079763e8,3.3685836099999994e6,1,0.03124213218688965,false
5078,1.3470510744702864e8,1.8226538367614427e8,40,0.6441798210144043,false
5079,1.3470517703721222e8,3.5963689439439446e7,7,0.1234731674194336,false
5080,1.3470521386283875e8,2.4108006558061704e7,7,0.13378190994262695,false
5081,1.3470527380323446e8,1.7922500412739158e7,5,0.10196208953857422,false
5082,1.347053437276181e8,2.3421873732584104e7,7,0.1314859390258789,false
5083,1.3470557436747706e8,1.1676175488277832e8,17,0.2960209846496582,false
5084,1.34705583386664e8,2.857611749480845e8,45,0.6860909461975098,false
5085,1.3470560555168658e8,1.3605979455541238e7,4,0.08347415924072266,false
5086,1.3470561159326333e8,6.737520539054751e6,2,0.04837298393249512,false
5087,1.3470582431263062e8,1.9713926416542083e7,5,0.09715580940246582,false
5088,1.3470587249001735e8,4.205670072290063e7,10,0.17882204055786133,false
5089,1.3470587256008813e8,1.48513619577744e7,4,0.08439111709594727,false
5090,1.3470588458654407e8,2.771808578361085e7,8,0.12501287460327148,false
5091,1.3470592100948057e8,3.216574027397546e7,6,0.13212800025939941,false
5092,1.347059306807348e8,1.4409485109092116e7,4,0.08365917205810547,false
5093,1.3470603581352678e8,1.2622204939866751e7,3,0.0784149169921875,false
5094,1.3470614224008706e8,8.361035391214311e7,18,0.31354188919067383,false
5095,1.3470635259626445e8,1.2846963947938472e7,3,0.07275700569152832,false
5096,1.3470641338261575e8,1.2190098917224702e8,22,0.3587191104888916,false
5097,1.3470650846245047e8,1.0106534664194733e7,3,0.06960892677307129,false
5098,1.347066061181937e8,4.836516640709886e7,9,0.1682600975036621,false
5099,1.3470665658982447e8,2.5363078845409214e7,6,0.12178397178649902,false
5100,1.3470679840457848e8,1.2227895875818974e8,23,0.3189520835876465,false
5101,1.3470683215093803e8,7.548395128088725e7,17,0.25336384773254395,false
5102,1.3470694893670636e8,3.5162721705476344e6,1,0.03180098533630371,false
5103,1.3470715903784218e8,5.32939634848423e7,10,0.18134617805480957,false
5104,1.3470715903784218e8,3.385118169999987e6,1,0.03308296203613281,false
5105,1.3470720689655414e8,1.539029029086706e7,4,0.09220194816589355,false
5106,1.3470738576913843e8,1.9020376402848363e8,36,0.5654740333557129,false
5107,1.3470743534345236e8,4.4364441957127675e7,11,0.1565709114074707,false
5108,1.3470751167854005e8,8.63369960103361e7,18,0.3089311122894287,false
5109,1.3470764225083652e8,1.1508718580345318e7,3,0.07316184043884277,false
5110,1.3470767205636483e8,3.3685836099999994e6,1,0.03173518180847168,false
5111,1.3470767205636486e8,3.3685836100000143e6,1,0.03242683410644531,false
5112,1.3470790436002803e8,1.5238828453758985e7,3,0.06936097145080566,false
5113,1.3470791434216386e8,9.162700552096367e6,3,0.06561899185180664,false
5114,1.3470792301694605e8,3.318915849291274e7,8,0.1415550708770752,false
5115,1.3470792301694608e8,3.3685628890626132e6,1,0.03104710578918457,false
5116,1.3470806392940465e8,3.412017420214972e7,8,0.1574559211730957,false
5117,1.3470809752167127e8,6.884095117856711e6,2,0.05069899559020996,false
5118,1.347081333186214e8,2.2576927327040672e7,7,0.12624096870422363,false
5119,1.3470813331862143e8,3.3685836100000143e6,1,0.03128695487976074,false
5120,1.3470818248499167e8,8.749804147104056e7,24,0.34772205352783203,false
5121,1.3470826785113817e8,1.3693740173719332e7,4,0.0860280990600586,false
5122,1.3470835641406024e8,2.695087482193978e7,6,0.10996699333190918,false
5123,1.347083564140603e8,3.3685836100000143e6,1,0.031076908111572266,false
5124,1.347084453052236e8,5.079248418595898e7,13,0.21760892868041992,false
5125,1.347084521570541e8,9.337512140345204e7,17,0.3043680191040039,false
5126,1.3470852676054016e8,3.385118169999987e6,1,0.03329205513000488,false
5127,1.3470862096942785e8,5.893219921760434e7,13,0.22076201438903809,false
5128,1.3470865981441724e8,1.9498376911204118e8,38,0.5945549011230469,false
5129,1.3470890539202914e8,6.4684640463592336e7,15,0.24116802215576172,false
5130,1.3470919000463602e8,1.84922020723034e8,36,0.5511481761932373,false
5131,1.3470919725204876e8,2.0222049516459092e7,6,0.10977983474731445,false
5132,1.3470920664718518e8,6.75359624000001e6,2,0.05233407020568848,false
5133,1.3470920664718515e8,3.3685836100000143e6,1,0.03132891654968262,false
5134,1.3470926660628334e8,2.1207358167355686e7,5,0.09490013122558594,false
5135,1.3470926660628334e8,3.385118169999987e6,1,0.03174090385437012,false
5136,1.347093299641986e8,1.3831838200410384e8,26,0.4419550895690918,false
5137,1.347093564428502e8,2.698248156283173e7,8,0.1482679843902588,false
5138,1.3470983262626573e8,3.664216483983952e7,9,0.13838601112365723,false
5139,1.3471003694723988e8,2.611179683275473e7,5,0.10598587989807129,false
5140,1.3471003776353344e8,4.362581926453835e7,9,0.1429140567779541,false
5141,1.347100666249737e8,6.771107663849832e7,16,0.258573055267334,false
5142,1.3471025203814194e8,1.8333927677678466e7,5,0.10389494895935059,false
5143,1.3471026305047405e8,1.2156695114014804e7,4,0.08204507827758789,false
5144,1.3471035397895846e8,5.8065486353667706e7,15,0.25067806243896484,false
5145,1.3471049210411045e8,3.975219740705156e7,9,0.16527700424194336,false
5146,1.3471062029101777e8,5.4039392713865444e7,14,0.2364809513092041,false
5147,1.347106202910178e8,3.3685836100000143e6,1,0.03434395790100098,false
5148,1.347106465369626e8,4.866504489090246e7,15,0.23633599281311035,false
5149,1.347106630395172e8,3.642776936377767e7,8,0.15686607360839844,false
5150,1.3471073010168338e8,3.3685836100000143e6,1,0.03256702423095703,false
5151,1.347107822578463e8,6.737168533749491e6,2,0.05153298377990723,false
5152,1.3471079586403772e8,1.939147800297323e7,7,0.11460685729980469,false
5153,1.347109266828249e8,1.5226551979023308e8,32,0.4940180778503418,false
5154,1.347109833789332e8,1.1730000039428055e7,3,0.07518601417541504,false
5155,1.3471100328686142e8,8.760937241585737e7,19,0.33805084228515625,false
5156,1.3471103448421592e8,2.0998508524868563e7,6,0.11377120018005371,false
5157,1.3471145742745584e8,4.042524951685664e7,7,0.12418198585510254,false
5158,1.3471148874947867e8,3.3685836099999994e6,1,0.03182792663574219,false
5159,1.3471166148842302e8,3.0337281859660953e7,6,0.11400103569030762,false
5160,1.3471166148842305e8,3.385118169999987e6,1,0.03309798240661621,false
5161,1.3471166495914817e8,7.526287411148418e7,16,0.2796030044555664,false
5162,1.3471166495914814e8,3.3685836100000143e6,1,0.03202009201049805,false
5163,1.347116954485305e8,2.8133404768864512e7,8,0.14732694625854492,false
5164,1.347116954485305e8,3.3685628890626132e6,1,0.030958890914916992,false
5165,1.347117078164074e8,1.2941752059416115e7,3,0.07992815971374512,false
5166,1.3471246599029514e8,2.8685265434148997e7,6,0.11050796508789062,false
5167,1.3471246622829366e8,6.737520539054751e6,2,0.05028390884399414,false
5168,1.3471246622829366e8,3.385118169999987e6,1,0.03237199783325195,false
5169,1.347124979672364e8,1.483772752094573e8,28,0.4587399959564209,false
5170,1.3471265014762065e8,2.5079499690562814e7,6,0.12511801719665527,false
5171,1.3471265014762065e8,4.572116599999994e6,1,0.03303194046020508,false
5172,1.3471270367108592e8,2.943461031575665e7,6,0.12437105178833008,false
5173,1.3471285693578014e8,1.6932428732311666e7,4,0.08456301689147949,false
5174,1.3471293103538257e8,2.956181490551892e7,7,0.14238905906677246,false
5175,1.3471349208981165e8,5.375476129222751e7,9,0.14937186241149902,false
5176,1.34713525286186e8,6.737114637337387e6,2,0.050829172134399414,false
5177,1.3471353207839027e8,2.0640498566325143e7,7,0.12410092353820801,false
5178,1.3471353207839027e8,3.3685836100000143e6,1,0.031116008758544922,false
5179,1.3471365091934547e8,3.499009610547632e6,1,0.032788991928100586,false
5180,1.3471366044714418e8,6.770402539683342e6,2,0.05178189277648926,false
5181,1.3471369794125506e8,2.040460275328268e7,6,0.11466217041015625,false
5182,1.3471373183812383e8,4.395057229629102e7,10,0.16797494888305664,false
5183,1.3471375737549004e8,4.0385415540653154e7,8,0.1595618724822998,false
5184,1.34713799566836e8,4.456400754736574e7,14,0.21231317520141602,false
5185,1.347138133504487e8,2.7333362979599e7,7,0.12070894241333008,false
5186,1.3471395704529077e8,2.9373738982816532e7,10,0.150130033493042,false
5187,1.347139733687862e8,1.9546120726520315e7,6,0.11251282691955566,false
5188,1.347140503253431e8,5.055592341911781e7,9,0.15633702278137207,false
5189,1.3471422508009556e8,3.505882048834422e7,7,0.1465451717376709,false
5190,1.3471427065314782e8,9.216220334967525e7,24,0.3655509948730469,false
5191,1.347142918685861e8,6.63366464209637e6,2,0.05297994613647461,false
5192,1.3471430696124315e8,1.3902441707580224e7,4,0.08931303024291992,false
5193,1.347143828773427e8,1.723649236690542e7,4,0.09088897705078125,false
5194,1.347146500665512e8,3.838452536279376e7,10,0.1444258689880371,false
5195,1.3471480579900098e8,3.515955972565761e7,8,0.13104915618896484,false
5196,1.3471496714474657e8,7.621234829033437e7,16,0.2740590572357178,false
5197,1.3471515118287495e8,3.84603640408535e7,10,0.17232298851013184,false
5198,1.3471553315928027e8,8.734570975995247e7,20,0.34789586067199707,false
5199,1.3471553862556952e8,1.18435651016206e7,4,0.07870006561279297,false
5200,1.3471556965556043e8,9.57285257423383e6,2,0.05166292190551758,false
5201,1.347156385705519e8,5.807330902456507e7,13,0.21838903427124023,false
5202,1.3471564136579293e8,6.944986919297814e6,2,0.05030107498168945,false
5203,1.347160172934634e8,1.0117613896192892e8,22,0.36117982864379883,false
5204,1.3471601831941864e8,3.3685836099999994e6,1,0.033987998962402344,false
5205,1.3471618327288485e8,6.77031803691563e6,2,0.053269147872924805,false
5206,1.3471676299205366e8,4.570736803804648e7,9,0.14570999145507812,false
5207,1.3471677494502684e8,6.852060613312879e7,16,0.27712106704711914,false
5208,1.3471681999485505e8,1.312046353110744e7,4,0.08000779151916504,false
5209,1.347170211696578e8,6.772516009477615e6,2,0.05460810661315918,false
5210,1.3471702147363064e8,4.572188329190618e7,9,0.17822003364562988,false
5211,1.347170249074377e8,3.02182099767271e7,9,0.16664385795593262,false
5212,1.347171096087252e8,2.826544713379532e7,8,0.14861416816711426,false
5213,1.347171332708094e8,2.9460104453938767e7,7,0.14139485359191895,false
5214,1.3471715006682247e8,3.4746747590406954e7,12,0.17302608489990234,false
5215,1.347172155281897e8,4.45292740151753e7,8,0.16648602485656738,false
5216,1.3471726527348983e8,2.463291211932361e7,6,0.13247895240783691,false
5217,1.3471729128995037e8,9.940395135941753e7,18,0.3054771423339844,false
5218,1.3471738347935897e8,2.0651891242780986e8,23,0.3598818778991699,false
5219,1.347175629048677e8,3.510553181055635e7,8,0.1500260829925537,false
5220,1.3471769936685354e8,2.066437459307936e7,5,0.1010589599609375,false
5221,1.3471769936685354e8,4.572116599999994e6,1,0.03291606903076172,false
5222,1.3471776005869737e8,2.479758155504878e7,6,0.12090086936950684,false
5223,1.3471790708808696e8,1.527018746741812e8,25,0.42112207412719727,false
5224,1.3471793197381094e8,1.0116269231410116e7,3,0.06551790237426758,false
5225,1.3471798193488786e8,2.2162205478539065e7,6,0.10663604736328125,false
5226,1.3471805719762734e8,1.4533880821370348e7,5,0.09415793418884277,false
5227,1.3471820833655232e8,2.7651737583950266e7,7,0.1381521224975586,false
5228,1.3471838948031887e8,8.091241204421356e7,20,0.3250410556793213,false
5229,1.3471847922524112e8,5.2329104561569154e7,10,0.18278980255126953,false
5230,1.3471847922524115e8,3.3685836100000143e6,1,0.031764984130859375,false
5231,1.3471847922524112e8,4.572116599999994e6,1,0.033100128173828125,false
5232,1.347186008928655e8,1.8956885531075284e7,4,0.08281493186950684,false
5233,1.3471863202562466e8,2.045661968916744e7,6,0.10750007629394531,false
5234,1.347193407365868e8,4.9305134833207145e7,12,0.20106887817382812,false
5235,1.347193407898698e8,8.043578216406195e7,20,0.33186817169189453,false
5236,1.3471973100284687e8,1.973236885502875e8,25,0.38611292839050293,false
5237,1.347199254857448e8,7.287518345057197e7,13,0.20907998085021973,false
5238,1.3471997025457337e8,6.737520539054751e6,2,0.05129599571228027,false
5239,1.3471997025457337e8,3.385118169999987e6,1,0.03285408020019531,false
5240,1.3472001038869083e8,2.3390223573282987e7,5,0.10428881645202637,false
5241,1.3472010627654624e8,1.038461096574279e8,17,0.2946610450744629,false
5242,1.3472021510781226e8,4.593756113219991e7,9,0.16154718399047852,false
5243,1.3472021510781226e8,3.3685836100000143e6,1,0.03148293495178223,false
5244,1.347203068175943e8,4.3617455100431755e7,9,0.16700387001037598,false
5245,1.3472056746302924e8,5.011649519844488e8,62,0.9317831993103027,false
5246,1.347206069772106e8,7.592764025254667e6,2,0.05596494674682617,false
5247,1.347206069772106e8,3.385118169999987e6,1,0.03506803512573242,false
5248,1.3472064421379367e8,6.414505589434418e7,11,0.19014382362365723,false
5249,1.3472081397874236e8,7.004041677259833e6,2,0.05297517776489258,false
5250,1.3472091242305416e8,7.87061270787722e7,19,0.28850483894348145,false
5251,1.347210652681082e8,1.8195665479908824e7,4,0.0948941707611084,false
5252,1.3472115880211052e8,2.885546204361686e7,7,0.14253687858581543,false
5253,1.347211588021105e8,3.385118169999987e6,1,0.03324389457702637,false
5254,1.347211588021105e8,6.770402539683342e6,2,0.05178213119506836,false
5255,1.3472115880211052e8,3.385118169999987e6,1,0.03272891044616699,false
5256,1.3472121419650075e8,1.7639787830221415e7,4,0.09618711471557617,false
5257,1.3472121419650075e8,3.5162721705476344e6,1,0.03295707702636719,false
5258,1.3472121419650072e8,3.385118169999987e6,1,0.03257584571838379,false
5259,1.3472141105072713e8,9.701937360400489e7,15,0.24628210067749023,false
5260,1.347214461578612e8,4.000393712348667e7,10,0.15494394302368164,false
5261,1.347214472168059e8,7.95451588538619e7,16,0.2861909866333008,false
5262,1.3472148603687152e8,2.062532890954283e7,4,0.09352707862854004,false
5263,1.3472153471207842e8,1.7553524943014163e8,34,0.567572832107544,false
5264,1.3472156370283496e8,1.1299726631136905e8,24,0.36629319190979004,false
5265,1.3472167873564374e8,2.6130070675406262e7,8,0.12231087684631348,false
5266,1.3472181934173846e8,2.9371782941471368e7,6,0.12704706192016602,false
5267,1.3472186324716252e8,2.3129597918530867e7,8,0.13340401649475098,false
5268,1.347219519367524e8,1.1931020282934785e7,3,0.07477498054504395,false
5269,1.3472197788444516e8,1.010666984419696e7,3,0.0696859359741211,false
5270,1.3472202316253904e8,6.73746043737334e6,2,0.05268692970275879,false
5271,1.3472202317011678e8,5.469425267238207e7,13,0.20905613899230957,false
5272,1.3472210009749272e8,2.067134339508605e7,6,0.11822104454040527,false
5273,1.3472232376030955e8,3.926319213156673e7,7,0.14075183868408203,false
5274,1.3472240880210444e8,6.773752927765101e6,2,0.05537104606628418,false
5275,1.3472243071774334e8,9.144243498662502e6,2,0.05373191833496094,false
5276,1.3472243071774334e8,3.385118169999987e6,1,0.032720088958740234,false
5277,1.347225932864727e8,2.4877216552856117e7,5,0.0957329273223877,false
5278,1.3472260483561638e8,6.737114637337387e6,2,0.051444053649902344,false
5279,1.3472263387950292e8,4.5080551731921256e7,11,0.183851957321167,false
5280,1.3472271475363648e8,4.1365896704635665e7,7,0.12369012832641602,false
5281,1.3472279280574042e8,4.932557278922585e7,12,0.20434093475341797,false
5282,1.3472279280574042e8,6.738007739062622e6,2,0.05246901512145996,false
5283,1.34722843985079e8,9.718518843505439e7,17,0.29834604263305664,false
5284,1.3472287294065702e8,1.933171668984209e7,6,0.11530900001525879,false
5285,1.3472292013172388e8,6.676631079295941e7,18,0.2981228828430176,false
5286,1.3472316637031615e8,3.911212208104503e7,7,0.14716005325317383,false
5287,1.347232063939874e8,1.4910197210968226e7,3,0.06940507888793945,false
5288,1.347232383416737e8,6.312585272257888e7,13,0.2389988899230957,false
5289,1.347232383416737e8,4.572116599999994e6,1,0.03453397750854492,false
5290,1.347232383416737e8,3.3685836100000143e6,1,0.032595157623291016,false
5291,1.347232762869883e8,4.880210758211078e7,12,0.18082404136657715,false
5292,1.347232942324014e8,1.0106265401664943e7,3,0.06948685646057129,false
5293,1.3472363662808293e8,7.332341802849191e7,16,0.2735331058502197,false
5294,1.347236366280829e8,3.385118169999987e6,1,0.03312802314758301,false
5295,1.3472377905342856e8,1.8815800541319996e7,5,0.09930181503295898,false
5296,1.3472378162111256e8,2.4967321136582673e7,8,0.13376116752624512,false
5297,1.347238811585276e8,5.03294811894438e7,13,0.21794891357421875,false
5298,1.3472388697146183e8,4.525815147086167e7,12,0.19098997116088867,false
5299,1.34724650811646e8,2.038427676914811e7,5,0.10171914100646973,false
5300,1.347248727710966e8,1.0476284850573891e8,13,0.20687580108642578,false
5301,1.3472490209738293e8,1.3542999287239283e7,4,0.09205818176269531,false
5302,1.347249020973829e8,4.572116599999994e6,1,0.033792972564697266,false
5303,1.3472509199327192e8,2.0046753808343217e7,6,0.11900186538696289,false
5304,1.3472520300412196e8,3.850154871720204e7,8,0.16568613052368164,false
5305,1.3472557057563442e8,1.7947053012803012e8,33,0.5193369388580322,false
5306,1.3472565891477314e8,6.649023901643276e6,2,0.05475306510925293,false
5307,1.3472571804705736e8,8.285751528810447e7,21,0.33940696716308594,false
5308,1.3472578781018755e8,2.062327975325048e7,4,0.08492588996887207,false
5309,1.3472665086449802e8,3.154953797534734e7,8,0.15750408172607422,false
5310,1.3472690083119884e8,2.6949555299030483e7,8,0.15065693855285645,false
5311,1.3472692791040307e8,3.692224593622132e7,8,0.15138816833496094,false
5312,1.3472700888675287e8,1.488946132014656e7,4,0.09633183479309082,false
5313,1.3472700888675284e8,3.3685836100000143e6,1,0.03284311294555664,false
5314,1.3472703127424952e8,3.1582685318587035e7,8,0.16135501861572266,false
5315,1.3472713122611994e8,2.1737840913789243e7,6,0.11311793327331543,false
5316,1.3472714187947485e8,8.958713520163324e7,17,0.32837796211242676,false
5317,1.3472721614914733e8,1.4255963583545715e7,4,0.08965706825256348,false
5318,1.3472721614914733e8,3.3685628890626132e6,1,0.032579898834228516,false
5319,1.347273530367604e8,4.424803339172563e7,8,0.13380002975463867,false
5320,1.3472739860803652e8,2.775754008536914e7,7,0.14010310173034668,false
5321,1.347273986080365e8,3.3685836100000143e6,1,0.03201794624328613,false
5322,1.3472739862034312e8,9.203472848173976e6,3,0.06649494171142578,false
5323,1.347274583989359e8,6.128332311015883e7,14,0.2530801296234131,false
5324,1.3472750022105154e8,1.1262704968072781e8,21,0.3705019950866699,false
5325,1.3472779844730484e8,2.112402540255168e7,5,0.11300396919250488,false
5326,1.3472781173624977e8,1.4076212921214312e7,3,0.07453584671020508,false
5327,1.347278167470724e8,1.2019974961439282e7,4,0.08571004867553711,false
5328,1.347278277669236e8,7.201083363960412e7,17,0.2948300838470459,false
5329,1.3472824020796433e8,1.1641220369929224e7,3,0.07484102249145508,false
5330,1.347283417597956e8,3.0165127960190654e7,5,0.11119198799133301,false
5331,1.3472846267157924e8,2.1935268038073227e7,7,0.13098406791687012,false
5332,1.347284757376537e8,7.736988059814662e6,2,0.053322792053222656,false
5333,1.347285149090451e8,5.114974475111239e7,13,0.20728302001953125,false
5334,1.3472857127204522e8,6.2625953072606e7,19,0.30727219581604004,false
5335,1.347285905100968e8,1.0721010380362335e8,24,0.39438486099243164,false
5336,1.3472859434055248e8,1.163362224382484e7,3,0.07398796081542969,false
5337,1.3472902111285466e8,6.280969568204561e7,14,0.22219395637512207,false
5338,1.3472907357673758e8,5.7144914904337615e7,17,0.2774322032928467,false
5339,1.3472930877038127e8,5.031506785464415e7,11,0.1944139003753662,false
5340,1.347296223156429e8,6.754459418637335e6,2,0.05364489555358887,false
5341,1.3472965044258797e8,4.849231585412003e7,13,0.2205982208251953,false
5342,1.3472972476086926e8,1.6762314518534511e7,5,0.10096096992492676,false
5343,1.347302650036224e8,1.4987775268890679e7,3,0.0709068775177002,false
5344,1.3473027599486253e8,1.3942624949195766e8,25,0.41090893745422363,false
5345,1.3473027599486253e8,3.385118169999987e6,1,0.03353714942932129,false
5346,1.3473033462995481e8,1.2881541318725765e7,3,0.07820796966552734,false
5347,1.3473039860120252e8,1.3642365248086885e7,4,0.09371209144592285,false
5348,1.3473059468754905e8,2.6084717624673754e7,7,0.12390899658203125,false
5349,1.3473059473348364e8,7.967015522467902e7,19,0.32298898696899414,false
5350,1.347306603904468e8,9.432409900052677e7,21,0.3677539825439453,false
5351,1.3473081104725748e8,1.1488501419475588e8,19,0.353010892868042,false
5352,1.3473087076987755e8,9.723286868202835e6,3,0.07492899894714355,false
5353,1.3473088755507153e8,1.3587022456884757e7,4,0.09104704856872559,false
5354,1.3473095260626698e8,1.5016549659068525e7,4,0.09855794906616211,false
5355,1.347310136465886e8,2.8201554708655864e7,7,0.15247702598571777,false
5356,1.3473110045715603e8,2.6183614159424305e7,6,0.12944293022155762,false
5357,1.3473112687257767e8,1.0248970129399177e8,14,0.2355210781097412,false
5358,1.3473116544697222e8,1.0826362562616201e8,21,0.369067907333374,false
5359,1.3473121123442197e8,2.2774640054320276e7,7,0.12903213500976562,false
5360,1.3473121123442194e8,3.5162721705476344e6,1,0.03338885307312012,false
5361,1.3473128203608567e8,4.534998993090011e7,9,0.15242600440979004,false
5362,1.3473131393849924e8,3.3640849197229475e7,8,0.16297101974487305,false
5363,1.3473132186276075e8,5.426221036666478e7,12,0.206712007522583,false
5364,1.3473138092681625e8,2.16310892924778e7,6,0.1248621940612793,false
5365,1.3473141487820196e8,4.7990527353327215e7,16,0.24458885192871094,false
5366,1.34731513624729e8,1.0159934459212422e7,3,0.07775712013244629,false
5367,1.3473186039359176e8,1.8752908204701543e7,6,0.10590696334838867,false
5368,1.3473193991900355e8,4.4003457726654816e8,73,1.1090400218963623,false
5369,1.3473195798960668e8,9.465629349131334e7,18,0.3258340358734131,false
5370,1.347319579896067e8,3.3685836100000143e6,1,0.03395390510559082,false
5371,1.3473196540246838e8,1.325890759757644e7,4,0.08859992027282715,false
5372,1.3473202095017493e8,1.3798705728018075e7,4,0.08646702766418457,false
5373,1.3473291106304234e8,1.192803968860209e7,4,0.08921194076538086,false
5374,1.3473291889802855e8,6.75359624000001e6,2,0.054737091064453125,false
5375,1.347335066840261e8,7.130592604100357e7,15,0.27484607696533203,false
5376,1.347335186432037e8,3.1116479584568188e7,6,0.1129460334777832,false
5377,1.3473361545799485e8,3.470581495425385e7,10,0.1735367774963379,false
5378,1.347336727907961e8,5.856785976051149e7,14,0.24528717994689941,false
5379,1.3473372109791568e8,3.1058889285387695e7,10,0.1605360507965088,false
5380,1.3473440469646558e8,1.0087698813082996e8,17,0.2798609733581543,false
5381,1.347344983186542e8,1.5177089021907285e8,37,0.6143369674682617,false
5382,1.3473453813019237e8,6.738939186490355e7,16,0.2863008975982666,false
5383,1.3473456501349878e8,1.0821734570286936e8,17,0.3230020999908447,false
5384,1.3473456508630776e8,6.1681502197846666e7,15,0.26525402069091797,false
5385,1.3473459125505555e8,3.6867067222843945e7,11,0.1565389633178711,false
5386,1.347351610560077e8,3.3314399209135795e8,43,0.6427769660949707,false
5387,1.3473538835362226e8,3.655781927269292e7,8,0.1699368953704834,false
5388,1.3473570989672944e8,2.548054853400811e8,37,0.6557650566101074,false
5389,1.3473585665634522e8,3.818150222742294e7,10,0.17431116104125977,false
5390,1.347359763976747e8,5.349040579929182e7,9,0.1616659164428711,false
5391,1.3473599027672872e8,1.4326585339598358e7,4,0.09252500534057617,false
5392,1.347360242873023e8,9.711366585577503e6,3,0.06806206703186035,false
5393,1.3473605054311073e8,5.060007543294972e7,9,0.15508294105529785,false
5394,1.3473610292568547e8,9.12498554392474e7,16,0.27245402336120605,false
5395,1.3473665641504034e8,3.4884967456875e7,8,0.131943941116333,false
5396,1.347367501402109e8,8.26511230054763e6,2,0.055928945541381836,false
5397,1.347369098011732e8,6.6137622892535836e7,15,0.27735114097595215,false
5398,1.3473697191817555e8,3.5619562493458316e7,10,0.1673719882965088,false
5399,1.3473718237332255e8,7.070705306494021e7,14,0.2497239112854004,false
5400,1.347376142873124e8,2.8998248684636235e7,6,0.12611103057861328,false
5401,1.3473769798775548e8,3.873600728314707e7,12,0.1930088996887207,false
5402,1.3473772766305092e8,1.9085182293480903e7,5,0.11219406127929688,false
5403,1.3473773010025734e8,1.3877676695801824e7,4,0.08982610702514648,false
5404,1.347379578715604e8,5.743561869497067e7,14,0.2234668731689453,false
5405,1.347379670286548e8,2.6640464373902842e7,8,0.1468949317932129,false
5406,1.347379916969754e8,7.442470470730141e7,16,0.2847151756286621,false
5407,1.347380533376492e8,1.762768343469417e7,5,0.11181497573852539,false
5408,1.34738074058992e8,1.2868118513009772e7,4,0.09488391876220703,false
5409,1.3473820910067052e8,1.5977939111437961e7,4,0.09052395820617676,false
5410,1.347382395781955e8,8.628505654430893e7,16,0.30246996879577637,false
5411,1.347382656168781e8,1.645016102996216e8,38,0.6424851417541504,false
5412,1.3473842476154453e8,9.02685615309372e7,11,0.20114398002624512,false
5413,1.3473848822916335e8,8.256032241716437e7,16,0.27251696586608887,false
5414,1.3473848822917914e8,3.3685836100000143e6,1,0.03737211227416992,false
5415,1.3473852323798144e8,1.776920576003769e7,5,0.1132359504699707,false
5416,1.3473856207740656e8,4.092116760902828e7,8,0.16588497161865234,false
5417,1.3473860602197847e8,6.770130799999982e6,2,0.05621004104614258,false
5418,1.3473869428201494e8,1.8495416264385074e7,5,0.11195802688598633,false
5419,1.3473869909706226e8,1.4477200648621619e7,4,0.09909796714782715,false
5420,1.347387609037214e8,3.3282800190164417e7,6,0.12620997428894043,false
5421,1.3473895223427904e8,1.698646153455658e8,25,0.3590660095214844,false
5422,1.3473904591608515e8,3.1711519078458607e7,6,0.1300039291381836,false
5423,1.3473930664171785e8,7.94585431794815e7,13,0.2293391227722168,false
5424,1.34739635264557e8,5.0300362688881844e7,13,0.23375201225280762,false
5425,1.347397175322341e8,1.0354319076267087e8,25,0.3963048458099365,false
5426,1.3473975794747445e8,1.405148111689269e8,32,0.5429339408874512,false
5427,1.3473975794747445e8,4.572116599999994e6,1,0.03477811813354492,false
5428,1.3473983151947412e8,1.817810545538667e7,4,0.09174799919128418,false
5429,1.3473983403694248e8,1.3500518604053617e7,4,0.09484291076660156,false
5430,1.3473986605119228e8,3.825060351052362e7,13,0.20348596572875977,false
5431,1.347399507117656e8,3.666344766142669e7,10,0.17274808883666992,false
5432,1.3473996647656658e8,1.6681409418333262e7,5,0.10790610313415527,false
5433,1.3474003886602923e8,7.208901434065044e7,16,0.29913902282714844,false
5434,1.3474009280794314e8,4.0263163237104446e7,11,0.1844348907470703,false
5435,1.347403884541017e8,6.643018591514024e7,12,0.20920896530151367,false
5436,1.3474038845410174e8,3.385118169999987e6,1,0.034863948822021484,false
5437,1.3474048114030913e8,7.3969209484067e7,10,0.20111918449401855,false
5438,1.347405048120998e8,6.4729936698084384e7,16,0.2921109199523926,false
5439,1.3474062544734952e8,5.670090434814894e7,12,0.2161118984222412,false
5440,1.3474063507401595e8,3.3685628890625983e6,1,0.03579115867614746,false
5441,1.3474063507401595e8,3.385118169999987e6,1,0.033772945404052734,false
5442,1.3474063507401595e8,3.385118169999987e6,1,0.03425908088684082,false
5443,1.3474064758999866e8,3.6968830713536695e7,10,0.18602895736694336,false
5444,1.3474064997633463e8,6.77031803691563e6,2,0.055043935775756836,false
5445,1.3474064997633463e8,3.385118169999987e6,1,0.03357195854187012,false
5446,1.347406533198566e8,3.3685628890625983e6,1,0.03388214111328125,false
5447,1.3474065331985664e8,4.572116599999994e6,1,0.034062862396240234,false
5448,1.3474080047132733e8,2.102835581543602e7,6,0.11480116844177246,false
5449,1.3474080047132757e8,3.3685628890626132e6,1,0.0350489616394043,false
5450,1.3474081880612037e8,6.737197373568341e6,2,0.052464962005615234,false
5451,1.347408310295353e8,4.978040153780477e7,12,0.20667386054992676,false
5452,1.347409258469598e8,2.7286214771180093e7,7,0.14564013481140137,false
5453,1.3474108958813035e8,3.3685628890625983e6,1,0.03589892387390137,false
5454,1.3474179573555005e8,9.88994454905068e7,15,0.26850008964538574,false
5455,1.3474182957317108e8,2.806290935780418e7,9,0.16703104972839355,false
5456,1.347418295731711e8,3.385118169999987e6,1,0.03599882125854492,false
5457,1.3474184435027078e8,3.3685628890625983e6,1,0.035299062728881836,false
5458,1.3474214377309716e8,5.268343365290862e7,10,0.18810606002807617,false
5459,1.3474221068085563e8,3.12525025774896e7,8,0.1576838493347168,false
5460,1.34742219754366e8,1.7440411651165575e7,6,0.12003612518310547,false
5461,1.347422564410574e8,3.136558582774113e7,8,0.16266989707946777,false
5462,1.3474238947971848e8,4.597736995670107e7,9,0.18910002708435059,false
5463,1.3474239364240333e8,1.190236026177457e7,3,0.0772390365600586,false
5464,1.347424351178716e8,7.409830618200928e6,2,0.054995059967041016,false
5465,1.3474249457105595e8,2.304482135753709e8,35,0.5861809253692627,false
5466,1.3474256788230407e8,5.3479229675211474e7,14,0.218994140625,false
5467,1.3474257681169647e8,1.1873231946294725e7,3,0.07938385009765625,false
5468,1.347425831614292e8,1.9889151566478416e7,6,0.12326407432556152,false
5469,1.3474266901224077e8,3.4529842375068784e7,8,0.16747808456420898,false
5470,1.3474274412630507e8,1.039849639891122e8,18,0.3383958339691162,false
5471,1.3474280357689637e8,8.816263302402817e7,24,0.35779595375061035,false
5472,1.347428603629419e8,3.96112780046643e7,7,0.14682722091674805,false
5473,1.347428603629419e8,3.385118169999987e6,1,0.03498983383178711,false
5474,1.3474289199470574e8,4.418291367165816e7,8,0.1653289794921875,false
5475,1.3474302461693844e8,5.256093803461298e7,9,0.16034412384033203,false
5476,1.347432193058679e8,4.183598529469216e7,10,0.15994501113891602,false
5477,1.3474324803649443e8,1.2405390733095363e7,4,0.09121298789978027,false
5478,1.3474340084725836e8,1.0236811085894912e7,3,0.07683706283569336,false
5479,1.347435235644402e8,6.032683411569445e7,15,0.26318979263305664,false
5480,1.3474356253073198e8,5.499232181373671e7,11,0.2062981128692627,false
5481,1.347437365283916e8,2.124935333408709e7,6,0.13691091537475586,false
5482,1.347437365283916e8,4.572116599999994e6,1,0.03681802749633789,false
5483,1.347437365283916e8,3.3685628890625983e6,1,0.0386810302734375,false
5484,1.347439556636461e8,1.3682245650249982e8,27,0.47603893280029297,false
5485,1.3474424675986668e8,1.853057315932116e7,4,0.09604716300964355,false
5486,1.3474424675986686e8,3.3685836100000143e6,1,0.033876895904541016,false
5487,1.3474425976089075e8,9.379503934002325e6,3,0.0685720443725586,false
5488,1.347442915067064e8,1.0971487446140394e7,3,0.07860302925109863,false
5489,1.3474434608090603e8,1.82872382413757e7,5,0.10213184356689453,false
5490,1.347446430735217e8,3.2178246978136152e7,10,0.15256714820861816,false
5491,1.3474488859701583e8,1.8908176284368068e7,6,0.11684799194335938,false
5492,1.3474503438135546e8,1.4578475297044799e7,4,0.08555293083190918,false
5493,1.3474505839740735e8,1.0330348278814465e7,3,0.07445096969604492,false
5494,1.3474506609598902e8,7.015655237259835e6,2,0.054461002349853516,false
5495,1.347450789808178e8,1.3475414046740696e7,4,0.08947610855102539,false
5496,1.3474512191068837e8,1.0125803405778483e7,3,0.0748589038848877,false
5497,1.3474523864425802e8,5.6970470110519886e7,12,0.20071101188659668,false
5498,1.3474523864425802e8,3.3685836099999994e6,1,0.03370499610900879,false
5499,1.347454174462844e8,1.1093097986757368e7,3,0.07090306282043457,false
5500,1.347454759496354e8,1.051454611751199e8,30,0.46181392669677734,false
5501,1.3474595027860412e8,2.0615158165472364e8,42,0.7380890846252441,false
5502,1.347462694718442e8,2.6937471975396603e7,6,0.11913204193115234,false
5503,1.347463411001834e8,3.265998148345881e8,55,0.9528629779815674,false
5504,1.347464066604979e8,9.56396226720549e7,21,0.38623595237731934,false
5505,1.347465811056771e8,2.196586403326738e7,5,0.10380887985229492,false
5506,1.3474670729981282e8,8.701188154900157e7,11,0.1990342140197754,false
5507,1.347467932514389e8,2.1308969710414782e7,6,0.1281898021697998,false
5508,1.3474690731142443e8,4.042177625127122e7,9,0.18354320526123047,false
5509,1.347469680057472e8,3.385118169999987e6,1,0.03476285934448242,false
5510,1.3474701138524142e8,4.128954474890235e7,11,0.18815994262695312,false
5511,1.347470687909034e8,2.661183877184847e7,9,0.1580979824066162,false
5512,1.347470687909034e8,3.5162721705476344e6,1,0.04924511909484863,false
5513,1.3474715022380042e8,1.6442421020986617e7,5,0.10243606567382812,false
5514,1.3474723669651806e8,2.912454392637238e7,6,0.13658881187438965,false
5515,1.3474741390925092e8,1.3665475915576667e7,4,0.0978391170501709,false
5516,1.3474742714394063e8,6.6163145479072645e7,18,0.32461094856262207,false
5517,1.3474745970110855e8,9.311346220139131e6,3,0.0730581283569336,false
5518,1.3474745970110857e8,3.385118169999987e6,1,0.03478193283081055,false
5519,1.3474754812208945e8,6.770691581124425e6,2,0.05336189270019531,false
5520,1.3474783421681413e8,1.776178019037524e7,4,0.10158419609069824,false
5521,1.3474783869401163e8,4.877437323518154e7,11,0.18857383728027344,false
5522,1.347478610330833e8,6.737519435774833e6,2,0.05662107467651367,false
5523,1.3474796634189832e8,1.5862201955297247e7,5,0.09798002243041992,false
5524,1.3474807391790527e8,4.051696737057085e7,8,0.13888001441955566,false
5525,1.347480739179068e8,3.3685836099999994e6,1,0.0332639217376709,false
5526,1.347481997183285e8,1.3784589459974638e8,19,0.32106494903564453,false
5527,1.3474819971832854e8,3.3685628890626132e6,1,0.035130977630615234,false
5528,1.3474824509149978e8,5.612458201120061e7,9,0.17101502418518066,false
5529,1.3474832238835087e8,5.046582212619138e7,9,0.1838681697845459,false
5530,1.347483777123109e8,6.988482963660833e7,13,0.2543649673461914,false
5531,1.3474837771231094e8,3.3685836100000143e6,1,0.033824920654296875,false
5532,1.347483777123109e8,3.3685836099999994e6,1,0.03273606300354004,false
5533,1.347485732327237e8,1.1306577497106841e8,19,0.349902868270874,false
5534,1.3474858236384812e8,1.8647647275264204e7,5,0.11154007911682129,false
5535,1.3474859566935983e8,3.3685836100000143e6,1,0.03423500061035156,false
5536,1.347486996493556e8,1.4459415303965947e8,28,0.49469590187072754,false
5537,1.3474883775065106e8,1.6030113659479806e8,40,0.6668291091918945,false
5538,1.347490146364606e8,5.1763344869760364e7,10,0.1673290729522705,false
5539,1.3474907104208896e8,1.6598698219356239e7,4,0.0954740047454834,false
5540,1.3474914965338066e8,1.7907096486055434e7,5,0.1072089672088623,false
5541,1.347494633996941e8,9.57285257423383e6,2,0.05526995658874512,false
5542,1.347494633996941e8,3.3685836099999994e6,1,0.03321695327758789,false
5543,1.3474961173244056e8,1.204772890613681e7,4,0.08959794044494629,false
5544,1.3474968824383447e8,1.0651375051061407e7,3,0.07466912269592285,false
5545,1.3474969490082383e8,9.081621157855995e7,23,0.3817789554595947,false
5546,1.3474973840157023e8,3.3685836100000143e6,1,0.035735130310058594,false
5547,1.3475017631945872e8,1.533114074705291e8,23,0.3890688419342041,false
5548,1.3475034868600607e8,1.405144678309833e8,12,0.18038606643676758,false
5549,1.3475040954039448e8,1.5125514558952108e7,4,0.09650206565856934,false
5550,1.3475059454245174e8,2.5619848129877505e8,32,0.5362148284912109,false
5551,1.347506994027484e8,2.3043126855726138e7,5,0.10359311103820801,false
5552,1.347506994029412e8,3.385118169999987e6,1,0.03466391563415527,false
5553,1.3475091344051313e8,6.77031803691563e6,2,0.05513596534729004,false
5554,1.347510114920844e8,9.891988379657054e7,18,0.34836697578430176,false
5555,1.3475121744183695e8,7.874362199580938e6,2,0.05679821968078613,false
5556,1.3475144755856085e8,1.2388208188038504e8,23,0.4031069278717041,false
5557,1.3475155467312583e8,1.2077418923364171e8,19,0.35022687911987305,false
5558,1.347521202058389e8,5.299198476405454e7,10,0.17476105690002441,false
5559,1.3475223337522364e8,5.500318874941835e7,12,0.21604108810424805,false
5560,1.347522645505876e8,3.1439590479147464e7,9,0.14423894882202148,false
5561,1.3475321357912776e8,2.775822016687512e8,42,0.6875600814819336,false
5562,1.3475341086676413e8,3.3878666953492716e7,10,0.1733260154724121,false
5563,1.3475341632172003e8,7.619522339580923e6,2,0.05663800239562988,false
5564,1.3475359369107863e8,2.2736429469791755e7,7,0.12846684455871582,false
5565,1.3475422512544712e8,1.1521382356808454e7,3,0.07188010215759277,false
5566,1.3475480871387547e8,3.5079734549596906e7,8,0.16910195350646973,false
5567,1.347548385310566e8,7.089358566303314e7,21,0.3434169292449951,false
5568,1.3475507069610083e8,1.6709039496410608e7,4,0.10042810440063477,false
5569,1.3475522171739408e8,3.616503430564751e7,8,0.16843605041503906,false
5570,1.3475522475938603e8,5.864691363639271e7,14,0.2530360221862793,false
5571,1.3475528285346204e8,8.256833481270088e7,17,0.31845998764038086,false
5572,1.34755302689026e8,2.8262947188625634e7,8,0.16293597221374512,false
5573,1.3475583153310704e8,5.2344705901956916e7,10,0.19636797904968262,false
5574,1.3475591333475915e8,5.838901667603509e7,14,0.22955799102783203,false
5575,1.3475595294540328e8,6.066921105081248e7,12,0.22791099548339844,false
5576,1.3475607399445435e8,3.480452567549899e7,8,0.16176390647888184,false
5577,1.347560868436311e8,3.360796816850352e7,8,0.16642093658447266,false
5578,1.3475614705178592e8,6.7081752139327705e7,14,0.25557613372802734,false
5579,1.3475628423808533e8,6.86788609388575e6,2,0.05540108680725098,false
5580,1.3475699187389874e8,1.4633975115042657e7,4,0.09197783470153809,false
5581,1.3475713443760195e8,3.3685836100000143e6,1,0.03522014617919922,false
5582,1.347571910140116e8,2.8475348517622307e7,10,0.16659879684448242,false
5583,1.3475733527777857e8,3.57950251921435e7,7,0.15981316566467285,false
5584,1.347573938011281e8,1.2090061824762866e7,4,0.08435487747192383,false
5585,1.3475739380112904e8,3.3685836100000143e6,1,0.03519105911254883,false
5586,1.3475760129204285e8,3.3899958313691884e7,6,0.11653900146484375,false
5587,1.3475779680344105e8,2.3646962565100387e7,6,0.11910009384155273,false
5588,1.3475784358812922e8,1.0021103828830019e7,3,0.07678103446960449,false
5589,1.3475811021093813e8,3.0008378488548487e7,6,0.12894988059997559,false
5590,1.347581102109381e8,4.572116599999994e6,1,0.03496408462524414,false
5591,1.347581102109381e8,3.385118169999987e6,1,0.03364396095275879,false
5592,1.3475818714484158e8,5.422949232482368e7,17,0.2687718868255615,false
5593,1.3475822312537262e8,5.0883852382042065e7,14,0.244171142578125,false
5594,1.3475831513102734e8,7.94173761245889e7,15,0.2599010467529297,false
5595,1.3475831513102737e8,4.572116599999994e6,1,0.03569984436035156,false
5596,1.3475833155456883e8,3.0236938670501366e7,9,0.1708509922027588,false
5597,1.3475850570242772e8,2.4274713105105042e7,8,0.13625502586364746,false
5598,1.3475851251921746e8,4.8984507971747115e7,12,0.21330809593200684,false
5599,1.3475859092237929e8,7.446426448515822e7,12,0.2237539291381836,false
5600,1.3475872429811117e8,1.36115003179086e7,4,0.09824991226196289,false
5601,1.3475882561025e8,4.605609930616212e7,13,0.2232341766357422,false
5602,1.347588312966493e8,4.311165670344317e7,9,0.18697881698608398,false
5603,1.3475891292044964e8,8.039664429192528e7,16,0.2769479751586914,false
5604,1.3475903873006898e8,7.940987885739982e6,2,0.05408811569213867,false
5605,1.3475903873006898e8,3.3685836100000143e6,1,0.03353595733642578,false
5606,1.3475903873006898e8,3.385118169999987e6,1,0.03427600860595703,false
5607,1.347590644237216e8,1.93749927294472e7,5,0.10176610946655273,false
5608,1.347592062815066e8,1.584721836530355e8,31,0.5664868354797363,false
5609,1.3475923116286588e8,4.785768486213133e7,8,0.1483781337738037,false
5610,1.3475925982161924e8,8.515118953817967e7,16,0.30556488037109375,false
5611,1.347596688312368e8,8.133958299999982e6,2,0.05528616905212402,false
5612,1.3475975719637e8,4.5954121017406404e7,9,0.16672992706298828,false
5613,1.3475975719637e8,3.5162721705476344e6,1,0.035739898681640625,false
5614,1.3476008040648824e8,7.58277655526007e7,17,0.3200709819793701,false
5615,1.3476018868855563e8,1.6709436892883316e7,4,0.09966707229614258,false
5616,1.3476040877362618e8,5.73194926477924e7,11,0.19801592826843262,false
5617,1.3476091268063772e8,1.4620252699405149e7,4,0.09038710594177246,false
5618,1.347609255201258e8,5.349657803379415e7,16,0.27486705780029297,false
5619,1.347609255201258e8,4.572116599999994e6,1,0.034986019134521484,false
5620,1.3476114062188578e8,3.9035712569016755e7,10,0.19051194190979004,false
5621,1.347611462409697e8,3.5162721705476344e6,1,0.03667306900024414,false
5622,1.3476115565759596e8,1.0668178950000018e7,3,0.08031797409057617,false
5623,1.3476115810552362e8,4.765823738823694e7,9,0.18534493446350098,false
5624,1.3476125873648012e8,1.0106466133154616e7,3,0.07535195350646973,false
5625,1.347615246689312e8,3.1732394842037797e7,9,0.15485000610351562,false
5626,1.3476155779777253e8,7.00503801198186e7,14,0.2586519718170166,false
5627,1.3476171546605727e8,6.367281339913684e7,13,0.2435140609741211,false
5628,1.347617618726631e8,2.405437184254247e7,5,0.11322498321533203,false
5629,1.347617750472908e8,5.125026735508846e7,15,0.26601099967956543,false
5630,1.3476180986993787e8,4.186996561120106e7,12,0.20182013511657715,false
5631,1.3476264270228326e8,9.899841356087804e6,2,0.05339193344116211,false
5632,1.3476264737071997e8,3.360028219935635e7,11,0.17673802375793457,false
5633,1.3476264737071997e8,4.572116599999994e6,1,0.03493785858154297,false
5634,1.3476270269152603e8,2.6013689441192582e7,6,0.1189119815826416,false
5635,1.3476275228990924e8,2.9434786411660478e7,9,0.1654951572418213,false
5636,1.347627819433783e8,2.7876081652444124e7,6,0.14019298553466797,false
5637,1.3476289740884712e8,2.6990793422489822e7,7,0.15517497062683105,false
5638,1.3476310162412867e8,2.44793376232585e7,7,0.14839506149291992,false
5639,1.347636177161865e8,2.1272315200664937e7,4,0.08921694755554199,false
5640,1.3476362846830785e8,2.2181048230598584e7,6,0.12661504745483398,false
5641,1.3476373808714426e8,4.83031019539192e7,10,0.19728803634643555,false
5642,1.3476402742136428e8,4.826598447316995e7,12,0.21230578422546387,false
5643,1.3476403948174706e8,2.022329169470249e7,5,0.11318612098693848,false
5644,1.3476413911107984e8,3.4764984402499095e7,11,0.17410588264465332,false
5645,1.3476423704942572e8,3.959222984338178e7,11,0.19144415855407715,false
5646,1.3476432453413102e8,7.037315786971334e7,14,0.25922703742980957,false
5647,1.347643303760758e8,3.898792158110687e7,11,0.18561792373657227,false
5648,1.3476444929714817e8,2.5571827779449517e8,45,0.8039989471435547,false
5649,1.3476475286519548e8,5.4527238937768325e7,11,0.20688605308532715,false
5650,1.3476483968618727e8,1.424101338426545e8,23,0.39146995544433594,false
5651,1.3476485991898784e8,2.8018936273449913e7,7,0.1488959789276123,false
5652,1.3476510558022028e8,8.004221221191695e7,20,0.358536958694458,false
5653,1.3476510558022025e8,3.3685836100000143e6,1,0.03470611572265625,false
5654,1.3476510988855332e8,1.5155039617273852e7,4,0.09421801567077637,false
5655,1.3476551915704253e8,7.668405085464457e7,15,0.2644169330596924,false
5656,1.3476551915705702e8,3.3685628890626132e6,1,0.03520011901855469,false
5657,1.3476559591838375e8,3.631855771697417e7,7,0.1551198959350586,false
5658,1.347660560748278e8,3.499009610547632e6,1,0.03552603721618652,false
5659,1.347660681188235e8,3.3685836099999994e6,1,0.0342860221862793,false
5660,1.3476650910163444e8,1.9193771243875986e8,47,0.7668719291687012,false
5661,1.347666208747507e8,3.659938306816043e7,8,0.14832496643066406,false
5662,1.3476692967164725e8,1.3318425489823192e7,4,0.08914613723754883,false
5663,1.3476693792247352e8,1.0521308619761586e7,3,0.07160592079162598,false
5664,1.3476715118961066e8,2.4834738026452702e8,29,0.47321105003356934,false
5665,1.347671511896877e8,3.3685836099999994e6,1,0.034993886947631836,false
5666,1.3476716171611345e8,6.73758070334366e6,2,0.053704023361206055,false
5667,1.3476720860197982e8,3.704529747780137e7,11,0.19281601905822754,false
5668,1.347672544428398e8,6.443352119567171e7,14,0.26870298385620117,false
5669,1.3476725880602065e8,6.737114637337387e6,2,0.055444955825805664,false
5670,1.3476729163277638e8,3.0790277955060035e7,9,0.1701490879058838,false
5671,1.3476733949919027e8,1.7675737815430447e7,6,0.12070488929748535,false
5672,1.347675547637179e8,2.601265524864757e7,5,0.11458420753479004,false
5673,1.3476796818492386e8,5.80626725436998e7,14,0.2572488784790039,false
5674,1.3476813585448155e8,4.234105145676991e7,7,0.13580894470214844,false
5675,1.347683522086037e8,3.430697899852477e7,8,0.14715909957885742,false
5676,1.347685032485153e8,6.754459418637335e6,2,0.05603384971618652,false
5677,1.347687015032705e8,3.3685628890626132e6,1,0.03477811813354492,false
5678,1.3476967073094648e8,5.58446990501543e7,10,0.2166280746459961,false
5679,1.3476975100560874e8,1.3154663036568642e8,24,0.41829490661621094,false
5680,1.347697510056087e8,3.3685836099999994e6,1,0.034822940826416016,false
5681,1.3476999509847072e8,3.055451304090011e7,10,0.17458510398864746,false
5682,1.347701568471207e8,1.706083842074373e8,39,0.6922750473022461,false
5683,1.3477024504062068e8,3.3813752868417904e7,7,0.1555318832397461,false
5684,1.347703809035242e8,1.2962016905081183e7,3,0.08408498764038086,false
5685,1.347706155646973e8,1.0497839e7,3,0.07196903228759766,false
5686,1.3477079254856655e8,1.6096819390810654e7,5,0.11040210723876953,false
5687,1.34770896653802e8,1.5004219260861763e8,29,0.5384008884429932,false
5688,1.3477115240489754e8,2.688151854821928e7,7,0.14335012435913086,false
5689,1.347713461644328e8,5.879115245182401e7,11,0.18388891220092773,false
5690,1.3477134616443282e8,3.385118169999987e6,1,0.03573203086853027,false
5691,1.347713528389753e8,3.364205671159953e7,9,0.1819629669189453,false
5692,1.3477147384534597e8,6.754169159755498e6,2,0.05519604682922363,false
5693,1.347714910444155e8,1.22639672126683e7,3,0.08232903480529785,false
5694,1.3477152081926665e8,3.354729925485294e8,37,0.5867888927459717,false
5695,1.347717554652403e8,1.7257181973560095e7,4,0.0986790657043457,false
5696,1.3477176869739324e8,2.371357020159936e7,7,0.1568288803100586,false
5697,1.347717964508627e8,7.158861634716797e7,17,0.3095390796661377,false
5698,1.3477211956806955e8,1.470911843951884e7,4,0.09914803504943848,false
5699,1.347721781897211e8,9.13207084479914e7,12,0.23157405853271484,false
5700,1.3477238021796918e8,1.8496589931635657e8,29,0.5176818370819092,false
5701,1.3477249097277218e8,1.5120403032987297e7,4,0.09681105613708496,false
5702,1.3477254922638157e8,2.6007867849441573e7,8,0.1423039436340332,false
5703,1.3477259270124725e8,3.3685628890625983e6,1,0.03548312187194824,false
5704,1.3477259270124725e8,3.3685836099999994e6,1,0.03511404991149902,false
5705,1.347725980952199e8,5.448036895744333e7,11,0.20806288719177246,false
5706,1.3477279417207447e8,1.5436065420096904e7,3,0.08253002166748047,false
5707,1.3477279563858268e8,6.737580703343391e6,2,0.055264949798583984,false
5708,1.3477286908042654e8,6.738298435653225e6,2,0.055975914001464844,false
5709,1.347730368184875e8,9.573192350276232e6,2,0.056731224060058594,false
5710,1.347731119530568e8,1.7259574960015863e7,5,0.11265087127685547,false
5711,1.34773274146287e8,1.1854863547558263e7,3,0.07643413543701172,false
5712,1.3477338902853298e8,1.0658080265568525e7,3,0.08737492561340332,false
5713,1.347734845858844e8,3.90277114537949e7,11,0.19179391860961914,false
5714,1.347738193733717e8,8.1343393771086335e6,2,0.05559396743774414,false
5715,1.3477382084013465e8,2.414597821995762e7,5,0.12497496604919434,false
5716,1.3477385031230775e8,6.870647104429916e7,16,0.31217002868652344,false
5717,1.3477385797601733e8,1.2055204773071617e7,3,0.08260011672973633,false
5718,1.347739313326546e8,6.933506253699744e7,13,0.21040606498718262,false
5719,1.347740771636413e8,8.60143125995481e7,14,0.25130486488342285,false
5720,1.3477433420938614e8,4.0863498844765455e7,11,0.1854081153869629,false
5721,1.3477434883914977e8,2.356141226865934e7,9,0.14579200744628906,false
5722,1.3477434883914974e8,3.385118169999987e6,1,0.03548884391784668,false
5723,1.3477434883914977e8,3.385118169999987e6,1,0.03477215766906738,false
5724,1.3477437347683892e8,7.152091960000008e6,2,0.05925488471984863,false
5725,1.347744626722002e8,1.3405306532540724e7,4,0.09520602226257324,false
5726,1.347744704186746e8,2.425436789960155e7,6,0.1392040252685547,false
5727,1.3477449174529406e8,2.551357433898154e7,6,0.1320650577545166,false
5728,1.3477465451583546e8,2.0029878417407405e8,29,0.5256478786468506,false
5729,1.347747115986597e8,3.3685628890626132e6,1,0.03609609603881836,false
5730,1.3477473581370997e8,1.6093396999076843e7,4,0.10033702850341797,false
5731,1.3477473934916112e8,1.2981883615103796e7,4,0.09539079666137695,false
5732,1.3477476180736232e8,1.9791587427152425e7,5,0.1153421401977539,false
5733,1.347747753726663e8,5.6792240876662254e7,13,0.2467498779296875,false
5734,1.3477482158190322e8,7.152734675430912e7,17,0.32172107696533203,false
5735,1.3477483836978585e8,1.1957259543383929e8,16,0.308643102645874,false
5736,1.3477503832357273e8,1.7620325502578476e8,32,0.5858049392700195,false
5737,1.3477518061151248e8,8.735132701446548e7,13,0.24342894554138184,false
5738,1.3477519721789068e8,3.019496723864029e8,54,0.9404881000518799,false
5739,1.3477525802210477e8,4.2458376875685066e7,13,0.21934294700622559,false
5740,1.34775274003225e8,2.319604789238608e7,7,0.14428997039794922,false
5741,1.3477529142751786e8,1.0026136925539196e7,3,0.07967901229858398,false
5742,1.3477530952279308e8,8.397309759978575e7,19,0.3712589740753174,false
5743,1.3477545435376343e8,1.1020762072957382e7,3,0.07911491394042969,false
5744,1.347757584484585e8,7.93406273609576e7,14,0.23496103286743164,false
5745,1.347759513160098e8,9.313758799835603e7,17,0.308535099029541,false
5746,1.3477595276806197e8,2.1412773024478987e7,6,0.13517093658447266,false
5747,1.3477599081006673e8,3.385118169999987e6,1,0.036074161529541016,false
5748,1.347760207752655e8,3.47809922854235e7,8,0.1418139934539795,false
5749,1.347760207752655e8,3.3685836100000143e6,1,0.03491687774658203,false
5750,1.3477621970798036e8,2.583596846555014e7,6,0.12998390197753906,false
5751,1.347766747914268e8,2.8769094420274287e7,5,0.12437820434570312,false
5752,1.3477671905240262e8,6.737197373568356e6,2,0.05542302131652832,false
5753,1.3477678653822494e8,2.908382098757705e7,8,0.17119383811950684,false
5754,1.3477681262657592e8,9.916934416125423e7,17,0.3442709445953369,false
5755,1.3477687395646328e8,3.3937468929126084e7,9,0.18867921829223633,false
5756,1.3477696674645483e8,3.2200589687616125e7,9,0.169083833694458,false
5757,1.3477707621571624e8,8.29853252316649e7,11,0.19573593139648438,false
5758,1.347770762157162e8,7.168987919297814e6,2,0.05408215522766113,false
5759,1.3477771659248754e8,2.5851128984782845e7,5,0.11727595329284668,false
5760,1.3477822220309746e8,1.090890571248692e8,18,0.355849027633667,false
5761,1.347785060367514e8,7.957315603428066e6,2,0.057054996490478516,false
5762,1.3477862337242568e8,9.924471643283151e7,21,0.4175288677215576,false
5763,1.3477872645161456e8,4.499381372576854e7,9,0.19296002388000488,false
5764,1.347787450940343e8,2.250779370138845e7,5,0.11895418167114258,false
5765,1.3477884357420063e8,3.3603312746106654e7,7,0.1603069305419922,false
5766,1.3477894663130516e8,1.2486486762302116e7,3,0.07528305053710938,false
5767,1.347791064021685e8,1.0607297195734003e8,19,0.35774803161621094,false
5768,1.3477911854255348e8,1.611947960793145e7,5,0.10966086387634277,false
5769,1.3477914857456622e8,2.7526235086204544e7,7,0.15215706825256348,false
5770,1.3477915508557963e8,2.4987064245544657e7,8,0.15524888038635254,false
5771,1.3477916131272346e8,3.819463236492163e7,10,0.19531607627868652,false
5772,1.3477916131272346e8,3.385118169999987e6,1,0.03578495979309082,false
5773,1.347792974560652e8,9.568527513844487e7,18,0.32559800148010254,false
5774,1.3477940417018297e8,2.097404739266181e7,5,0.12179899215698242,false
5775,1.3477943242218062e8,3.6050171914700955e7,9,0.1812901496887207,false
5776,1.3477956806119132e8,2.0909005498861134e7,7,0.12747693061828613,false
5777,1.3477957459506845e8,4.372815851002154e7,13,0.22945404052734375,false
5778,1.347796354524954e8,1.110778212528202e7,3,0.07411789894104004,false
5779,1.347796361719629e8,9.711670590000004e6,3,0.07578897476196289,false
5780,1.3477971145981476e8,1.537148627785331e7,4,0.10056400299072266,false
5781,1.3477982861483967e8,1.6736332936145738e7,5,0.10856103897094727,false
5782,1.347799011868567e8,1.2958486254056007e7,3,0.07858490943908691,false
5783,1.3477992528593996e8,1.4742968438744918e7,4,0.09785103797912598,false
5784,1.3477992535099614e8,6.738028460000008e6,2,0.05770111083984375,false
5785,1.347800463791249e8,7.393409024097681e6,2,0.057882070541381836,false
5786,1.347800463791249e8,3.3685836100000143e6,1,0.034793853759765625,false
5787,1.3478005114725772e8,1.397080292684343e8,24,0.4395289421081543,false
5788,1.3478005114725775e8,3.385118169999987e6,1,0.03589200973510742,false
5789,1.3478005114725775e8,3.5162721705476344e6,1,0.036483049392700195,false
5790,1.3478009399070486e8,4.913815409629685e7,14,0.2396240234375,false
5791,1.347801891025921e8,6.725046453024614e7,13,0.25516510009765625,false
5792,1.3478036265386546e8,3.5248746782791406e7,6,0.11931085586547852,false
5793,1.3478047857974377e8,9.899632879999995e6,2,0.05811595916748047,false
5794,1.347806830757431e8,2.5720374969438985e7,8,0.16348600387573242,false
5795,1.347807176741113e8,1.8790076869529396e7,6,0.11847305297851562,false
5796,1.3478072369120944e8,9.486933533342054e7,21,0.37360501289367676,false
5797,1.347809467045091e8,6.522507802419841e7,10,0.16544294357299805,false
5798,1.3478104479536656e8,2.8338651649602056e7,7,0.1604480743408203,false
5799,1.3478104479536656e8,3.3685836100000143e6,1,0.035325050354003906,false
5800,1.3478158914323157e8,1.0933104877869964e7,3,0.07941198348999023,false
5801,1.3478165623564616e8,8.265186405608654e6,2,0.05815005302429199,false
5802,1.3478180199852267e8,2.5805227324475333e7,6,0.11846303939819336,false
5803,1.34781823375745e8,5.192994143177724e7,10,0.20065999031066895,false
5804,1.347824050684124e8,2.811952697460413e7,7,0.1381700038909912,false
5805,1.3478240989978984e8,1.7034205044259742e7,6,0.1237788200378418,false
5806,1.3478330299352214e8,4.45704440046055e7,8,0.1723310947418213,false
5807,1.3478388823487335e8,1.830799740152648e7,5,0.12230587005615234,false
5808,1.3478398188452807e8,4.304295572536719e7,8,0.17581701278686523,false
5809,1.347840751013317e8,1.6830211050032005e7,5,0.11326098442077637,false
5810,1.347841539770047e8,1.141784534349922e8,22,0.4142301082611084,false
5811,1.3478454450454178e8,1.3065617185113606e8,20,0.383821964263916,false
5812,1.3478457673901886e8,1.2029126677587584e8,23,0.353532075881958,false
5813,1.347845767391783e8,3.5162721705476344e6,1,0.03670501708984375,false
5814,1.3478468450637525e8,6.75359624000001e6,2,0.060816049575805664,false
5815,1.3478473707499802e8,4.2112188695828706e7,8,0.17746281623840332,false
5816,1.3478485637308496e8,6.867541584123701e6,2,0.05954408645629883,false
5817,1.3478505411290658e8,6.693308382914473e7,18,0.3426198959350586,false
5818,1.3478530083834472e8,2.029897673124045e7,4,0.09449315071105957,false
5819,1.3478530529288983e8,1.7443625399337888e7,5,0.11852598190307617,false
5820,1.34785330310737e8,8.563530599578993e7,17,0.2675628662109375,false
5821,1.347853639555035e8,5.0792326358487085e7,15,0.2662839889526367,false
5822,1.3478537934051368e8,3.961740698179698e7,10,0.18789100646972656,false
5823,1.3478539519816753e8,6.738028459999993e6,2,0.05598306655883789,false
5824,1.3478563682955375e8,3.3413517827480942e7,6,0.12479615211486816,false
5825,1.3478566011941034e8,3.3061648185896546e7,8,0.1633319854736328,false
5826,1.3478570581145823e8,7.89198292250853e7,14,0.26001691818237305,false
5827,1.3478576472109637e8,1.0169025903815895e7,3,0.08480691909790039,false
5828,1.347860095357508e8,7.724184909642011e6,2,0.05742216110229492,false
5829,1.3478600953575146e8,7.1525441741411835e6,2,0.05618000030517578,false
5830,1.3478603309401667e8,1.0017882619753987e7,3,0.07952189445495605,false
5831,1.3478603942858878e8,7.169222519271314e6,2,0.05712699890136719,false
5832,1.3478612906108165e8,5.307760171239635e7,9,0.17361092567443848,false
5833,1.347862966407283e8,9.556063606107467e7,18,0.3536560535430908,false
5834,1.3478631037191537e8,7.000827203587273e7,12,0.22840094566345215,false
5835,1.347865336648233e8,3.876400684679794e7,7,0.158890962600708,false
5836,1.3478655228830066e8,1.0130508822655514e7,3,0.08214402198791504,false
5837,1.3478686840504217e8,1.4328488184976393e8,25,0.46311211585998535,false
5838,1.3478689627223647e8,1.172621890864021e8,22,0.4065840244293213,false
5839,1.3478691476486686e8,6.737486415009439e6,2,0.0529019832611084,false
5840,1.3478691476486683e8,3.385118169999987e6,1,0.03573894500732422,false
5841,1.3478697729717767e8,5.20764463237319e7,14,0.2554299831390381,false
5842,1.3478728226550898e8,8.267492223715056e7,21,0.3661980628967285,false
5843,1.347873288290263e8,2.3305908330879217e8,40,0.7391550540924072,false
5844,1.3478739131479096e8,5.75082813965143e7,10,0.1654188632965088,false
5845,1.34787411874595e8,3.743641549894923e7,8,0.17806315422058105,false
5846,1.34787411874595e8,3.3685836100000143e6,1,0.03537392616271973,false
5847,1.347874169430053e8,2.450249686168325e7,6,0.13533806800842285,false
5848,1.347874472018426e8,1.5224644034276769e7,4,0.09958982467651367,false
5849,1.3478752515489796e8,4.4675060703086644e7,8,0.20632505416870117,false
5850,1.3478754852044675e8,6.25686343925046e7,14,0.27454113960266113,false
5851,1.347875673034585e8,1.62389595718728e7,4,0.09961199760437012,false
5852,1.347876665120675e8,3.619713327794185e7,9,0.1554889678955078,false
5853,1.347876794450805e8,4.838318959931335e7,8,0.19543194770812988,false
5854,1.3478808400505722e8,3.549335180466819e7,10,0.2006990909576416,false
5855,1.3478819539289662e8,1.1890059385508373e7,3,0.07577896118164062,false
5856,1.3478821997130197e8,6.867488200000018e6,2,0.05744600296020508,false
5857,1.3478822540545464e8,8.508973170179921e7,18,0.3593258857727051,false
5858,1.3478828939261463e8,7.218852023312879e7,15,0.2921440601348877,false
5859,1.347883470065494e8,4.419945833867322e7,10,0.20111298561096191,false
5860,1.3478836287344703e8,1.9201191007309467e7,6,0.1285090446472168,false
5861,1.3478838619707912e8,1.09454183233853e8,20,0.37717199325561523,false
5862,1.3478844821649522e8,4.62044232796178e7,10,0.16424989700317383,false
5863,1.3478845543126035e8,6.925733826859722e7,15,0.28940415382385254,false
5864,1.3478845802356315e8,2.9894083609135553e7,8,0.16107583045959473,false
5865,1.347884580237461e8,4.572116599999994e6,1,0.03670501708984375,false
5866,1.3478848693676588e8,1.0515751599090502e7,3,0.0811300277709961,false
5867,1.3478864785734975e8,5.914256209858903e7,13,0.2452859878540039,false
5868,1.347886871537551e8,4.373274850431964e7,11,0.20832610130310059,false
5869,1.3478879967169502e8,4.487537142731285e7,10,0.18712496757507324,false
5870,1.347888573084552e8,7.537849918557619e7,19,0.358461856842041,false
5871,1.3478899018020064e8,1.1280359997665063e8,17,0.3127121925354004,false
5872,1.347889901802007e8,3.385118169999987e6,1,0.03633904457092285,false
5873,1.347890833614443e8,8.804984217721403e6,2,0.060263872146606445,false
5874,1.3478916812665486e8,3.1260396677768186e7,6,0.1315920352935791,false
5875,1.3478918280672988e8,4.756485990195164e7,10,0.1939849853515625,false
5876,1.347892068819069e8,1.3922143041166365e7,4,0.09119105339050293,false
5877,1.3478930096256852e8,2.0356067274843118e8,36,0.6701598167419434,false
5878,1.3478931311704138e8,3.3685836099999994e6,1,0.03496909141540527,false
5879,1.3478936662578124e8,6.222111596465285e7,18,0.3281581401824951,false
5880,1.3478936662578124e8,4.572116599999994e6,1,0.03699779510498047,false
5881,1.3478938087521395e8,1.0124362525157124e7,3,0.07918500900268555,false
5882,1.3478940333365092e8,2.612194479333362e7,6,0.1394519805908203,false
5883,1.347894492457652e8,5.014150250637354e7,11,0.20497703552246094,false
5884,1.3478946327090317e8,2.0562541925309494e7,6,0.13623309135437012,false
5885,1.3478973752460894e8,3.2487542160095304e7,6,0.14749908447265625,false
5886,1.3478977358345073e8,3.9053994316138536e7,10,0.1929948329925537,false
5887,1.3479006558838755e8,8.557729447864826e7,25,0.43181800842285156,false
5888,1.3479012071856943e8,6.737404556715906e6,2,0.0610959529876709,false
5889,1.347901554656503e8,1.2894698795402437e7,3,0.0853891372680664,false
5890,1.3479022044518113e8,3.3685836099999994e6,1,0.03747892379760742,false
5891,1.347906549098315e8,1.5473148527218223e7,4,0.10561609268188477,false
5892,1.3479107953935868e8,2.0147141920482337e7,5,0.11592698097229004,false
5893,1.3479108796720347e8,1.8304358984934866e7,4,0.1050100326538086,false
5894,1.347915831507888e8,4.90882770238774e7,14,0.2583489418029785,false
5895,1.3479247387969953e8,2.169434996136862e7,4,0.0946509838104248,false
5896,1.3479250804152146e8,3.649567751085375e7,7,0.14366602897644043,false
5897,1.347925167828226e8,7.11448127215563e7,14,0.28153300285339355,false
5898,1.3479254126958236e8,1.935907258745841e8,33,0.5753459930419922,false
5899,1.3479256549146888e8,2.439974602053176e7,7,0.1471850872039795,false
5900,1.3479265665340495e8,7.761483281574214e7,13,0.26395487785339355,false
5901,1.347927149235038e8,2.936954854271303e7,8,0.17475199699401855,false
5902,1.347929736872557e8,1.3568367789999992e7,3,0.08147597312927246,false
5903,1.3479297926475477e8,5.839713954460919e7,13,0.2444019317626953,false
5904,1.347929807440448e8,6.947572725843936e7,18,0.34879302978515625,false
5905,1.3479356496599975e8,7.557920015691888e7,18,0.34818601608276367,false
5906,1.3479371245216882e8,1.1155488977539007e8,30,0.5202140808105469,false
5907,1.3479383018128458e8,6.737168533749491e6,2,0.058882951736450195,false
5908,1.34794382485986e8,2.9074105169790655e8,42,0.7776391506195068,false
5909,1.3479457617032656e8,7.634546770588976e7,16,0.3193697929382324,false
5910,1.3479461184123313e8,2.647486584858653e7,7,0.15730714797973633,false
5911,1.3479473830462268e8,6.837234526446137e7,20,0.35373997688293457,false
5912,1.3479474795975682e8,2.5381554584998727e7,5,0.12305593490600586,false
5913,1.3479479528392714e8,6.003482456355724e7,13,0.24995207786560059,false
5914,1.3479486280124906e8,1.199358987985462e7,4,0.09583902359008789,false
5915,1.3479497954489362e8,9.68714535531686e7,17,0.3548429012298584,false
5916,1.347951942640763e8,3.5924437301162526e7,7,0.14604902267456055,false
5917,1.3479542575207764e8,1.2669276810139188e8,18,0.34565305709838867,false
5918,1.347954642641198e8,1.127166471355359e8,19,0.3966660499572754,false
5919,1.3479563936755785e8,5.3956787327421546e7,10,0.18292689323425293,false
5920,1.3479567620306975e8,2.0567822618725374e7,6,0.1352701187133789,false
5921,1.3479600601640484e8,8.749901402426106e7,16,0.333359956741333,false
5922,1.347961163333943e8,2.3935642710053116e7,6,0.12433481216430664,false
5923,1.3479618576258817e8,4.404488139236276e7,14,0.24847817420959473,false
5924,1.3479625830895936e8,1.0640555872892484e7,3,0.0774698257446289,false
5925,1.3479635062990248e8,1.334967078232453e8,26,0.49473023414611816,false
5926,1.3479642254783928e8,1.5962902071782216e7,4,0.10137391090393066,false
5927,1.3479648219081774e8,2.032337775448993e7,4,0.10999202728271484,false
5928,1.347966104943198e8,1.014105389947763e7,3,0.08515501022338867,false
5929,1.347966275015797e8,5.516094998383324e7,13,0.22198700904846191,false
5930,1.3479686492107418e8,6.809822939355817e7,13,0.28379297256469727,false
5931,1.3479686498545456e8,6.737520539054751e6,2,0.060395002365112305,false
5932,1.3479686498558643e8,3.385118169999987e6,1,0.03679990768432617,false
5933,1.347970058152538e8,6.2459787538037226e7,18,0.3414311408996582,false
5934,1.3479701003732598e8,1.5183606427329168e7,4,0.09575700759887695,false
5935,1.3479708858603355e8,6.737231497613668e6,2,0.05962085723876953,false
5936,1.3479711498386124e8,1.3246829508684584e8,26,0.47665905952453613,false
5937,1.3479721256905982e8,9.318926310510075e7,14,0.2374420166015625,false
5938,1.3479722563317916e8,1.6269764607189e7,5,0.11918091773986816,false
5939,1.3479739050529984e8,3.702047892287579e7,6,0.14012908935546875,false
5940,1.347973905053011e8,6.649023901643261e6,2,0.06140589714050293,false
5941,1.3479740884355083e8,3.385118169999987e6,1,0.03765106201171875,false
5942,1.3479746504844996e8,1.0122881080213338e7,3,0.08064508438110352,false
5943,1.3479753185480672e8,1.8475215813987255e7,4,0.1027078628540039,false
5944,1.3479753185480672e8,3.385118169999987e6,1,0.0368039608001709,false
5945,1.347976074279313e8,2.583091926277685e7,9,0.15604519844055176,false
5946,1.347976641716414e8,1.684433407138717e7,5,0.10642385482788086,false
5947,1.347976641716414e8,3.3685628890626132e6,1,0.03727102279663086,false
5948,1.3479768031089056e8,2.1040274763537183e7,5,0.12279701232910156,false
5949,1.3479769362295106e8,1.14190867168874e7,3,0.08171391487121582,false
5950,1.3479775305971947e8,8.778044554757401e7,18,0.3736991882324219,false
5951,1.3479777988295463e8,1.3497103503944352e7,4,0.10187101364135742,false
5952,1.347978979118657e8,1.8285644836099774e7,4,0.11127996444702148,false
5953,1.3479789791186568e8,3.385118169999987e6,1,0.036775827407836914,false
5954,1.347979426511315e8,5.4203547448595345e7,16,0.2766120433807373,false
5955,1.3479799270866102e8,2.285787974238822e7,5,0.11169695854187012,false
5956,1.347982824702754e8,3.1690549141595036e7,6,0.13690900802612305,false
5957,1.3479830460594413e8,2.900196222742097e7,8,0.17654800415039062,false
5958,1.347983182140655e8,3.93674787805794e7,9,0.19119501113891602,false
5959,1.3479831839394236e8,7.872781303428054e6,2,0.05678606033325195,false
5960,1.3479847992559922e8,5.9644392602196455e7,13,0.25252509117126465,false
5961,1.3479847992559916e8,3.3685836100000143e6,1,0.03608989715576172,false
5962,1.3479849809693757e8,2.1050947242742896e7,6,0.12928199768066406,false
5963,1.3479855080488276e8,1.648726517688772e7,4,0.10202312469482422,false
5964,1.3479857248590463e8,1.5823484017746553e7,5,0.11299300193786621,false
5965,1.347987962635295e8,7.606783939580947e6,2,0.06252193450927734,false
5966,1.3479886548145285e8,1.7823399745888504e8,34,0.5772860050201416,false
5967,1.3479981472018066e8,1.1993984016058159e8,21,0.3471050262451172,false
5968,1.3479986838940528e8,8.31853532989848e7,17,0.34524989128112793,false
5969,1.3479986838940528e8,3.385118169999987e6,1,0.03720808029174805,false
5970,1.347998863354658e8,8.449485387156591e7,17,0.34743404388427734,false
5971,1.348000215967117e8,8.27535609040903e7,19,0.37641096115112305,false
5972,1.3480003159442183e8,1.2961707850129053e7,4,0.09464097023010254,false
5973,1.3480009191044232e8,2.51899978781846e7,9,0.1472759246826172,false
5974,1.3480015063287908e8,2.1850187176163495e7,6,0.1350541114807129,false
5975,1.3480049504402167e8,3.499009610547632e6,1,0.037507057189941406,false
5976,1.3480049941509733e8,4.2230227823263705e7,10,0.1968398094177246,false
5977,1.348005329532672e8,2.4953063466775134e7,7,0.14528703689575195,false
5978,1.348005521031565e8,2.5056534742628768e7,9,0.16119813919067383,false
5979,1.348005521031565e8,3.385118169999987e6,1,0.03717494010925293,false
5980,1.3480072955930713e8,1.1519711009743035e7,3,0.07678699493408203,false
5981,1.348008822002128e8,2.5336662022380263e7,5,0.11719107627868652,false
5982,1.3480089627848074e8,7.199099818628068e7,15,0.3005859851837158,false
5983,1.3480089627848077e8,3.3685836100000143e6,1,0.03709101676940918,false
5984,1.348009768597521e8,1.3159078382379937e8,25,0.47722887992858887,false
5985,1.348010331390096e8,5.8978596325976655e7,18,0.32432103157043457,false
5986,1.3480107021954918e8,1.8072969857783854e7,4,0.11372494697570801,false
5987,1.3480107876665932e8,2.741883566311936e7,9,0.16995692253112793,false
5988,1.348011413480639e8,1.200624061307162e7,3,0.08540916442871094,false
5989,1.3480135922252554e8,1.854430401039474e8,34,0.6396989822387695,false
5990,1.3480143769330636e8,1.4900875046132684e7,3,0.08504986763000488,false
5991,1.3480144084905335e8,2.1858962007544145e7,7,0.1390061378479004,false
5992,1.3480151538578632e8,5.007020090053713e7,12,0.21273398399353027,false
5993,1.3480152438525727e8,3.0284392959778383e7,9,0.17977404594421387,false
5994,1.348015290579623e8,2.3885765143416032e7,8,0.15459895133972168,false
5995,1.3480182918736833e8,5.731529184417309e7,17,0.3095259666442871,false
5996,1.3480182918736833e8,3.3685836099999994e6,1,0.0359189510345459,false
5997,1.3480194632017782e8,2.064685367960854e7,6,0.1353440284729004,false
5998,1.348020689256824e8,9.938973328734243e7,18,0.35468101501464844,false
5999,1.348021882769543e8,8.724484343005124e7,16,0.3318789005279541,false
6000,1.3480220873461905e8,6.63366464209637e6,2,0.06174111366271973,false
6001,1.348022213772135e8,6.772516009477615e6,2,0.06125998497009277,false
6002,1.3480239777124947e8,3.927615426163244e7,8,0.18429112434387207,false
6003,1.3480245154936773e8,6.737518572287232e6,2,0.0586087703704834,false
6004,1.3480245421848696e8,8.110903018724285e7,15,0.2995741367340088,false
6005,1.3480249626349002e8,1.8923153494017822e8,33,0.5869150161743164,false
6006,1.3480250524832425e8,6.753596239999995e6,2,0.0601198673248291,false
6007,1.34802701277203e8,2.334604409360972e7,4,0.11274313926696777,false
6008,1.3480271813461366e8,9.376117535016397e7,20,0.41043806076049805,false
6009,1.348027775080468e8,1.167234734542616e8,23,0.43757200241088867,false
6010,1.3480286550427157e8,1.764337411588113e7,6,0.12990784645080566,false
6011,1.3480286550427157e8,3.3685836100000143e6,1,0.03665304183959961,false
6012,1.3480288075738713e8,3.9020876990342125e7,12,0.20586204528808594,false
6013,1.3480296210943657e8,3.615570210388097e7,8,0.1555938720703125,false
6014,1.3480296210943654e8,3.3685836099999994e6,1,0.035552024841308594,false
6015,1.3480302617326847e8,1.2605560476658861e8,31,0.6010539531707764,false
6016,1.3480312504893544e8,4.522913930109462e7,8,0.19512414932250977,false
6017,1.3480348083663416e8,2.2440565306550664e8,27,0.48908400535583496,false
6018,1.3480348083663413e8,3.385118169999987e6,1,0.03752493858337402,false
6019,1.3480349667420533e8,4.163118252863082e7,14,0.23325300216674805,false
6020,1.34803497915416e8,8.629860282576741e7,23,0.4087820053100586,false
6021,1.3480354248760813e8,1.7428414533172652e7,6,0.11357498168945312,false
6022,1.3480370541991127e8,1.447944027428998e7,4,0.09002804756164551,false
6023,1.3480372450814188e8,2.0658396729708102e8,34,0.6376850605010986,false
6024,1.3480374682835883e8,6.738531425710782e6,2,0.060420989990234375,false
6025,1.348037821318296e8,3.3685628890626132e6,1,0.03793501853942871,false
6026,1.348039789174144e8,2.9120447963193983e7,7,0.16803598403930664,false
6027,1.3480438267939535e8,1.2883314071277976e7,3,0.07889986038208008,false
6028,1.3480442987479565e8,6.5632138511787534e7,12,0.23732805252075195,false
6029,1.348044464296323e8,3.3685836100000143e6,1,0.03719902038574219,false
6030,1.3480447697286612e8,2.7285412469734922e7,8,0.17148590087890625,false
6031,1.3480447697286612e8,3.3685836099999994e6,1,0.03699803352355957,false
6032,1.3480457637168273e8,7.282881558200926e6,2,0.060996055603027344,false
6033,1.3480460192069545e8,1.0017632449266717e7,3,0.08119010925292969,false
6034,1.3480485198131442e8,1.722329737283521e8,21,0.3953559398651123,false
6035,1.348048519869072e8,6.737693598156989e6,2,0.0608980655670166,false
6036,1.348048681820274e8,1.7263511168831915e7,5,0.12109589576721191,false
6037,1.348048681820274e8,3.3685836099999994e6,1,0.037117958068847656,false
6038,1.348049116496944e8,1.7659650182691744e8,34,0.5874431133270264,false
6039,1.3480500863803732e8,1.812102475854394e7,4,0.10062503814697266,false
6040,1.3480500863803735e8,4.572116599999994e6,1,0.03753781318664551,false
6041,1.3480503947149888e8,5.925620835172543e7,12,0.20452308654785156,false
6042,1.348051615959268e8,6.772516009477615e6,2,0.06422996520996094,false
6043,1.3480538514563972e8,4.8089389362192154e7,9,0.18002104759216309,false
6044,1.3480539128106415e8,1.4690454266132683e7,3,0.08651304244995117,false
6045,1.3480539128106412e8,7.999028799999982e6,2,0.06019091606140137,false
6046,1.3480563140358183e8,8.247923845608711e6,2,0.05840492248535156,false
6047,1.3480578382477716e8,9.139187112841615e7,16,0.3363351821899414,false
6048,1.3480586815347382e8,2.4887697113905236e7,7,0.16290783882141113,false
6049,1.348058861589089e8,2.619865725237766e7,7,0.1530320644378662,false
6050,1.3480597657074076e8,4.330139027552475e7,14,0.2523179054260254,false
6051,1.3480598418514827e8,3.3685628890626132e6,1,0.037905216217041016,false
6052,1.348060351355977e8,6.737168533749491e6,2,0.05925798416137695,false
6053,1.348060367053621e8,1.0094236406387587e8,21,0.43068885803222656,false
6054,1.3480604825051653e8,1.5332231648075834e7,4,0.10698294639587402,false
6055,1.3480654895198774e8,8.222533510374671e7,20,0.3987400531768799,false
6056,1.348065506580232e8,1.0698802266356348e8,18,0.372189998626709,false
6057,1.3480656651350465e8,4.477145501438978e7,11,0.21247005462646484,false
6058,1.3480663110625646e8,4.555117877058563e7,8,0.17691802978515625,false
6059,1.3480699216904134e8,1.1622273322242114e8,23,0.4379110336303711,false
6060,1.348070071058436e8,6.988276127578795e7,18,0.3437328338623047,false
6061,1.3480701872494632e8,2.4817559868610412e7,6,0.14116716384887695,false
6062,1.3480708317270002e8,1.4502747657590061e7,4,0.10965085029602051,false
6063,1.348072988785175e8,5.20678463129271e7,9,0.20826506614685059,false
6064,1.348072990726787e8,4.145568988239707e7,14,0.2513411045074463,false
6065,1.348073323988551e8,2.7430453953759044e7,7,0.16195201873779297,false
6066,1.348074609884587e8,1.995987325230974e8,42,0.7937619686126709,false
6067,1.3480751752468044e8,2.16589875273526e7,7,0.1533958911895752,false
6068,1.3480820801746675e8,9.689212099999994e6,2,0.0606999397277832,false
6069,1.3480820801746678e8,3.3685836099999994e6,1,0.03673720359802246,false
6070,1.3480822423994085e8,2.8100832975678235e7,8,0.1720578670501709,false
6071,1.3480843800370082e8,1.1868483078400493e7,3,0.08835101127624512,false
6072,1.3480851766311473e8,2.0163791934258845e8,33,0.534477949142456,false
6073,1.3480868238458252e8,1.7209381211107373e7,5,0.12336015701293945,false
6074,1.3480884800029185e8,1.4248036150000006e7,3,0.08696699142456055,false
6075,1.348088637463979e8,9.48755093496539e7,25,0.4613358974456787,false
6076,1.3480893355384967e8,7.199347894355297e7,14,0.29205989837646484,false
6077,1.348090044872628e8,1.1957244701540858e7,3,0.08495712280273438,false
6078,1.3480902842404735e8,3.272982198073387e7,11,0.18869900703430176,false
6079,1.3480908067197648e8,1.5731475629054919e7,5,0.11440896987915039,false
6080,1.3480956596615893e8,7.421415295753461e7,12,0.20897912979125977,false
6081,1.348096193500581e8,7.852935220738399e7,19,0.37162184715270996,false
6082,1.348096834144015e8,9.210590471527615e7,14,0.288830041885376,false
6083,1.3480974435165972e8,4.027226917764211e7,8,0.19412803649902344,false
6084,1.3480982226856458e8,6.75621224463582e6,2,0.06258487701416016,false
6085,1.348098301373514e8,2.6075297179653764e7,5,0.12954998016357422,false
6086,1.3480995584839538e8,3.296189716403286e7,10,0.1879870891571045,false
6087,1.3481005202432296e8,5.177799986365421e7,15,0.2710859775543213,false
6088,1.3481014946712327e8,2.121238468850413e7,6,0.1390540599822998,false
6089,1.3481023093603292e8,9.900142884281324e7,17,0.35880303382873535,false
6090,1.348102332561276e8,1.9497098312696636e7,5,0.11745405197143555,false
6091,1.3481065270956618e8,9.289660010103583e6,2,0.06138491630554199,false
6092,1.3481070293213677e8,9.331109318756953e6,3,0.07732701301574707,false
6093,1.3481072476164427e8,1.0003189025474548e7,3,0.08448100090026855,false
6094,1.3481084531775606e8,5.0806794751024485e7,11,0.21380186080932617,false
6095,1.348108561083872e8,6.629679409999996e6,2,0.06203103065490723,false
6096,1.3481088291296437e8,1.078677297673966e8,24,0.44878697395324707,false
6097,1.3481092226847872e8,7.383751599479061e7,14,0.2553122043609619,false
6098,1.3481129860037667e8,4.845427663372794e7,8,0.16516995429992676,false
6099,1.348113461859215e8,1.1006476093787512e8,26,0.4828670024871826,false
6100,1.3481149510609496e8,4.307141266172758e7,11,0.20568490028381348,false
6101,1.3481152601579866e8,4.0749682647380635e7,12,0.21201610565185547,false
6102,1.3481166179606608e8,3.861565308938599e7,9,0.1936779022216797,false
6103,1.348116898005073e8,2.3656385268494815e7,7,0.16045594215393066,false
6104,1.3481173387676242e8,1.973646622914909e7,6,0.12859606742858887,false
6105,1.3481182686810333e8,1.2255325731769502e7,4,0.0911400318145752,false
6106,1.3481185564214057e8,1.2817057985003293e7,3,0.0886070728302002,false
6107,1.3481187136564285e8,1.5817877218839169e7,5,0.11223483085632324,false
6108,1.3481187136564282e8,3.5162721705476344e6,1,0.03777003288269043,false
6109,1.3481202579908845e8,3.0005398617280513e7,8,0.17827415466308594,false
6110,1.3481208110059685e8,2.5979220416367367e7,8,0.16278886795043945,false
6111,1.3481261806480703e8,1.472807783467859e7,4,0.09563112258911133,false
6112,1.3481261806480706e8,3.3685836100000143e6,1,0.03731989860534668,false
6113,1.3481265047566825e8,1.0144643508290678e7,3,0.08138608932495117,false
6114,1.348126831983875e8,2.1719336712151006e7,7,0.14230799674987793,false
6115,1.348128527128287e8,1.2205139698186815e7,3,0.08454084396362305,false
6116,1.3481289452373475e8,4.00743681021598e7,10,0.17780518531799316,false
6117,1.3481292437475199e8,2.3935023460473198e8,32,0.6060888767242432,false
6118,1.3481313458640724e8,1.3014521745503753e7,3,0.08810305595397949,false
6119,1.348131345864072e8,3.3685628890626132e6,1,0.037567853927612305,false
6120,1.3481314576602834e8,6.801948409801409e7,19,0.38663816452026367,false
6121,1.3481314576602834e8,3.5162721705476344e6,1,0.03874397277832031,false
6122,1.3481317451562583e8,4.597185843319449e7,12,0.22783398628234863,false
6123,1.348132112505346e8,4.1373192043320686e7,12,0.21563100814819336,false
6124,1.3481349361677763e8,5.55769265577274e7,13,0.22469687461853027,false
6125,1.3481349925030184e8,1.2346341877458543e7,3,0.08920598030090332,false
6126,1.3481353710236228e8,3.2140329918247297e7,8,0.1804521083831787,false
6127,1.348137087566273e8,1.9764707950919867e7,5,0.12300395965576172,false
6128,1.3481374257559073e8,4.5618472208698645e7,10,0.21408796310424805,false
6129,1.348137687636647e8,9.059824077721417e6,2,0.06394815444946289,false
6130,1.3481378370375687e8,3.3685836099999994e6,1,0.03831887245178223,false
6131,1.3481403014287508e8,2.1311426847607598e7,5,0.1181800365447998,false
6132,1.3481420001194835e8,6.3541024083837986e7,11,0.2238609790802002,false
6133,1.3481425976967898e8,1.2050649850867048e7,4,0.0985260009765625,false
6134,1.348143350754607e8,1.4684976683813652e8,25,0.5098199844360352,false
6135,1.3481481743280753e8,2.9765700556474864e7,5,0.11105799674987793,false
6136,1.3481497017073187e8,7.353311238519639e7,13,0.2718160152435303,false
6137,1.348151518288221e8,3.63184953897551e7,7,0.16817212104797363,false
6138,1.348151626714317e8,8.101760059045339e7,13,0.2695789337158203,false
6139,1.3481517183349103e8,2.7172875272621885e7,7,0.1681680679321289,false
6140,1.3481536518191338e8,2.522260522488752e7,5,0.12454581260681152,false
6141,1.3481542632109842e8,7.47386332325047e7,11,0.21785807609558105,false
6142,1.348154847398197e8,9.005402919222912e7,18,0.3571951389312744,false
6143,1.3481554689454913e8,4.984433683243781e7,14,0.24990391731262207,false
6144,1.3481576006518155e8,4.325764318948808e7,8,0.2000138759613037,false
6145,1.3481605178518707e8,2.0651151942063987e7,4,0.10711812973022461,false
6146,1.3481612492777112e8,2.119756562758547e7,5,0.12996292114257812,false
6147,1.348161378706914e8,4.216931485926005e7,8,0.1912081241607666,false
6148,1.348161378706914e8,3.385118169999987e6,1,0.03867197036743164,false
6149,1.3481613787069142e8,3.385118169999987e6,1,0.037999868392944336,false
6150,1.3481620380140528e8,1.35538758456842e8,29,0.5817229747772217,false
6151,1.348162802768052e8,2.4604448153379142e7,8,0.17286014556884766,false
6152,1.3481630416719958e8,5.578974494389042e7,15,0.29152393341064453,false
6153,1.3481637734119388e8,6.6484222587569505e6,2,0.06329894065856934,false
6154,1.348165040203634e8,1.0656970350000024e7,3,0.08504700660705566,false
6155,1.3481670476671296e8,2.1144212244153646e8,44,0.849196195602417,false
6156,1.3481683533785692e8,2.129889115786752e7,5,0.1296389102935791,false
6157,1.3481685061037874e8,3.837083709855853e7,13,0.22785186767578125,false
6158,1.3481685082045567e8,7.844542350000024e6,2,0.05888199806213379,false
6159,1.3481688469207898e8,1.6876512491189614e7,5,0.11789107322692871,false
6160,1.3481706595501935e8,5.867782177635762e7,12,0.23564505577087402,false
6161,1.348173349124193e8,2.527264469960855e7,7,0.14969801902770996,false
6162,1.348174498149158e8,2.734595413048026e7,7,0.16250205039978027,false
6163,1.3481750787200496e8,1.6945516628256485e7,5,0.11809396743774414,false
6164,1.34817524269013e8,1.0106495681814805e7,3,0.08171200752258301,false
6165,1.34817524269013e8,3.3685836100000143e6,1,0.0375058650970459,false
6166,1.3481755323699746e8,1.1257499469737473e8,21,0.426037073135376,false
6167,1.3481755323699746e8,3.385118169999987e6,1,0.03962397575378418,false
6168,1.348176159391614e8,1.0885541426721993e8,23,0.4423849582672119,false
6169,1.3481799250993615e8,8.917129928351334e7,16,0.34623217582702637,false
6170,1.348180575281161e8,1.1108402440194547e7,3,0.0848388671875,false
6171,1.3481819555510202e8,2.6053116798432738e7,6,0.13328194618225098,false
6172,1.3481821999287972e8,4.064863288630569e7,10,0.21816802024841309,false
6173,1.3481830919153583e8,3.3685836100000143e6,1,0.038285017013549805,false
6174,1.3481839196580133e8,6.718079903011517e7,11,0.2247309684753418,false
6175,1.3481841795952833e8,5.1597192663856536e7,10,0.21676015853881836,false
6176,1.3481885456537208e8,6.406714530747643e7,13,0.2727968692779541,false
6177,1.3481885456537208e8,3.3685836100000143e6,1,0.0375521183013916,false
6178,1.3481890545015928e8,1.1910902658638716e7,3,0.09334683418273926,false
6179,1.3481904344445124e8,5.228655890165371e7,10,0.1793520450592041,false
6180,1.348190733218809e8,5.623746626148543e7,13,0.23790907859802246,false
6181,1.348192266922318e8,1.681074772635469e7,5,0.10919594764709473,false
6182,1.3481966260508838e8,5.012312841826108e7,9,0.1772780418395996,false
6183,1.3481970227854523e8,6.631364880309477e6,2,0.06292009353637695,false
6184,1.3481970815059128e8,3.385118169999987e6,1,0.03846883773803711,false
6185,1.3481976327169213e8,6.629679409999996e6,2,0.059179067611694336,false
6186,1.3481986823683646e8,5.003881032369584e7,17,0.2997879981994629,false
6187,1.3482019477249458e8,6.4231045419468716e7,16,0.31000709533691406,false
6188,1.3482035028264615e8,5.87981313054477e7,16,0.32578587532043457,false
6189,1.3482036528898713e8,6.737227532150999e6,2,0.059906959533691406,false
6190,1.3482058252087432e8,5.4764596995334834e7,10,0.17841601371765137,false
6191,1.3482080033764845e8,9.328949543607363e7,25,0.4529290199279785,false
6192,1.3482083083600444e8,1.1140935156177261e8,21,0.44765496253967285,false
6193,1.3482134264469004e8,4.319352384830491e7,13,0.24041199684143066,false
6194,1.348214515729855e8,3.628537719332388e7,7,0.20365214347839355,false
6195,1.348215730952988e8,2.318808142387998e7,5,0.13389182090759277,false
6196,1.3482158132006264e8,8.937827085238042e7,18,0.36026620864868164,false
6197,1.348217006782115e8,2.2428641734950215e7,5,0.12534689903259277,false
6198,1.3482171522610024e8,3.085470061692807e7,7,0.1598529815673828,false
6199,1.3482175593694055e8,4.0604564194351286e7,12,0.23173189163208008,false
6200,1.3482188054437488e8,3.564463914912145e7,8,0.18723201751708984,false
6201,1.3482212124731165e8,7.592904419470459e6,2,0.063446044921875,false
6202,1.3482212124731168e8,3.3685836100000143e6,1,0.03756594657897949,false
6203,1.3482213416123337e8,6.738298435653225e6,2,0.06027507781982422,false
6204,1.3482217998967195e8,2.3356808151329905e7,7,0.16019392013549805,false
6205,1.3482219476462176e8,1.9311033124409854e7,5,0.11947321891784668,false
6206,1.3482231106914327e8,1.9127341800618157e7,6,0.12857580184936523,false
6207,1.3482233603738964e8,4.1276685345884055e7,7,0.1753690242767334,false
6208,1.3482246205634618e8,3.808645068462469e7,8,0.17597413063049316,false
6209,1.348224704570035e8,3.5603138574316055e7,11,0.1925978660583496,false
6210,1.3482323960335135e8,3.457701314653537e7,6,0.1501450538635254,false
6211,1.3482327722468433e8,2.6982847521970153e7,7,0.17066597938537598,false
6212,1.3482366613560307e8,1.7676171517736587e8,29,0.5514209270477295,false
6213,1.3482366613560307e8,3.385118169999987e6,1,0.03803300857543945,false
6214,1.3482369628513348e8,1.3297967816482788e8,23,0.4594252109527588,false
6215,1.3482377893789083e8,4.8511331104201436e7,9,0.21282577514648438,false
6216,1.3482381163274002e8,3.14689467563577e7,6,0.15111517906188965,false
6217,1.3482381163274005e8,3.5162721705476344e6,1,0.03770589828491211,false
6218,1.3482410934158066e8,4.2991164595262825e7,7,0.16477513313293457,false
6219,1.3482417286493763e8,3.735909922993806e7,9,0.18866395950317383,false
6220,1.3482417664640144e8,6.29361460610763e7,17,0.3310098648071289,false
6221,1.3482436243638787e8,1.1982360177890508e8,22,0.40671801567077637,false
6222,1.348244160179778e8,1.8480343460932076e7,6,0.12761211395263672,false
6223,1.3482460427492157e8,7.168987919297814e6,2,0.06079888343811035,false
6224,1.348246042749216e8,3.385118169999987e6,1,0.039878129959106445,false
6225,1.348246290974554e8,1.2463706798289159e8,27,0.548785924911499,false
6226,1.348246290974555e8,4.572116599999994e6,1,0.03996109962463379,false
6227,1.3482466390877563e8,1.8126546860090226e7,5,0.1252148151397705,false
6228,1.348252651618894e8,2.8290661027245075e7,5,0.11385917663574219,false
6229,1.3482562780296955e8,2.5333144433891207e8,36,0.6602740287780762,false
6230,1.348257990560378e8,1.0862158451611415e8,18,0.34286999702453613,false
6231,1.348257997488752e8,4.26284128338249e7,10,0.21625685691833496,false
6232,1.348258633983653e8,3.3685628890625983e6,1,0.03848099708557129,false
6233,1.348261228145371e8,1.125847545541069e7,3,0.08834195137023926,false
6234,1.348261692514723e8,2.2966318782845825e7,7,0.16344714164733887,false
6235,1.348262381160089e8,7.606783939580947e6,2,0.06703805923461914,false
6236,1.348264587937615e8,5.954286705453962e7,9,0.17722177505493164,false
6237,1.3482646523196355e8,6.1054981087237895e7,14,0.2590181827545166,false
6238,1.348265363223068e8,9.49592215135673e7,19,0.4142119884490967,false
6239,1.3482654032561448e8,8.451522437022167e7,20,0.3768038749694824,false
6240,1.3482658823278135e8,2.7806328895053238e7,6,0.14818596839904785,false
6241,1.348266771443009e8,9.254342810700482e7,18,0.38048815727233887,false
6242,1.348268610623822e8,1.6767771541625112e7,6,0.13127398490905762,false
6243,1.348268631319374e8,7.515684160708109e7,22,0.4141218662261963,false
6244,1.3482700175768617e8,1.7691166437063277e7,4,0.1029360294342041,false
6245,1.348270344235723e8,1.9405617785113662e7,5,0.11841106414794922,false
6246,1.3482706915589863e8,1.8668190676470384e7,5,0.12846088409423828,false
6247,1.3482707120571518e8,2.701736732860227e7,9,0.16988420486450195,false
6248,1.348270909031736e8,2.199434595926942e7,6,0.14150285720825195,false
6249,1.348271624232575e8,1.0328873748105994e8,24,0.4831421375274658,false
6250,1.3482719087710488e8,7.619522339580923e6,2,0.06719684600830078,false
6251,1.348272617546146e8,8.080722723195729e7,20,0.4104609489440918,false
6252,1.3482734321393806e8,1.2117372095149453e8,33,0.6061830520629883,false
6253,1.3482734342614183e8,3.3685836100000143e6,1,0.037811994552612305,false
6254,1.34827570416252e8,1.442556308669889e7,3,0.08339595794677734,false
6255,1.3482763230323142e8,2.015894394239098e7,5,0.12932705879211426,false
6256,1.348276559309679e8,3.898745050522703e7,8,0.18160009384155273,false
6257,1.348277817474237e8,4.225770673518664e7,9,0.2026219367980957,false
6258,1.348278091717524e8,7.256601796078742e7,13,0.2590599060058594,false
6259,1.3482783300227374e8,2.6082300755142137e7,7,0.1683192253112793,false
6260,1.3482808282541198e8,8.516852395608723e6,2,0.059807777404785156,false
6261,1.3482820899017236e8,2.2396679209725067e7,6,0.15388011932373047,false
6262,1.3482821131449145e8,6.773752927765101e6,2,0.06506490707397461,false
6263,1.3482829015911752e8,3.169359035997361e7,7,0.17389202117919922,false
6264,1.3482834151950923e8,1.0225398508086205e7,3,0.08586001396179199,false
6265,1.348283968384889e8,3.4053483863773644e7,6,0.14208102226257324,false
6266,1.3482839896885693e8,2.865051321443017e7,9,0.18425607681274414,false
6267,1.3482848991256547e8,6.6681183166171685e7,13,0.23178696632385254,false
6268,1.348286017071997e8,6.76613001982223e7,14,0.2808818817138672,false
6269,1.348286645622858e8,1.744643945181313e7,4,0.10986208915710449,false
6270,1.348286741845724e8,2.4693612811869368e7,8,0.15562891960144043,false
6271,1.3482874657669708e8,6.036053492753643e7,14,0.2926361560821533,false
6272,1.3482877593540624e8,6.770402539683342e6,2,0.06425690650939941,false
6273,1.34829131753544e8,3.510232772982842e7,9,0.1794891357421875,false
6274,1.3482914318090478e8,6.773752927765101e6,2,0.06423783302307129,false
6275,1.348292368956227e8,1.2678737038610339e8,27,0.5661890506744385,false
6276,1.3482927090926713e8,2.6039662665154517e7,5,0.1289520263671875,false
6277,1.3482943952774158e8,8.133958299999982e6,2,0.060730934143066406,false
6278,1.34829459601451e8,4.520671103862032e7,14,0.2736210823059082,false
6279,1.348295929161667e8,3.2725010482453555e7,6,0.1437208652496338,false
6280,1.3482959686090916e8,1.2018058712064564e7,4,0.09871101379394531,false
6281,1.348296671685308e8,8.364673595282018e6,2,0.0594789981842041,false
6282,1.3482982192080972e8,8.185422600972176e7,15,0.31395816802978516,false
6283,1.348298219208096e8,3.3685836099999994e6,1,0.036602020263671875,false
6284,1.3482982192080963e8,3.385118169999987e6,1,0.03830885887145996,false
6285,1.3482988242233986e8,4.486520763651113e7,13,0.2304990291595459,false
6286,1.34829895421582e8,5.064614505551234e7,11,0.19971704483032227,false
6287,1.3482992526056e8,5.057131932342577e7,10,0.22030091285705566,false
6288,1.348299309517153e8,5.5818700928310186e7,18,0.3478059768676758,false
6289,1.348299871896729e8,1.0833074114785984e8,17,0.3464641571044922,false
6290,1.3482999724467295e8,2.4753007816490978e7,6,0.15853595733642578,false
6291,1.3483005578720877e8,3.3215083496160537e7,9,0.17619800567626953,false
6292,1.3483014095570508e8,2.0176207923221827e7,6,0.1423490047454834,false
6293,1.3483041798539355e8,3.0686510624294847e7,5,0.12078404426574707,false
6294,1.3483042584443823e8,1.915833480834034e7,6,0.14951801300048828,false
6295,1.3483072366168264e8,1.6653613041114423e8,28,0.5778219699859619,false
6296,1.3483072826105443e8,1.326624697843486e7,4,0.10627889633178711,false
6297,1.34830739569938e8,8.835971055545498e7,21,0.43946313858032227,false
6298,1.34830849783835e8,9.095901143426807e7,22,0.40219879150390625,false
6299,1.348308546788611e8,1.688915885250768e7,5,0.12596702575683594,false
6300,1.3483086444981077e8,1.6962836944894657e7,6,0.12399816513061523,false
6301,1.3483086444981077e8,6.77055263688913e6,2,0.06175398826599121,false
6302,1.3483086444981074e8,3.3685836099999994e6,1,0.03705000877380371,false
6303,1.3483096805204913e8,7.711867027242821e7,15,0.32740283012390137,false
6304,1.3483099621192303e8,5.600059939432508e7,15,0.29267001152038574,false
6305,1.348310235434574e8,1.4611009905232757e7,4,0.10717010498046875,false
6306,1.3483102354345736e8,6.63366464209637e6,2,0.06320405006408691,false
6307,1.3483103684125614e8,4.3983901140791565e7,9,0.20491981506347656,false
6308,1.3483103796154892e8,1.1378122117987871e7,3,0.08528518676757812,false
6309,1.3483107451502955e8,6.737520539054751e6,2,0.05890202522277832,false
6310,1.3483111913838306e8,4.283911842698124e7,10,0.20870590209960938,false
6311,1.3483111913838306e8,3.3685836100000143e6,1,0.03860306739807129,false
6312,1.348311239881773e8,2.403767984491828e7,7,0.17000699043273926,false
6313,1.348311467757598e8,1.4253190590908992e8,32,0.6362550258636475,false
6314,1.3483115780398622e8,1.0276409065859422e7,3,0.08816289901733398,false
6315,1.3483118076254246e8,1.5053347266721576e7,4,0.11224102973937988,false
6316,1.3483144727186444e8,6.394391093017143e7,12,0.2385239601135254,false
6317,1.3483169343979e8,6.563342491797733e7,14,0.3062419891357422,false
6318,1.3483172241181242e8,7.895650478427735e7,18,0.39000892639160156,false
6319,1.3483172780281606e8,1.4690206165416613e7,4,0.10923504829406738,false
6320,1.3483184621131113e8,1.6874421665326625e7,4,0.10992097854614258,false
6321,1.348318768330548e8,3.7452071429801464e7,12,0.21902704238891602,false
6322,1.348319018787071e8,7.22615041298061e7,22,0.3895690441131592,false
6323,1.3483204756847775e8,2.0716015100261077e7,5,0.13443994522094727,false
6324,1.3483209778520954e8,6.737693598156989e6,2,0.059095144271850586,false
6325,1.34832217913004e8,1.2453262683867931e7,4,0.09977293014526367,false
6326,1.348322235210281e8,7.029551510254066e7,15,0.2928800582885742,false
6327,1.3483227280050454e8,8.1343393771086335e6,2,0.06252694129943848,false
6328,1.3483240335401788e8,3.059578468763694e7,7,0.18094897270202637,false
6329,1.3483240492243963e8,1.6594684543225586e7,5,0.12744903564453125,false
6330,1.348324053997028e8,1.1784597568353172e8,25,0.49930691719055176,false
6331,1.3483240539970326e8,3.3685836100000143e6,1,0.03663492202758789,false
6332,1.3483240539970326e8,3.3685836100000143e6,1,0.035703182220458984,false
6333,1.348324161534297e8,5.90569465175038e7,14,0.2767319679260254,false
6334,1.3483242278814012e8,3.5182634398772955e7,7,0.14570093154907227,false
6335,1.3483245648703623e8,8.731449692840266e7,16,0.360806941986084,false
6336,1.3483246130894458e8,9.982589140166163e6,3,0.07903313636779785,false
6337,1.3483248950981638e8,2.2419545747375697e7,7,0.1367640495300293,false
6338,1.3483248950981635e8,3.3685836099999994e6,1,0.03776979446411133,false
6339,1.3483261595098847e8,1.925971333104062e7,5,0.13530707359313965,false
6340,1.348326621513875e8,1.994619019247831e8,29,0.5268621444702148,false
6341,1.3483275643125957e8,1.899066684485805e7,4,0.11492800712585449,false
6342,1.348327847987412e8,4.567635523036358e7,13,0.23074698448181152,false
6343,1.348328258730454e8,3.385118169999987e6,1,0.038272857666015625,false
6344,1.348328648678534e8,9.982396920000002e6,3,0.08596515655517578,false
6345,1.348328905551374e8,1.2691337417281449e7,3,0.08652091026306152,false
6346,1.3483298864334574e8,6.754053132287219e6,2,0.06307291984558105,false
6347,1.3483298864334577e8,3.3685628890625983e6,1,0.0367891788482666,false
6348,1.348331111720237e8,3.689603259005022e7,9,0.18175077438354492,false
6349,1.3483314834466726e8,9.861462254563905e7,19,0.3555641174316406,false
6350,1.348332169698576e8,1.0712037975350052e7,3,0.08457207679748535,false
6351,1.3483323334008008e8,1.0132604640757501e7,3,0.0910029411315918,false
6352,1.3483342090205753e8,3.314120349515882e7,9,0.1991569995880127,false
6353,1.348338204434003e8,7.76235659461551e7,15,0.33666396141052246,false
6354,1.34833943014472e8,3.693180307690163e7,12,0.22510504722595215,false
6355,1.3483395678925952e8,2.0962161979177654e7,5,0.13789701461791992,false
6356,1.348340214685971e8,1.7477598027021408e7,5,0.13291692733764648,false
6357,1.3483405748441267e8,1.4855685243226796e7,4,0.11513304710388184,false
6358,1.3483406956091478e8,6.631011254087159e7,18,0.37661194801330566,false
6359,1.3483406956091475e8,3.385118169999987e6,1,0.038572072982788086,false
6360,1.3483407613861963e8,1.8241314347449318e7,5,0.12462687492370605,false
6361,1.3483407839407602e8,3.649961299378429e7,9,0.20577597618103027,false
6362,1.348341071794416e8,8.516852395608723e6,2,0.06153607368469238,false
6363,1.3483411850204128e8,5.7371726760974884e7,13,0.2626631259918213,false
6364,1.348344190360143e8,4.207886780938992e7,11,0.20500493049621582,false
6365,1.3483451997868204e8,3.3268274441281483e7,10,0.1928539276123047,false
6366,1.3483453835935763e8,3.495562138806404e7,11,0.1996009349822998,false
6367,1.348345528971195e8,4.648331038831937e7,13,0.2590460777282715,false
6368,1.3483459441666824e8,5.1663045185695365e7,9,0.1837310791015625,false
6369,1.3483459808248594e8,6.770130799999982e6,2,0.06447887420654297,false
6370,1.3483460365826958e8,2.5308964349385276e7,8,0.1734330654144287,false
6371,1.3483481220626044e8,1.857679646526569e7,5,0.13507294654846191,false
6372,1.3483483133789533e8,4.4376241184177786e7,8,0.16499996185302734,false
6373,1.3483505410739216e8,4.844625860748005e7,10,0.23177814483642578,false
6374,1.34835096929729e8,6.849903011334339e7,15,0.2959170341491699,false
6375,1.34835096929729e8,3.385118169999987e6,1,0.03871583938598633,false
6376,1.348351312418617e8,3.2529713624050707e7,7,0.18020915985107422,false
6377,1.3483556439524978e8,5.66677120228273e7,9,0.16678500175476074,false
6378,1.34835720524873e8,2.0191093114947054e8,25,0.5246620178222656,false
6379,1.3483577086744875e8,6.753880073184982e6,2,0.06284594535827637,false
6380,1.3483578271560577e8,6.938274276060559e7,17,0.3754589557647705,false
6381,1.3483596177494165e8,9.312530326715916e6,3,0.08125901222229004,false
6382,1.3483596177494165e8,3.3685628890626132e6,1,0.037954092025756836,false
6383,1.3483655026467127e8,2.0126756591522306e7,4,0.11689090728759766,false
6384,1.3483657677209163e8,2.8026830962499335e7,9,0.1788499355316162,false
6385,1.3483658244520584e8,2.932836261694303e7,9,0.18732905387878418,false
6386,1.3483693881106588e8,8.938180646657765e7,15,0.2963690757751465,false
6387,1.348369925082992e8,5.0509539386986256e7,8,0.19454002380371094,false
6388,1.3483701266323972e8,8.364908195255488e6,2,0.06211590766906738,false
6389,1.3483701266323972e8,3.3685836100000143e6,1,0.03780388832092285,false
6390,1.3483701266323972e8,6.77031803691563e6,2,0.06156611442565918,false
6391,1.348370492486362e8,1.336744517847547e7,4,0.10005998611450195,false
6392,1.3483705819880128e8,1.4313926871706873e7,4,0.11219191551208496,false
6393,1.3483717705477527e8,1.4360311124351993e7,4,0.1016850471496582,false
6394,1.3483720940633383e8,1.014325991921243e7,3,0.08902597427368164,false
6395,1.3483726602493915e8,1.459962840809697e7,3,0.08470916748046875,false
6396,1.3483726602493912e8,4.572116599999994e6,1,0.03908085823059082,false
6397,1.3483727373659155e8,2.2014511857726604e7,6,0.15802001953125,false
6398,1.348372976414106e8,8.602371394129936e7,20,0.4344189167022705,false
6399,1.348373046366931e8,4.450842884848097e7,8,0.21855711936950684,false
6400,1.3483736263521206e8,1.4060292174162015e8,24,0.4543309211730957,false
6401,1.3483736263521206e8,3.3685628890626132e6,1,0.03833198547363281,false
6402,1.3483767261350852e8,3.830470119988173e7,9,0.21060514450073242,false
6403,1.3483768401821408e8,1.4832742801977143e7,5,0.11915087699890137,false
6404,1.3483771016641423e8,1.3402651718117815e8,27,0.5680789947509766,false
6405,1.3483771016641423e8,3.3685836099999994e6,1,0.03757214546203613,false
6406,1.3483773722134152e8,8.364673595282018e6,2,0.06278395652770996,false
6407,1.3483778678347707e8,2.7170824915025055e7,7,0.17166900634765625,false
6408,1.34837798833794e8,6.301254478541005e7,12,0.2572140693664551,false
6409,1.3483797754262972e8,7.592764025254667e6,2,0.06600189208984375,false
6410,1.3483797754262975e8,4.572116599999994e6,1,0.040921926498413086,false
6411,1.3483803472695836e8,7.21958054746256e7,18,0.38808202743530273,false
6412,1.3483815961972624e8,6.753982858742237e6,2,0.06372714042663574,false
6413,1.348381618449707e8,1.8984057384801716e7,6,0.13559484481811523,false
6414,1.3483817287949127e8,1.7179232191481084e7,6,0.12687897682189941,false
6415,1.3483817287949127e8,4.572116599999994e6,1,0.04033017158508301,false
6416,1.348382126561222e8,8.396661503741962e7,19,0.36466288566589355,false
6417,1.3483831174600005e8,4.271942456711146e7,11,0.22186994552612305,false
6418,1.348383674802043e8,3.0185131000438422e7,8,0.1966111660003662,false
6419,1.3483838568606177e8,4.4444229554668814e7,12,0.2333688735961914,false
6420,1.3483838941380075e8,1.3485943512560484e8,28,0.5113301277160645,false
6421,1.3483839893162474e8,3.944969284726392e7,11,0.22061491012573242,false
6422,1.348386082401682e8,1.223112978972747e8,20,0.45858311653137207,false
6423,1.3483860824016824e8,3.3685836100000143e6,1,0.03779292106628418,false
6424,1.348386376921788e8,3.113306819365579e7,7,0.1787118911743164,false
6425,1.348386927471595e8,1.4062580905972943e8,32,0.6068170070648193,false
6426,1.34838825064191e8,9.953400875758523e7,13,0.28553104400634766,false
6427,1.348388964737196e8,3.549919559847909e7,10,0.20501303672790527,false
6428,1.3483890465301675e8,6.774862009212434e6,2,0.06757307052612305,false
6429,1.3483892135693553e8,1.0466763889050066e7,3,0.08886194229125977,false
6430,1.3483895045791835e8,2.263883624663061e7,8,0.15441608428955078,false
6431,1.348389967168167e8,1.5691155936310396e7,4,0.11781787872314453,false
6432,1.348391386983567e8,7.590342094758964e7,12,0.21223998069763184,false
6433,1.348392519976705e8,1.6919292535456085e8,28,0.5707690715789795,false
6434,1.3483925764360803e8,2.218702644265154e7,8,0.16646790504455566,false
6435,1.3483925764360803e8,3.3685836099999994e6,1,0.039338111877441406,false
6436,1.3483933293814364e8,1.572629813736935e7,5,0.11649084091186523,false
6437,1.3483933501028287e8,1.8509962406082046e8,29,0.5882561206817627,false
6438,1.348393445267673e8,2.952685052200991e7,10,0.17996692657470703,false
6439,1.3483936490952414e8,1.352141212551333e7,4,0.11687207221984863,false
6440,1.3483947394562462e8,3.391083057693794e7,7,0.19222307205200195,false
6441,1.3483950714388844e8,1.05267381635136e7,3,0.09131002426147461,false
6442,1.3483957181231445e8,6.861550758969028e7,17,0.36787891387939453,false
6443,1.3483973364389607e8,5.167279454693197e7,12,0.23897886276245117,false
6444,1.3483974689863294e8,2.8459503649228543e7,6,0.15026116371154785,false
6445,1.34839753022839e8,5.732341121694055e7,15,0.3215148448944092,false
6446,1.348397567312169e8,6.737518572287217e6,2,0.06437301635742188,false
6447,1.3483983099799964e8,3.3695547912996486e7,7,0.18610906600952148,false
6448,1.3483997938454318e8,1.9084693924764767e7,5,0.12146306037902832,false
6449,1.3484002118836525e8,1.110778212528202e7,3,0.0838010311126709,false
6450,1.3484002575435832e8,1.6231492425579354e7,5,0.13027501106262207,false
6451,1.348402476135928e8,3.2350847749821275e7,6,0.16130900382995605,false
6452,1.3484035602238443e8,3.1715358098337874e7,9,0.20645689964294434,false
6453,1.348403630013676e8,3.3384064468277037e7,10,0.19786596298217773,false
6454,1.348403835600409e8,1.9982111235463604e7,5,0.1394510269165039,false
6455,1.3484039678474241e8,1.9247093516856548e8,46,0.9243190288543701,false
6456,1.3484065371365935e8,2.2827888665672585e7,7,0.14479804039001465,false
6457,1.3484069445055714e8,1.0936437805367589e7,3,0.08507990837097168,false
6458,1.348407035123746e8,6.71680563090381e6,2,0.06207609176635742,false
6459,1.3484093049949604e8,1.2622019624291983e8,29,0.6096868515014648,false
6460,1.3484095328567678e8,4.852215177840547e7,13,0.2551290988922119,false
6461,1.3484096930409777e8,3.0920673915059507e7,10,0.18335604667663574,false
6462,1.348410220943308e8,1.5320526928141287e8,25,0.5223450660705566,false
6463,1.3484112012119317e8,2.6386396259962678e7,5,0.12099885940551758,false
6464,1.3484116452112147e8,1.2200068321795285e7,3,0.09018111228942871,false
6465,1.3484120274981079e8,1.1638860978257346e8,24,0.5084538459777832,false
6466,1.3484121319520742e8,1.7122721725426552e8,34,0.7145791053771973,false
6467,1.3484122043343356e8,2.3595195309889033e7,6,0.15945887565612793,false
6468,1.348412204334336e8,3.385118169999987e6,1,0.03953218460083008,false
6469,1.3484145163912684e8,4.3713226492195964e7,9,0.2282249927520752,false
6470,1.3484158160352293e8,3.9263363945875615e7,11,0.19523096084594727,false
6471,1.348416332823237e8,3.503413982680428e7,9,0.21573686599731445,false
6472,1.3484164619698513e8,2.918060496124026e7,8,0.19397211074829102,false
6473,1.348416461969851e8,3.385118169999987e6,1,0.0406038761138916,false
6474,1.3484181663128296e8,1.0323656214609967e8,23,0.4930121898651123,false
6475,1.3484183477560022e8,3.8975908655539826e7,11,0.1870570182800293,false
6476,1.3484189323443142e8,8.615147319844949e7,12,0.2210838794708252,false
6477,1.348419035448606e8,2.3127912114353508e7,6,0.16109490394592285,false
6478,1.3484196842474893e8,2.476127970625463e7,5,0.12027812004089355,false
6479,1.348420266199733e8,3.0396554500360668e7,10,0.1730790138244629,false
6480,1.3484202900971815e8,7.957315603428066e6,2,0.06344103813171387,false
6481,1.3484220786215767e8,3.807716668983053e7,9,0.1699390411376953,false
6482,1.3484221403572786e8,9.387445085261464e6,3,0.08442187309265137,false
6483,1.3484240463055146e8,9.57285257423383e6,2,0.06593608856201172,false
6484,1.3484244932351813e8,1.1224979747731358e7,3,0.08388400077819824,false
6485,1.348424530205878e8,6.737580703343391e6,2,0.06008291244506836,false
6486,1.3484247048024645e8,2.186010342631501e7,7,0.1556839942932129,false
6487,1.3484249629381448e8,1.6514095690421164e7,4,0.11800813674926758,false
6488,1.348425137633508e8,1.9710019161895737e7,6,0.1396958827972412,false
6489,1.3484253627539423e8,3.338895131980765e7,7,0.1891341209411621,false
6490,1.3484255644800952e8,1.5968573584110826e7,5,0.12182283401489258,false
6491,1.3484262598869124e8,6.872969981124431e6,2,0.062052011489868164,false
6492,1.34842695071039e8,9.077271676097257e7,19,0.3994140625,false
6493,1.3484269507103896e8,4.572116599999994e6,1,0.04061388969421387,false
6494,1.348427548144674e8,1.9027152740337968e7,4,0.12024903297424316,false
6495,1.3484275481446737e8,3.3685628890625983e6,1,0.038459062576293945,false
6496,1.348428716432639e8,1.1903667493176863e7,4,0.09827208518981934,false
6497,1.3484293652034956e8,1.1408828124421173e8,15,0.2893869876861572,false
6498,1.3484294571137705e8,4.575858584533504e7,12,0.25310683250427246,false
6499,1.348429697343913e8,1.816209992151779e7,4,0.12315607070922852,false
6500,1.3484304733758473e8,1.3675760227532265e8,42,0.7466239929199219,false
6501,1.3484305772467285e8,8.410596284753469e7,16,0.3712449073791504,false
6502,1.348430859009003e8,2.5047599550872028e7,5,0.13522601127624512,false
6503,1.3484309724164084e8,2.1816449739397973e7,5,0.1327660083770752,false
6504,1.3484310190553564e8,6.737346376672596e6,2,0.06251406669616699,false
6505,1.3484313139109257e8,5.567540108277014e7,9,0.2201840877532959,false
6506,1.3484313828867778e8,1.1924627867291182e7,3,0.08905601501464844,false
6507,1.3484313828867787e8,3.385118169999987e6,1,0.04023599624633789,false
6508,1.348431604446582e8,2.2990620797032177e7,6,0.16355586051940918,false
6509,1.348431609215387e8,6.3454254240961224e7,14,0.290956974029541,false
6510,1.3484316092153868e8,3.385118169999987e6,1,0.0405430793762207,false
6511,1.3484319876772004e8,4.424844184644319e7,12,0.21055912971496582,false
6512,1.3484325637996855e8,1.7624032071007654e7,5,0.1308748722076416,false
6513,1.3484327608174804e8,1.9158386011538893e7,5,0.12988591194152832,false
6514,1.348433978500637e8,1.3080300379444093e7,3,0.09528112411499023,false
6515,1.3484340960380483e8,1.4152032873595685e7,3,0.09468698501586914,false
6516,1.3484342011073232e8,6.631364880309477e6,2,0.06561708450317383,false
6517,1.3484345320269516e8,3.2271671189833432e7,7,0.15300488471984863,false
6518,1.34843535413925e8,7.169012275254667e6,2,0.06516504287719727,false
6519,1.3484360043823096e8,1.8962327033791646e7,6,0.14812207221984863,false
6520,1.348436127406909e8,1.0139327531692505e7,3,0.0860748291015625,false
6521,1.3484362840633425e8,1.359474537470953e8,32,0.6511690616607666,false
6522,1.348439347702664e8,5.493836733290818e7,17,0.32998013496398926,false
6523,1.348439677004437e8,2.5317946897025317e7,6,0.1620957851409912,false
6524,1.348440333178992e8,3.808693089257124e7,11,0.2144300937652588,false
6525,1.3484403528958094e8,1.7327840261204585e7,5,0.13631200790405273,false
6526,1.348440489643915e8,1.275182899294652e7,4,0.10881805419921875,false
6527,1.348441431071247e8,7.23217570011661e7,13,0.29445505142211914,false
6528,1.3484426850979155e8,1.6389710323748186e7,4,0.11235785484313965,false
6529,1.3484433265653554e8,4.1547726713364035e7,9,0.2084980010986328,false
6530,1.3484433265653557e8,3.385118169999987e6,1,0.04133892059326172,false
6531,1.3484433265653554e8,3.385118169999987e6,1,0.04012012481689453,false
6532,1.3484450988069275e8,3.893370405921018e7,9,0.2131180763244629,false
6533,1.3484453914097846e8,8.913133816019033e7,22,0.4524369239807129,false
6534,1.3484474113655323e8,1.7608150001508623e7,5,0.13458490371704102,false
6535,1.3484477093047938e8,2.1280754649097934e7,7,0.15142512321472168,false
6536,1.3484482375994444e8,9.31146701956366e6,3,0.08155584335327148,false
6537,1.348448313161294e8,1.0291353316262257e8,24,0.47621607780456543,false
6538,1.348448313161294e8,3.3685836100000143e6,1,0.039092063903808594,false
6539,1.3484488588540763e8,1.0455692805550307e7,3,0.08432507514953613,false
6540,1.348448936669727e8,8.068517127885169e7,17,0.37113380432128906,false
6541,1.34844902489965e8,7.109637061549212e7,21,0.39704108238220215,false
6542,1.3484490911321706e8,1.0236293517030612e7,3,0.08423209190368652,false
6543,1.3484495310448173e8,6.631364880309492e6,2,0.06383895874023438,false
6544,1.3484501605252114e8,1.66930183125045e7,4,0.10486006736755371,false
6545,1.348450333905092e8,6.718210130499855e7,15,0.3406848907470703,false
6546,1.3484516858567783e8,7.169222519271314e6,2,0.06413888931274414,false
6547,1.34845176352031e8,2.92087104235162e7,10,0.18282508850097656,false
6548,1.3484523314491147e8,1.690068765277946e7,4,0.10581111907958984,false
6549,1.3484527239090058e8,1.9919609802129924e8,30,0.554926872253418,false
6550,1.3484544113848168e8,3.2131181283677816e7,8,0.18849897384643555,false
6551,1.348458763766549e8,5.522025852976094e7,11,0.1869800090789795,false
6552,1.3484589661683083e8,1.9680203378892124e7,7,0.14884114265441895,false
6553,1.3484600761642104e8,6.737345558314413e6,2,0.06488585472106934,false
6554,1.3484600761642104e8,3.385118169999987e6,1,0.040145158767700195,false
6555,1.348460126549449e8,7.58201079580982e7,16,0.37345385551452637,false
6556,1.3484604154332015e8,3.2280293735769153e7,8,0.20048213005065918,false
6557,1.3484604154332018e8,3.5162721705476344e6,1,0.0427098274230957,false
6558,1.3484615370664832e8,6.86788609388575e6,2,0.06567716598510742,false
6559,1.348461858395619e8,2.822610108325416e7,9,0.19252395629882812,false
6560,1.3484621995726672e8,1.342127900776197e7,4,0.11345887184143066,false
6561,1.3484624397650167e8,2.5108718325236082e7,6,0.1586921215057373,false
6562,1.3484640342156795e8,7.43619301430853e7,14,0.26850104331970215,false
6563,1.3484641319777882e8,1.2288440945877123e8,30,0.6265168190002441,false
6564,1.3484642585440207e8,2.1479866299247313e8,48,0.9364960193634033,false
6565,1.3484642585440207e8,4.572116599999994e6,1,0.04044008255004883,false
6566,1.3484646090699193e8,2.5184149373680776e8,46,0.8936700820922852,false
6567,1.348464881000628e8,1.4793797006357893e7,5,0.10887384414672852,false
6568,1.3484651895025346e8,4.287842924877086e7,9,0.23111414909362793,false
6569,1.3484653031189612e8,3.2172750645481408e7,9,0.18842792510986328,false
6570,1.3484658654633707e8,3.0691128437782392e7,9,0.20238590240478516,false
6571,1.348466388184034e8,6.737651165182084e6,2,0.06386899948120117,false
6572,1.3484680040565857e8,1.438975483415091e7,3,0.08888506889343262,false
6573,1.3484680556580776e8,4.855931452904943e7,12,0.24773097038269043,false
6574,1.3484681179604495e8,6.753982858742237e6,2,0.06570696830749512,false
6575,1.3484681409053168e8,1.2843344531514287e7,4,0.10759615898132324,false
6576,1.3484681409053168e8,3.385118169999987e6,1,0.04110383987426758,false
6577,1.348468888022078e8,4.617733967051442e7,10,0.21419620513916016,false
6578,1.3484691095563456e8,4.822626931773591e7,11,0.2285778522491455,false
6579,1.348469263546567e8,3.3685628890626132e6,1,0.0397191047668457,false
6580,1.348469364209382e8,2.409784227213122e7,7,0.15255403518676758,false
6581,1.3484696163459492e8,3.631649277220489e7,8,0.1675708293914795,false
6582,1.3484696163459492e8,3.385118169999987e6,1,0.04053997993469238,false
6583,1.348469616345949e8,3.385118169999987e6,1,0.04026317596435547,false
6584,1.3484696163459492e8,3.385118169999987e6,1,0.03966403007507324,false
6585,1.3484718620494822e8,2.4998650750304013e7,5,0.12107086181640625,false
6586,1.3484728133396938e8,4.1961860635854125e7,8,0.1603410243988037,false
6587,1.348473664826495e8,7.365856422804159e7,15,0.34301090240478516,false
6588,1.3484742965378445e8,8.065725155368572e7,14,0.32170605659484863,false
6589,1.3484751768118104e8,3.990742581147754e7,12,0.2426600456237793,false
6590,1.3484755149392405e8,2.1482799778963685e7,6,0.15444087982177734,false
6591,1.3484755149392405e8,3.5162721705476344e6,1,0.045385122299194336,false
6592,1.3484769414060572e8,2.1191498204909146e7,5,0.14359593391418457,false
6593,1.3484769910372654e8,1.4543301366471544e7,5,0.11937713623046875,false
6594,1.3484774003461653e8,1.5703501090875104e7,4,0.10777592658996582,false
6595,1.348478686351478e8,1.3994997154559517e8,31,0.6672229766845703,false
6596,1.3484794035242873e8,8.061455619255796e7,14,0.2812039852142334,false
6597,1.3484797131421563e8,2.916459817048353e7,8,0.1781299114227295,false
6598,1.3484809829211035e8,2.3827183428458154e7,4,0.11588811874389648,false
6599,1.3484813621032706e8,5.878533813015418e7,15,0.33470988273620605,false
6600,1.3484832452180183e8,2.3060853989750147e7,5,0.13597917556762695,false
6601,1.348488016525205e8,1.233821363177967e7,3,0.09038090705871582,false
6602,1.3484884313958788e8,1.1905637328380376e7,3,0.08803796768188477,false
6603,1.348492878874223e8,1.1996791569871438e8,28,0.5640761852264404,false
6604,1.34849458386016e8,1.2497138771650809e8,24,0.5063149929046631,false
6605,1.348496780688423e8,9.94124678499158e7,15,0.34454894065856934,false
6606,1.3484969539032093e8,5.414453722100179e7,20,0.36174583435058594,false
6607,1.348497801732943e8,1.63131672856718e7,4,0.10912919044494629,false
6608,1.3484988396288276e8,1.4298018892276794e7,3,0.09150290489196777,false
6609,1.348498860777823e8,3.0613237135717034e7,8,0.18328094482421875,false
6610,1.348499044849558e8,3.9014777509011045e7,13,0.2385849952697754,false
6611,1.3484991599230233e8,5.862364988317829e7,11,0.2538161277770996,false
6612,1.3484992665228155e8,3.54453904030408e7,6,0.14441585540771484,false
6613,1.3484993650107747e8,1.6998501109532088e7,5,0.1338791847229004,false
6614,1.3484994521148556e8,7.014390568964839e7,16,0.3667769432067871,false
6615,1.3484994910687345e8,6.77031803691563e6,2,0.06706905364990234,false
6616,1.348499511894399e8,6.884095117856711e6,2,0.06460881233215332,false
6617,1.348501228908781e8,9.396727250655264e6,3,0.08732199668884277,false
6618,1.3485018753714687e8,3.3264706582560003e7,10,0.2048020362854004,false
6619,1.3485019065954295e8,1.3890469097643167e7,4,0.11777901649475098,false
6620,1.3485019335627562e8,1.5861177062205166e7,4,0.11913013458251953,false
6621,1.3485023834064624e8,3.5162721705476344e6,1,0.041786909103393555,false
6622,1.3485024293265936e8,1.1368170654270232e7,3,0.08728194236755371,false
6623,1.3485024293265936e8,4.572116599999994e6,1,0.04123210906982422,false
6624,1.3485032718295267e8,3.465381507559839e7,9,0.1954500675201416,false
6625,1.3485033203530526e8,1.5727995642705962e7,5,0.12505698204040527,false
6626,1.348505404936582e8,3.517507852571449e7,6,0.13844585418701172,false
6627,1.3485054066210458e8,9.997710679346547e6,3,0.08697509765625,false
6628,1.3485054260591388e8,2.149070906667763e7,7,0.16837596893310547,false
6629,1.3485054425678918e8,2.988973467133659e7,7,0.1867671012878418,false
6630,1.348506152342615e8,1.0060744723407337e8,20,0.44519591331481934,false
6631,1.348506184900607e8,3.9445907243651435e7,10,0.2219240665435791,false
6632,1.3485062073984233e8,9.899841356087804e6,2,0.0654458999633789,false
6633,1.3485062529713404e8,2.4567841183618885e8,48,0.9958069324493408,false
6634,1.3485064652220157e8,2.0274269566035312e8,22,0.41169214248657227,false
6635,1.3485081091920057e8,7.152091960000008e6,2,0.07125997543334961,false
6636,1.3485101262107277e8,1.812262674656734e7,5,0.13733792304992676,false
6637,1.3485106341946855e8,2.749076802234465e7,6,0.14275598526000977,false
6638,1.348511107055786e8,8.259783543900819e7,16,0.34891414642333984,false
6639,1.3485113813769752e8,1.252025394359824e7,3,0.09349298477172852,false
6640,1.3485114668582636e8,9.492373726720011e7,18,0.3820638656616211,false
6641,1.348511504144104e8,3.3685836099999994e6,1,0.04013395309448242,false
6642,1.3485120686530855e8,7.015655237259835e6,2,0.06927013397216797,false
6643,1.3485124189878348e8,3.59680891835507e7,11,0.21596097946166992,false
6644,1.348512418987835e8,9.144127659999996e6,2,0.07072091102600098,false
6645,1.3485132652777317e8,7.8846084764359e6,2,0.06760001182556152,false
6646,1.348513344014775e8,1.011387796571061e7,3,0.09210801124572754,false
6647,1.3485138086560425e8,5.410695213579188e7,15,0.28754115104675293,false
6648,1.3485138424285835e8,1.441327824795196e8,32,0.6479578018188477,false
6649,1.3485141092335278e8,6.0976011054888934e7,12,0.21293210983276367,false
6650,1.3485151929681134e8,2.6243910109839156e7,8,0.15795207023620605,false
6651,1.3485152104891193e8,2.6337537420003325e7,8,0.1813488006591797,false
6652,1.3485152630949754e8,2.7116388044993877e7,8,0.18550705909729004,false
6653,1.348515442433199e8,1.861457585280481e7,5,0.1376810073852539,false
6654,1.3485157647220615e8,1.2368913051345304e8,19,0.4200470447540283,false
6655,1.3485173534013608e8,3.814854804401457e7,10,0.21375703811645508,false
6656,1.348517772628178e8,6.338563498138043e7,14,0.31711697578430176,false
6657,1.3485209209070835e8,1.668533266612819e8,22,0.4217069149017334,false
6658,1.348520944654052e8,1.1962702819701433e7,4,0.10441303253173828,false
6659,1.3485212092399886e8,6.906584909354016e7,15,0.3669281005859375,false
6660,1.3485212142773888e8,5.5744270281551555e7,16,0.3314509391784668,false
6661,1.34852135916091e8,3.2890481184558958e7,6,0.17310690879821777,false
6662,1.3485214119593692e8,2.3750139972889856e7,7,0.1774141788482666,false
6663,1.3485214119593686e8,9.899841356087804e6,2,0.06627893447875977,false
6664,1.3485214119593686e8,4.572116599999994e6,1,0.0416560173034668,false
6665,1.3485220286256364e8,2.7359253489388853e7,5,0.12970995903015137,false
6666,1.3485221505521384e8,8.885636001702154e7,23,0.4759399890899658,false
6667,1.3485227499426228e8,3.571248447890538e7,7,0.2009570598602295,false
6668,1.3485233467366955e8,9.285137368588004e7,18,0.4104139804840088,false
6669,1.3485266679285967e8,2.323061925314641e7,5,0.13650107383728027,false
6670,1.3485268302324817e8,2.677944366003397e7,8,0.19129586219787598,false
6671,1.34852702547227e8,1.298777614715637e8,22,0.4448361396789551,false
6672,1.3485272558112732e8,2.0260384660104364e7,5,0.12799692153930664,false
6673,1.348527298421402e8,1.6956302941821522e8,24,0.4727020263671875,false
6674,1.348527298421402e8,3.5162721705476344e6,1,0.042973995208740234,false
6675,1.348527653497875e8,2.246703808929144e7,6,0.17222905158996582,false
6676,1.3485282859038553e8,6.737745453516036e6,2,0.06820988655090332,false
6677,1.348528286425444e8,7.872781303428054e6,2,0.06546998023986816,false
6678,1.3485291353132525e8,1.6771113216426522e7,4,0.1183619499206543,false
6679,1.3485292138135284e8,2.7786166789680123e7,7,0.17425203323364258,false
6680,1.3485292138135287e8,3.5162721705476344e6,1,0.042948007583618164,false
6681,1.3485308730024737e8,4.613836350476876e7,11,0.20456814765930176,false
6682,1.3485311969482085e8,7.710158810199067e7,18,0.3629188537597656,false
6683,1.348531257151249e8,1.022339102176806e8,18,0.42038702964782715,false
6684,1.3485317510548982e8,4.9242575023883045e7,10,0.2262721061706543,false
6685,1.3485366641662684e8,4.572116599999994e6,1,0.04509401321411133,false
6686,1.3485368238138804e8,5.079094350574392e7,13,0.24958086013793945,false
6687,1.3485370872800183e8,3.276052443911247e7,6,0.14231610298156738,false
6688,1.3485371260238174e8,6.753982858742237e6,2,0.06814384460449219,false
6689,1.3485371570150742e8,3.5162721705476344e6,1,0.04347801208496094,false
6690,1.3485371570150745e8,3.3685836100000143e6,1,0.03954911231994629,false
6691,1.348537925172615e8,4.49607645234915e7,9,0.18561697006225586,false
6692,1.348537947220825e8,1.1234187506938368e7,3,0.0941319465637207,false
6693,1.3485382747677022e8,2.0237987875911295e7,6,0.15614604949951172,false
6694,1.348538516753277e8,4.658587722162917e7,9,0.21747398376464844,false
6695,1.348538516753277e8,3.3685836099999994e6,1,0.04032111167907715,false
6696,1.3485393441518483e8,6.615164081542109e7,20,0.3799588680267334,false
6697,1.348539596544901e8,1.150287123198837e7,3,0.09381914138793945,false
6698,1.3485419319087106e8,1.3266190701648712e7,3,0.09131383895874023,false
6699,1.3485424710646084e8,7.874362199580938e6,2,0.07147812843322754,false
6700,1.3485427161993638e8,1.6309149542963475e7,4,0.11975884437561035,false
6701,1.3485428539804268e8,6.540133329951835e7,13,0.28784799575805664,false
6702,1.3485431842063898e8,3.2885601301980138e7,11,0.19809412956237793,false
6703,1.3485440936392713e8,1.9844550570744038e7,4,0.12699294090270996,false
6704,1.3485440936392716e8,3.5162721705476344e6,1,0.04476308822631836,false
6705,1.3485440936392716e8,3.3685836100000143e6,1,0.04184103012084961,false
6706,1.3485453490106645e8,6.862273052428544e7,12,0.2766377925872803,false
6707,1.348545745202204e8,6.737345558314413e6,2,0.06865310668945312,false
6708,1.3485457831301156e8,1.7981393671545386e7,5,0.14522600173950195,false
6709,1.3485477507479542e8,2.7292648449486554e7,5,0.13067007064819336,false
6710,1.3485480170945016e8,1.0637743212744981e8,19,0.40692591667175293,false
6711,1.3485480170945016e8,7.872781303428054e6,2,0.06716203689575195,false
6712,1.3485480232216355e8,1.5983842928426102e7,4,0.11458992958068848,false
6713,1.3485481055708462e8,7.015655237259835e6,2,0.06700706481933594,false
6714,1.34854818087629e8,2.8087058946178317e7,6,0.14929699897766113,false
6715,1.3485483245901918e8,2.368750766855444e7,7,0.16821002960205078,false
6716,1.3485494128444946e8,1.4771941266270325e7,4,0.12501001358032227,false
6717,1.348549645773248e8,7.300144118200928e6,2,0.06772303581237793,false
6718,1.3485496994914538e8,4.501433316853531e7,10,0.22139286994934082,false
6719,1.3485512719007158e8,2.4925841216328323e7,5,0.1422591209411621,false
6720,1.3485515493574747e8,7.299967093636006e6,2,0.06880688667297363,false
6721,1.3485521954559708e8,5.260531849886821e7,12,0.24367809295654297,false
6722,1.3485523057622126e8,1.5006517664664581e7,4,0.11785483360290527,false
6723,1.348554004387436e8,5.518348318594971e7,9,0.17966413497924805,false
6724,1.3485541647363615e8,1.640613010393244e7,4,0.12022900581359863,false
6725,1.348554252125136e8,6.631364880309492e6,2,0.06652593612670898,false
6726,1.3485560039247966e8,2.8106711358740628e7,8,0.19999909400939941,false
6727,1.348559524248235e8,9.481133364185402e7,21,0.45116591453552246,false
6728,1.348559662342531e8,3.217938052424699e7,6,0.16591596603393555,false
6729,1.3485596825353107e8,3.091646839924577e7,9,0.20346999168395996,false
6730,1.3485600599926278e8,1.1856154894614416e8,19,0.4183919429779053,false
6731,1.3485613707636642e8,6.891340548482841e7,14,0.3141770362854004,false
6732,1.348561544164387e8,4.407891665028499e7,12,0.2523510456085205,false
6733,1.3485616742445314e8,6.27303836454006e7,17,0.3451669216156006,false
6734,1.34856205108806e8,2.694466795525226e7,8,0.17836308479309082,false
6735,1.3485620877451056e8,5.010570749753976e7,14,0.29318809509277344,false
6736,1.348562276245919e8,1.360923064185815e8,28,0.6185870170593262,false
6737,1.3485634168041998e8,2.5964832022214025e8,54,1.1621768474578857,false
6738,1.3485643497674483e8,3.373551058423334e7,10,0.1868760585784912,false
6739,1.348564655081995e8,4.2290717925750196e7,8,0.17719697952270508,false
6740,1.3485663855717134e8,8.516852395608723e6,2,0.06525802612304688,false
6741,1.3485670269843552e8,1.6802783455089003e7,5,0.14001202583312988,false
6742,1.3485670360903013e8,2.429214580110155e7,7,0.17293095588684082,false
6743,1.3485670360903013e8,3.3685836100000143e6,1,0.04128408432006836,false
6744,1.348567430878169e8,1.3410321218845731e8,22,0.47701382637023926,false
6745,1.3485688021675628e8,3.385118169999987e6,1,0.041993141174316406,false
6746,1.3485694667918465e8,2.5102752456701413e7,7,0.16210198402404785,false
6747,1.3485699482216218e8,5.005812177766493e7,8,0.18197298049926758,false
6748,1.3485699613884348e8,1.3048050468469894e8,28,0.6040380001068115,false
6749,1.3485699613884348e8,3.3685836100000143e6,1,0.04048609733581543,false
6750,1.3485699758018082e8,3.6639690225018516e7,12,0.22612786293029785,false
6751,1.3485707354262695e8,7.537611752896428e7,12,0.28029608726501465,false
6752,1.3485707354263046e8,6.737520539054751e6,2,0.06437397003173828,false
6753,1.3485707822403046e8,9.586089650295958e7,26,0.5522639751434326,false
6754,1.3485711862858367e8,2.0858454831062138e7,5,0.1336679458618164,false
6755,1.3485712614068314e8,1.1659920139513527e8,20,0.42337608337402344,false
6756,1.34857138489242e8,5.89366821202077e7,14,0.3178560733795166,false
6757,1.3485717288797668e8,1.2788856057103515e7,4,0.1013498306274414,false
6758,1.348571914125145e8,1.4622377833209097e7,4,0.11733317375183105,false
6759,1.348571914125145e8,3.385118169999987e6,1,0.04213595390319824,false
6760,1.3485782161981028e8,1.2709914059255096e8,10,0.1794888973236084,false
6761,1.3485786146976987e8,1.0261193468694687e7,3,0.09315609931945801,false
6762,1.3485786146976987e8,7.856060370000005e6,2,0.06454086303710938,false
6763,1.3485787578602368e8,2.4849801092188895e7,6,0.1605081558227539,false
6764,1.3485790566842923e8,1.6018987033307722e8,20,0.3769190311431885,false
6765,1.348580611085664e8,3.388835722544992e7,6,0.14075779914855957,false
6766,1.3485811407520485e8,3.506168894946456e7,10,0.22284603118896484,false
6767,1.3485814306184074e8,2.901922014895208e7,9,0.18347406387329102,false
6768,1.3485827060825917e8,2.069487566157122e7,7,0.15511488914489746,false
6769,1.348584243588598e8,5.22212395621306e7,14,0.3026561737060547,false
6770,1.3485845622520512e8,1.4237611328298712e8,28,0.5419230461120605,false
6771,1.3485851209049007e8,2.100165327305606e7,5,0.135908842086792,false
6772,1.348585346282468e8,1.341937612548387e7,3,0.09501910209655762,false
6773,1.3485854893247566e8,1.5443743984823436e7,3,0.10007786750793457,false
6774,1.3485862155286482e8,1.775430605304596e7,4,0.11197209358215332,false
6775,1.3485890530281886e8,1.3134830791703224e7,3,0.09239792823791504,false
6776,1.348589645888319e8,8.346472811008865e7,21,0.473499059677124,false
6777,1.3485900744706628e8,5.288195356438258e7,11,0.2158510684967041,false
6778,1.3485903190181476e8,1.029081168140176e7,3,0.10346603393554688,false
6779,1.3485922467624167e8,1.2330355462503694e8,28,0.5936598777770996,false
6780,1.3485926034832734e8,9.029660572058439e7,15,0.36820411682128906,false
6781,1.3485941764049438e8,8.866211794699919e7,14,0.30960679054260254,false
6782,1.3485946003031212e8,1.1754753187245727e7,3,0.0953221321105957,false
6783,1.3485947687578285e8,1.393550609056133e7,3,0.0967860221862793,false
6784,1.3485947687578285e8,3.385118169999987e6,1,0.041290998458862305,false
6785,1.3485949372121918e8,1.3371105669124797e7,4,0.11565804481506348,false
6786,1.348595309223597e8,6.73746043737334e6,2,0.06532883644104004,false
6787,1.3485955243859544e8,1.1868483078400493e7,3,0.0940561294555664,false
6788,1.3485960729689002e8,3.443837392442548e8,55,1.0565030574798584,false
6789,1.3486028887208396e8,5.0838037279574394e7,8,0.17349982261657715,false
6790,1.3486041754524833e8,7.642915975795877e7,14,0.32367801666259766,false
6791,1.3486042999134314e8,6.884317311549157e6,2,0.06694412231445312,false
6792,1.3486047119901752e8,7.32090129521676e7,16,0.37745094299316406,false
6793,1.3486047119901752e8,6.737580703343391e6,2,0.06562995910644531,false
6794,1.348604805105036e8,3.385118169999987e6,1,0.042385101318359375,false
6795,1.3486049100300705e8,2.404807058290629e7,8,0.18313097953796387,false
6796,1.348605170814294e8,4.095978580836786e7,12,0.2447679042816162,false
6797,1.3486059170919314e8,2.3045285532820538e7,6,0.14140701293945312,false
6798,1.348606157497119e8,1.1628781840866694e8,23,0.47119903564453125,false
6799,1.3486071849637118e8,2.7919870551290184e7,9,0.18338608741760254,false
6800,1.3486075022032574e8,5.7437328987654865e7,18,0.3586859703063965,false
6801,1.3486076146075135e8,4.3155959946946114e7,10,0.23872590065002441,false
6802,1.3486079533576253e8,6.628983302627251e6,2,0.0654909610748291,false
6803,1.3486080095830074e8,9.721848748902732e7,20,0.4724869728088379,false
6804,1.348608210334157e8,3.222903158418432e7,10,0.20077300071716309,false
6805,1.3486118409370312e8,1.936076751611957e7,4,0.1271061897277832,false
6806,1.3486119774764588e8,3.385118169999987e6,1,0.04189896583557129,false
6807,1.3486119774764585e8,7.1525441741411835e6,2,0.06581592559814453,false
6808,1.3486137700300127e8,1.3236830026590276e8,25,0.4979889392852783,false
6809,1.3486144428846157e8,2.6241511798268893e8,35,0.708961009979248,false
6810,1.348614472304623e8,8.391738705046692e7,18,0.39847707748413086,false
6811,1.3486144723046228e8,3.3685628890626132e6,1,0.041110992431640625,false
6812,1.3486152535460398e8,1.3175487900052637e7,3,0.09226393699645996,false
6813,1.3486152535460398e8,6.86788609388575e6,2,0.0668179988861084,false
6814,1.348616431918757e8,7.288935518200934e6,2,0.06675601005554199,false
6815,1.3486165202958328e8,5.806641556528731e7,16,0.3413820266723633,false
6816,1.3486185843744317e8,5.6996202733753264e7,13,0.2781851291656494,false
6817,1.348618584374432e8,3.3685836099999994e6,1,0.041723012924194336,false
6818,1.348619877011723e8,6.43575381162523e7,10,0.19458389282226562,false
6819,1.3486199686915922e8,1.013717711841391e7,3,0.09838008880615234,false
6820,1.348620905055353e8,4.569377493427831e7,10,0.2111959457397461,false
6821,1.348620905055353e8,3.499009610547632e6,1,0.04483604431152344,false
6822,1.348621996943217e8,5.0023293489544004e7,11,0.24175286293029785,false
6823,1.3486253772058934e8,8.066027527450311e7,19,0.42260003089904785,false
6824,1.348626482673167e8,5.166159637193085e7,13,0.29082608222961426,false
6825,1.3486267406726742e8,8.430748878632313e7,15,0.35852885246276855,false
6826,1.348629170189679e8,4.00546552044477e7,11,0.22555804252624512,false
6827,1.348630097627571e8,2.267136524778092e7,5,0.1423039436340332,false
6828,1.3486313798298326e8,4.1024524969664216e7,11,0.22069311141967773,false
6829,1.348631382414461e8,3.5162721705476344e6,1,0.042742013931274414,false
6830,1.3486313824144623e8,4.572116599999994e6,1,0.04168295860290527,false
6831,1.3486314598635274e8,2.961577818911433e8,45,0.8921530246734619,false
6832,1.348631620876244e8,3.943066933749944e7,10,0.22101497650146484,false
6833,1.3486316862382603e8,2.645145373565896e7,8,0.19776105880737305,false
6834,1.3486324378214526e8,3.1770792351158917e7,7,0.1845688819885254,false
6835,1.34863257754253e8,2.2955401855878794e8,32,0.6784381866455078,false
6836,1.3486325775425306e8,8.089100619814664e6,2,0.06950688362121582,false
6837,1.3486326825786847e8,1.978674949044749e7,5,0.12626290321350098,false
6838,1.3486333933855438e8,2.1805219650704414e7,5,0.13821101188659668,false
6839,1.3486337636500624e8,6.77055263688913e6,2,0.06808114051818848,false
6840,1.3486339347492033e8,8.102733517221136e7,14,0.28974390029907227,false
6841,1.3486340609346333e8,3.3685836100000143e6,1,0.04137897491455078,false
6842,1.3486351019061357e8,1.968241487974468e7,5,0.1391761302947998,false
6843,1.3486352409624815e8,7.576183029327601e6,2,0.0693049430847168,false
6844,1.3486355995964783e8,1.435232148364079e7,4,0.1198880672454834,false
6845,1.3486402006650662e8,7.493214720071168e7,16,0.37566494941711426,false
6846,1.3486417888384926e8,6.775072697245899e7,19,0.39496898651123047,false
6847,1.3486425326895106e8,3.486822090676519e7,8,0.20649504661560059,false
6848,1.3486425326895103e8,3.3685836100000143e6,1,0.04044795036315918,false
6849,1.3486435717504266e8,7.592764025254667e6,2,0.06880497932434082,false
6850,1.3486440430141962e8,1.6382299068599313e7,5,0.13774895668029785,false
6851,1.3486444640433064e8,4.21698228739934e7,8,0.20260310173034668,false
6852,1.3486444980589557e8,6.737168533749491e6,2,0.0688619613647461,false
6853,1.3486457165201154e8,1.860243564525804e7,4,0.11784195899963379,false
6854,1.348646083464203e8,1.1086115477366157e8,27,0.5758631229400635,false
6855,1.3486465581442678e8,6.223548131847185e7,10,0.24028491973876953,false
6856,1.3486474072542828e8,1.4507911835206658e7,3,0.09876608848571777,false
6857,1.3486479282622308e8,2.13604431183867e7,6,0.1498088836669922,false
6858,1.3486481017232636e8,3.385118169999987e6,1,0.04282498359680176,false
6859,1.348648598892464e8,1.0157166638368487e7,3,0.09471607208251953,false
6860,1.3486487637072918e8,8.76047544740685e7,18,0.39501094818115234,false
6861,1.348648868883481e8,1.3912696039987206e7,4,0.11672592163085938,false
6862,1.3486489740911028e8,9.998077319999993e6,3,0.0908060073852539,false
6863,1.3486489740911028e8,3.3685836100000143e6,1,0.04201316833496094,false
6864,1.3486489740911025e8,3.3685628890625983e6,1,0.040962934494018555,false
6865,1.3486489740911025e8,3.385118169999987e6,1,0.042675018310546875,false
6866,1.3486490854900306e8,1.3335067041257827e8,32,0.7038998603820801,false
6867,1.3486493001529923e8,6.533334353195454e7,15,0.3297600746154785,false
6868,1.3486501860143048e8,1.7882293606563795e8,30,0.671889066696167,false
6869,1.3486503345328626e8,6.737114637337387e6,2,0.06862187385559082,false
6870,1.3486508999635622e8,3.7723272144645035e7,13,0.24763011932373047,false
6871,1.3486512046130878e8,1.838339538109237e7,5,0.14524388313293457,false
6872,1.3486515899728078e8,5.636668970166007e7,13,0.28763413429260254,false
6873,1.3486519678549668e8,2.913783540485978e7,5,0.14589500427246094,false
6874,1.3486521240426892e8,1.286541521030949e7,4,0.12275385856628418,false
6875,1.3486537786794245e8,2.0096821882964388e7,5,0.13968420028686523,false
6876,1.348653823216546e8,1.5027441291193783e7,4,0.12148380279541016,false
6877,1.3486538758948162e8,6.737520539054766e6,2,0.07022809982299805,false
6878,1.3486538758948162e8,3.385118169999987e6,1,0.044714927673339844,false
6879,1.348654289221925e8,1.3741424502104402e7,4,0.12258601188659668,false
6880,1.348654289221925e8,3.3685836099999994e6,1,0.04177713394165039,false
6881,1.3486544044090378e8,1.482877270495419e8,29,0.7144279479980469,false
6882,1.3486562316386372e8,6.016114637646714e7,11,0.2427520751953125,false
6883,1.3486565628517246e8,1.3317586973821025e8,44,0.8169620037078857,false
6884,1.3486568014707142e8,1.0297084629524201e7,3,0.08746695518493652,false
6885,1.348656831116648e8,4.310943562348163e7,13,0.2691349983215332,false
6886,1.34865685861106e8,5.102099249153489e7,13,0.2845020294189453,false
6887,1.3486571927802867e8,2.2507396911967754e7,5,0.13837289810180664,false
6888,1.348657508182459e8,2.070840669502017e7,5,0.12867307662963867,false
6889,1.348657508182459e8,3.3685836100000143e6,1,0.042495012283325195,false
6890,1.348657584685863e8,2.970772361054404e7,9,0.20767593383789062,false
6891,1.348657842734717e8,1.4716833771367475e7,4,0.11563611030578613,false
6892,1.348657842734717e8,3.5162721705476344e6,1,0.04605698585510254,false
6893,1.348658063925739e8,2.1144497902100265e7,5,0.14215779304504395,false
6894,1.3486582268300524e8,2.466701272999482e7,8,0.1832261085510254,false
6895,1.3486584775084907e8,1.2773400415243953e7,4,0.11021804809570312,false
6896,1.348658903878329e8,7.592764025254667e6,2,0.07398700714111328,false
6897,1.3486604802417156e8,4.2449485953287035e7,8,0.20922493934631348,false
6898,1.348661296027763e8,5.05777377397027e7,12,0.25687098503112793,false
6899,1.3486613781628758e8,3.262936087468244e7,7,0.18362712860107422,false
6900,1.348662104843182e8,7.068111331341833e6,2,0.06931281089782715,false
6901,1.3486623695930317e8,8.449371634321716e7,17,0.41370296478271484,false
6902,1.3486624790849322e8,3.3685836100000143e6,1,0.04354405403137207,false
6903,1.3486629465140384e8,1.763155184691453e7,5,0.13584494590759277,false
6904,1.3486632091266975e8,3.3685836099999994e6,1,0.041787147521972656,false
6905,1.3486632091266975e8,3.385118169999987e6,1,0.042424917221069336,false
6906,1.3486636371431988e8,4.5055119645926505e7,12,0.25948095321655273,false
6907,1.3486638392220384e8,1.6130715010622263e7,5,0.13506603240966797,false
6908,1.348664050016497e8,2.3041593824669752e8,44,0.9350130558013916,false
6909,1.3486640500164977e8,3.3685836100000143e6,1,0.04306602478027344,false
6910,1.3486640536358804e8,6.737580703343391e6,2,0.06786203384399414,false
6911,1.3486651340009767e8,3.40832912866818e7,6,0.17142295837402344,false
6912,1.3486651340009767e8,4.572116599999994e6,1,0.04398703575134277,false
6913,1.3486655068641025e8,1.7924563205104664e7,6,0.1515960693359375,false
6914,1.348665506864102e8,3.3685836100000143e6,1,0.04410696029663086,false
6915,1.348665673877484e8,4.973770514148456e7,8,0.21375298500061035,false
6916,1.348666099684732e8,7.779198131888215e7,18,0.41481494903564453,false
6917,1.348666318996743e8,9.57285257423383e6,2,0.07123494148254395,false
6918,1.3486663926278898e8,4.652473637353094e7,9,0.2037830352783203,false
6919,1.3486665906444818e8,1.7489699433267385e7,4,0.11364912986755371,false
6920,1.3486666058777043e8,8.233898160423952e7,18,0.397568941116333,false
6921,1.3486695108303383e8,4.3788016265143186e7,10,0.19769692420959473,false
6922,1.3486706675263909e8,3.747986740873429e7,9,0.21721410751342773,false
6923,1.3486708608842304e8,9.139630543848035e7,20,0.45334386825561523,false
6924,1.3486732223454e8,8.7183182961915e7,20,0.4162931442260742,false
6925,1.3486732223453996e8,3.3685628890625983e6,1,0.04293084144592285,false
6926,1.3486741556329054e8,2.992111264574817e7,7,0.1849970817565918,false
6927,1.3486741556329054e8,3.3685628890626132e6,1,0.041810035705566406,false
6928,1.3486774730026582e8,3.079032646262929e7,6,0.1589038372039795,false
6929,1.3486781015735722e8,3.604917896112704e7,6,0.16168904304504395,false
6930,1.348678356060759e8,3.3685836100000143e6,1,0.04304814338684082,false
6931,1.3486788417358056e8,3.986814433974828e7,9,0.2214648723602295,false
6932,1.348679298659697e8,1.4218477429343206e8,28,0.5702810287475586,false
6933,1.348679909092357e8,2.0980154099101698e8,36,0.7630860805511475,false
6934,1.3486803599570566e8,6.737168533749491e6,2,0.06944894790649414,false
6935,1.3486815619319034e8,6.650841151514158e7,16,0.3618159294128418,false
6936,1.348682272681309e8,6.211679572828713e7,13,0.2834041118621826,false
6937,1.3486824576994753e8,6.737197373568356e6,2,0.06843304634094238,false
6938,1.3486824964191574e8,3.514094268064876e7,11,0.21578097343444824,false
6939,1.3486830595468682e8,3.385118169999987e6,1,0.04309201240539551,false
6940,1.3486830818748558e8,2.2224463530465662e7,6,0.17476391792297363,false
6941,1.3486860091630945e8,4.4145571525909305e7,11,0.24101710319519043,false
6942,1.3486860091630945e8,3.3685628890626132e6,1,0.04458189010620117,false
6943,1.348686009163094e8,3.5162721705476344e6,1,0.045562028884887695,false
6944,1.3486860091630945e8,3.3685836100000143e6,1,0.04267406463623047,false
6945,1.348686811618287e8,2.4433729169730976e7,5,0.12513399124145508,false
6946,1.3486881339712462e8,2.7792738850415275e7,9,0.18159103393554688,false
6947,1.3486883058630034e8,1.2748075932744265e7,4,0.11228179931640625,false
6948,1.348689121591488e8,7.124414222584245e7,10,0.23675107955932617,false
6949,1.3486910367539576e8,1.46919762622143e8,23,0.48545408248901367,false
6950,1.348691198623047e8,9.059000187946883e7,18,0.44687891006469727,false
6951,1.3486916560682252e8,8.355726922603124e7,22,0.42952609062194824,false
6952,1.3486921843556127e8,1.838937618494436e7,5,0.1404569149017334,false
6953,1.3486924167197177e8,6.448271961314568e7,18,0.389631986618042,false
6954,1.3486926300465176e8,2.0539208400166675e7,6,0.1651289463043213,false
6955,1.3486932401259792e8,1.0106338666587502e7,3,0.09293818473815918,false
6956,1.348694513484819e8,1.6464682503195196e7,5,0.12895584106445312,false
6957,1.348696468916319e8,5.008880493809801e7,12,0.2697479724884033,false
6958,1.3486971017816472e8,1.1861975368236877e8,27,0.560420036315918,false
6959,1.348697403878097e8,1.4071853404993486e8,42,0.8286969661712646,false
6960,1.3486978727492866e8,3.962960559274474e7,7,0.18858599662780762,false
6961,1.34869828283392e8,1.6992237738680273e7,4,0.12145209312438965,false
6962,1.3487000021679735e8,3.575375355727297e7,6,0.1430950164794922,false
6963,1.3487001387696028e8,3.186447445864287e7,7,0.18433499336242676,false
6964,1.348700138769603e8,3.499009610547632e6,1,0.04373502731323242,false
6965,1.348700664207598e8,6.133942728043246e7,15,0.3282289505004883,false
6966,1.3487008018942443e8,3.1392664104494542e7,9,0.19602608680725098,false
6967,1.3487010374315912e8,6.166625028784084e7,17,0.32503199577331543,false
6968,1.3487052417358577e8,3.45503453553471e7,6,0.1601238250732422,false
6969,1.3487053200115365e8,3.2487275829646155e7,10,0.2198619842529297,false
6970,1.348706090917833e8,3.4815131569914326e7,8,0.2068161964416504,false
6971,1.348709912605306e8,1.7282592612999022e7,5,0.14652800559997559,false
6972,1.348710451814506e8,2.0136550905230284e7,6,0.1544640064239502,false
6973,1.3487117021061966e8,5.0539765327302456e7,9,0.22518086433410645,false
6974,1.348714806584608e8,3.786143402370812e7,10,0.21213293075561523,false
6975,1.3487153018259495e8,2.3255090083969936e7,6,0.14994406700134277,false
6976,1.3487161815532625e8,6.754169159755498e6,2,0.06834101676940918,false
6977,1.348720004626835e8,4.008730867626257e8,57,1.1563150882720947,false
6978,1.3487206484677717e8,8.515276661646372e7,18,0.4277639389038086,false
6979,1.3487207784329507e8,2.7329473179775193e7,9,0.1961379051208496,false
6980,1.3487210001906013e8,3.847732305533075e7,10,0.22918009757995605,false
6981,1.3487210001906016e8,3.3685836099999994e6,1,0.04197406768798828,false
6982,1.348724680517402e8,9.241315811203858e7,14,0.3246610164642334,false
6983,1.3487270030624184e8,3.0124555507161245e7,9,0.20960783958435059,false
6984,1.3487270256842497e8,4.988242195668505e7,14,0.320544958114624,false
6985,1.3487274334562877e8,2.1679953645446438e8,24,0.5246870517730713,false
6986,1.3487275781707567e8,1.6586669984226942e7,4,0.11633801460266113,false
6987,1.348728362640271e8,2.0559668663509965e7,6,0.166640043258667,false
6988,1.3487326556600615e8,2.9382076940482706e7,8,0.199476957321167,false
6989,1.348733698125023e8,1.2065426083269668e8,21,0.4726560115814209,false
6990,1.3487344015359417e8,1.5135994440926462e7,4,0.11526799201965332,false
6991,1.3487347687211305e8,3.986430162475571e7,10,0.22498106956481934,false
6992,1.3487348464652926e8,9.31185034933871e6,3,0.08846187591552734,false
6993,1.3487351279706004e8,5.910955844752672e7,13,0.2970001697540283,false
6994,1.3487368066901374e8,1.4712773524243206e7,3,0.08989882469177246,false
6995,1.3487368367215788e8,6.884995790993646e6,2,0.0634000301361084,false
6996,1.34873765838903e8,1.3861904920561343e7,3,0.09295010566711426,false
6997,1.3487377098983562e8,3.66877012975284e7,11,0.23668289184570312,false
6998,1.3487381011998594e8,1.1383664493019122e8,20,0.42142295837402344,false
6999,1.3487383697371826e8,1.0587959930337192e8,19,0.41736602783203125,false
7000,1.3487386967542768e8,7.251849390871303e7,16,0.3718221187591553,false
7001,1.3487389091015705e8,1.347583332371229e7,4,0.12001204490661621,false
7002,1.3487389236096916e8,6.97258349591359e7,16,0.36661481857299805,false
7003,1.348742647324571e8,1.742055803037475e8,41,0.8579001426696777,false
7004,1.3487432845117998e8,2.212466583625999e7,5,0.14019083976745605,false
7005,1.3487455750270385e8,9.020785640740809e7,17,0.402785062789917,false
7006,1.348748431317769e8,3.3240953730974793e7,7,0.16914010047912598,false
7007,1.3487499075432038e8,1.1953311871016398e7,4,0.10974383354187012,false
7008,1.3487502590739247e8,1.8913997548142016e7,5,0.14559602737426758,false
7009,1.3487508407912952e8,2.968235512070708e7,6,0.14864706993103027,false
7010,1.348751003907405e8,1.1513970866541834e8,27,0.5879299640655518,false
7011,1.3487511419473302e8,2.677568579924777e7,5,0.14531517028808594,false
7012,1.34875294037575e8,7.193059150066869e7,20,0.4538698196411133,false
7013,1.3487530961241934e8,1.0442006041771263e7,3,0.09792709350585938,false
7014,1.3487540324779955e8,2.2332138171093255e7,4,0.11495804786682129,false
7015,1.348754302851315e8,1.0524708401713282e7,3,0.08967781066894531,false
7016,1.3487544109265268e8,3.098499770640734e7,6,0.1657090187072754,false
7017,1.3487555910455975e8,3.385118169999987e6,1,0.043940067291259766,false
7018,1.348757654504127e8,1.753514770632565e7,5,0.14360713958740234,false
7019,1.348757717509842e8,3.3685836100000143e6,1,0.04383587837219238,false
7020,1.34875798699688e8,6.78112708415606e7,12,0.28327393531799316,false
7021,1.348761464823644e8,1.798637650513512e7,4,0.11888504028320312,false
7022,1.3487618114874795e8,5.669514258742544e7,14,0.33357691764831543,false
7023,1.3487618415385264e8,7.841260147294034e7,22,0.460374116897583,false
7024,1.3487620868612373e8,2.7935022975417614e7,8,0.18508601188659668,false
7025,1.3487627998442993e8,1.6739260598215163e7,4,0.11893606185913086,false
7026,1.3487638080383906e8,1.1224979747731358e7,3,0.09280180931091309,false
7027,1.3487643186621094e8,6.98526169077754e6,2,0.07268023490905762,false
7028,1.348766132671232e8,9.412099682910949e6,3,0.09300684928894043,false
7029,1.3487669038270047e8,3.2641543489702165e7,7,0.19402599334716797,false
7030,1.348771628139463e8,3.3021582853940636e7,8,0.2132430076599121,false
7031,1.3487723432325435e8,8.288893736387624e7,20,0.4661269187927246,false
7032,1.348772634031797e8,2.6369976924993843e7,6,0.17084813117980957,false
7033,1.3487729711005417e8,1.998448664912902e7,6,0.15651893615722656,false
7034,1.348774032442391e8,1.348056075739932e7,4,0.11768603324890137,false
7035,1.3487746954553828e8,4.0015006633577734e7,11,0.22696709632873535,false
7036,1.348774880128916e8,1.6117446909445024e8,29,0.5885589122772217,false
7037,1.3487758922288224e8,1.507896667172818e8,26,0.5685999393463135,false
7038,1.3487761488444543e8,7.87523516081274e7,15,0.33993101119995117,false
7039,1.348776152221025e8,1.4306746521214306e7,3,0.09801101684570312,false
7040,1.348777346149297e8,1.9033261584976852e7,4,0.12305498123168945,false
7041,1.348778022433287e8,6.2761851585163355e7,15,0.36167311668395996,false
7042,1.3487787906447273e8,2.361125147581941e7,5,0.14035487174987793,false
7043,1.3487787906447276e8,3.3685836099999994e6,1,0.04278397560119629,false
7044,1.3487792909671453e8,3.508870821051341e7,7,0.16853809356689453,false
7045,1.3487806658541054e8,4.163044047386098e7,8,0.22005009651184082,false
7046,1.3487853126231128e8,1.5514858553436816e7,3,0.10709095001220703,false
7047,1.3487854223704123e8,6.268143263971645e7,18,0.41129398345947266,false
7048,1.3487857022193167e8,1.9405618319016576e7,4,0.12425088882446289,false
7049,1.3487868659408027e8,1.7905486577558815e8,37,0.8294751644134521,false
7050,1.3487868938829798e8,4.873834568814674e7,11,0.2482898235321045,false
7051,1.3487872484280682e8,6.772516009477615e6,2,0.07714319229125977,false
7052,1.3487873123410913e8,2.1213301323427975e7,6,0.14882397651672363,false
7053,1.348790524844983e8,3.666111724635261e7,6,0.15197992324829102,false
7054,1.348792091015097e8,6.953379541347754e7,15,0.3520960807800293,false
7055,1.348796675470051e8,2.5971128429110315e8,43,0.9554178714752197,false
7056,1.348797552339151e8,1.0286950775164127e7,3,0.09490299224853516,false
7057,1.3487975622928515e8,6.881865059454343e7,14,0.3457810878753662,false
7058,1.3487996605784047e8,6.975822599327773e6,2,0.0701909065246582,false
7059,1.348799852453766e8,2.3012481206463754e7,8,0.18210315704345703,false
7060,1.3487998524537662e8,3.3685836100000143e6,1,0.04450798034667969,false
7061,1.348800413875693e8,1.0734875429999977e7,3,0.09093093872070312,false
7062,1.3488021715234518e8,1.4899295072795331e7,4,0.11835193634033203,false
7063,1.3488049649566787e8,1.4832125015594602e7,3,0.09187197685241699,false
7064,1.3488050120994326e8,1.3298514114752531e7,4,0.10936713218688965,false
7065,1.34880644891477e8,6.490288990844783e7,14,0.29723381996154785,false
7066,1.348806500176336e8,8.577741492803676e7,26,0.5139260292053223,false
7067,1.3488067864423448e8,1.349271152163975e7,4,0.11627006530761719,false
7068,1.3488107640450355e8,5.900307063340005e7,12,0.31221890449523926,false
7069,1.348812782077489e8,4.97771649045091e7,10,0.23794221878051758,false
7070,1.348813039035638e8,1.5490861437341055e8,23,0.4805948734283447,false
7071,1.3488135299672154e8,3.991704383833182e7,13,0.24809694290161133,false
7072,1.3488135800768915e8,4.4393495708627254e7,13,0.2496950626373291,false
7073,1.348814021212242e8,3.3685628890626132e6,1,0.04370307922363281,false
7074,1.3488140372196943e8,9.485072077206205e7,22,0.4983048439025879,false
7075,1.348814037219694e8,3.3685836100000143e6,1,0.04543304443359375,false
7076,1.3488149193161452e8,3.2537075314441383e7,6,0.17000198364257812,false
7077,1.3488149193161452e8,3.3685836100000143e6,1,0.04483509063720703,false
7078,1.3488149678250286e8,6.737197373568341e6,2,0.06635689735412598,false
7079,1.348815002844153e8,8.038061855349469e7,20,0.4272301197052002,false
7080,1.3488154726816896e8,7.152544174141198e6,2,0.06515789031982422,false
7081,1.34881589551166e8,1.1643004428460106e7,3,0.09011507034301758,false
7082,1.348816311324063e8,4.099394800457859e7,12,0.22559309005737305,false
7083,1.348817405362097e8,1.2604374117618024e7,4,0.11330890655517578,false
7084,1.3488176326026484e8,2.6993964196435392e7,8,0.19060206413269043,false
7085,1.3488177596962154e8,1.2462077039019376e7,4,0.11180686950683594,false
7086,1.348818061754859e8,2.434122868740399e7,6,0.14373397827148438,false
7087,1.3488182082818273e8,5.273200279017083e7,17,0.34841299057006836,false
7088,1.3488184432603624e8,4.481356838223693e7,10,0.22910618782043457,false
7089,1.3488187043509704e8,2.1799746857964873e7,5,0.13384485244750977,false
7090,1.348818930560029e8,6.737345513184994e6,2,0.07394909858703613,false
7091,1.348818931287512e8,4.511732336697778e7,10,0.2437739372253418,false
7092,1.3488192122127622e8,4.925741007272336e7,13,0.27262091636657715,false
7093,1.348821299904378e8,1.894455047199449e7,5,0.1457200050354004,false
7094,1.348821439245872e8,6.73746043737334e6,2,0.0726320743560791,false
7095,1.348821842517957e8,1.4712773524243206e7,3,0.09273004531860352,false
7096,1.3488219165076366e8,2.0606204710761353e7,7,0.16861510276794434,false
7097,1.3488273038463384e8,1.1107617895237982e7,3,0.09112691879272461,false
7098,1.3488289826917106e8,3.6840809623163074e7,7,0.1716618537902832,false
7099,1.3488290308304736e8,1.5231665378531176e8,33,0.7487092018127441,false
7100,1.348830372264007e8,2.4060986890629813e7,8,0.19315886497497559,false
7101,1.348830553335406e8,1.829950171393764e7,6,0.1503901481628418,false
7102,1.3488305595944723e8,4.5971066397262126e7,9,0.2679009437561035,false
7103,1.3488305595944726e8,3.3685836099999994e6,1,0.043302059173583984,false
7104,1.348830649995681e8,6.629017426672578e6,2,0.07053685188293457,false
7105,1.348830649995681e8,6.884995790993646e6,2,0.07006692886352539,false
7106,1.3488322416194877e8,1.6734337074286067e8,23,0.4783611297607422,false
7107,1.3488328182729185e8,2.48171733379142e7,5,0.12756800651550293,false
7108,1.348832910539145e8,1.4994568804280725e8,26,0.5431609153747559,false
7109,1.3488341840570024e8,6.903103611794531e6,2,0.07577109336853027,false
7110,1.3488344791033894e8,1.9552040311615914e7,4,0.11750388145446777,false
7111,1.3488347842277393e8,1.5773267911242679e7,4,0.11755514144897461,false
7112,1.348834784227739e8,3.385118169999987e6,1,0.04522395133972168,false
7113,1.348834994523358e8,1.1978841201194575e8,21,0.48560595512390137,false
7114,1.348835261816801e8,8.465027960570483e7,23,0.498291015625,false
7115,1.3488360649416503e8,4.525525495388591e7,11,0.24992799758911133,false
7116,1.348836670051459e8,3.923662932756492e8,73,1.5887410640716553,false
7117,1.348836687426785e8,9.203460131770149e6,3,0.08978700637817383,false
7118,1.3488404653217447e8,2.770580357994162e8,44,0.8882200717926025,false
7119,1.3488407364842895e8,4.703166286933114e7,10,0.2532999515533447,false
7120,1.3488411359800935e8,2.4972514895726547e7,8,0.18829798698425293,false
7121,1.3488414425775743e8,3.445416482546055e7,8,0.22267699241638184,false
7122,1.3488416744025567e8,1.684074748434803e7,4,0.12294483184814453,false
7123,1.348842029493081e8,2.260763372797367e7,5,0.1414952278137207,false
7124,1.3488421263197607e8,7.101697994594261e7,17,0.40249085426330566,false
7125,1.3488421553414014e8,2.882144671504058e7,8,0.20088505744934082,false
7126,1.3488424610344055e8,9.764274156303011e7,25,0.5244438648223877,false
7127,1.3488489561276957e8,2.2889578837620735e7,4,0.12482810020446777,false
7128,1.3488493350530046e8,2.83255785455287e8,37,0.7688210010528564,false
7129,1.3488511074752745e8,1.2098316425392628e7,3,0.09668803215026855,false
7130,1.3488511074752745e8,6.903103611794531e6,2,0.07749795913696289,false
7131,1.3488526836064598e8,1.416832398727262e7,3,0.1035459041595459,false
7132,1.3488529840799668e8,1.1083973619675994e7,3,0.09516000747680664,false
7133,1.348852984079967e8,1.003596670049718e7,3,0.09084916114807129,false
7134,1.3488536135978937e8,7.811692362318867e7,16,0.3484768867492676,false
7135,1.3488541023535287e8,6.737580703343391e6,2,0.06960010528564453,false
7136,1.3488568544275397e8,1.3063034256829113e7,3,0.09633398056030273,false
7137,1.3488569468199837e8,3.59641435270866e7,11,0.22344493865966797,false
7138,1.348856948259684e8,9.203460131770134e6,3,0.08728599548339844,false
7139,1.3488571899384028e8,2.9864270945228815e7,8,0.21009206771850586,false
7140,1.3488580268388897e8,1.0761539311497228e8,25,0.5249629020690918,false
7141,1.3488581071590474e8,1.7016612282864034e7,5,0.1414480209350586,false
7142,1.348858686834842e8,1.7717449019305512e7,6,0.14167404174804688,false
7143,1.348859480977855e8,2.5369999043000653e7,7,0.15549206733703613,false
7144,1.3488605924204674e8,2.720626833962956e7,5,0.12497997283935547,false
7145,1.3488613022997853e8,9.899632879999995e6,2,0.0717020034790039,false
7146,1.3488616345687774e8,2.6136111629963136e8,42,0.9315729141235352,false
7147,1.348863402375164e8,9.899841356087804e6,2,0.07046294212341309,false
7148,1.348863965267462e8,6.319947750993088e7,16,0.37802720069885254,false
7149,1.3488642338539907e8,1.3776749981052577e7,3,0.09436702728271484,false
7150,1.3488650018339413e8,7.651274792377499e7,19,0.4306328296661377,false
7151,1.3488654089461318e8,8.546665159122494e7,19,0.44507908821105957,false
7152,1.3488656539731863e8,2.2934806440452546e7,6,0.1616220474243164,false
7153,1.348866560525239e8,5.7066380731331095e7,13,0.30261802673339844,false
7154,1.3488666608911157e8,4.8825254162897095e7,15,0.29737091064453125,false
7155,1.348867866871475e8,3.9381773474805936e7,13,0.27290892601013184,false
7156,1.34886889289051e8,2.8847749286864802e7,9,0.20261406898498535,false
7157,1.3488700618453372e8,1.1569612423725924e8,18,0.40751099586486816,false
7158,1.348870061845337e8,3.385118169999987e6,1,0.045089006423950195,false
7159,1.3488703399246585e8,7.205638503315319e7,15,0.36724400520324707,false
7160,1.3488705639982215e8,6.73746043737334e6,2,0.07120800018310547,false
7161,1.3488707026835635e8,1.5601926020093232e7,5,0.13251399993896484,false
7162,1.348871563493815e8,1.3683446208119988e7,4,0.11124897003173828,false
7163,1.348871613397587e8,3.794501522289145e7,7,0.2020280361175537,false
7164,1.3488717285627073e8,1.0031355768755667e8,16,0.3373880386352539,false
7165,1.3488724323506075e8,9.453547716715217e7,23,0.514603853225708,false
7166,1.3488738399713615e8,1.1519333534198076e7,3,0.0976400375366211,false
7167,1.3488743892969906e8,6.2234156513495415e7,17,0.40489792823791504,false
7168,1.3488752817262778e8,6.737168533749491e6,2,0.06994104385375977,false
7169,1.348875323127343e8,3.5897768243936956e7,10,0.23949217796325684,false
7170,1.3488763395837876e8,3.3685836100000143e6,1,0.0448758602142334,false
7171,1.34887634104134e8,1.5674129829320148e7,5,0.12408709526062012,false
7172,1.3488765044911534e8,1.3352667200818986e7,4,0.12426185607910156,false
7173,1.3488765044911534e8,3.3685836100000143e6,1,0.04957699775695801,false
7174,1.3488769471707e8,1.3815238130121022e7,4,0.13076114654541016,false
7175,1.348877422452448e8,5.398029004532899e7,12,0.23049402236938477,false
7176,1.3488774224524483e8,4.572116599999994e6,1,0.04526400566101074,false
7177,1.3488789955993196e8,1.900709852339548e7,4,0.12734699249267578,false
7178,1.3488796095048615e8,4.02897636294713e7,11,0.24202585220336914,false
7179,1.3488839153189245e8,2.1331186070031986e7,5,0.13094806671142578,false
7180,1.348884150882513e8,1.82137061441952e7,5,0.14441990852355957,false
7181,1.3488843454760036e8,7.621531174997956e6,2,0.07340097427368164,false
7182,1.3488853362729818e8,2.1046276467274696e7,5,0.13964414596557617,false
7183,1.3488853362729818e8,3.385118169999987e6,1,0.04495692253112793,false
7184,1.3488853362729818e8,3.3685836100000143e6,1,0.04330706596374512,false
7185,1.348886870729378e8,3.4268971172530144e7,9,0.21570301055908203,false
7186,1.3488874868653965e8,1.0095187845331368e8,24,0.5219838619232178,false
7187,1.3488888425038192e8,1.0863426140069702e8,21,0.5023510456085205,false
7188,1.348890095840114e8,1.0169025903815895e7,3,0.10032010078430176,false
7189,1.3488903155323654e8,1.1508718580345318e7,3,0.09973907470703125,false
7190,1.348890652431969e8,8.439532648896843e7,18,0.4366297721862793,false
7191,1.3488906574438742e8,6.770691581124425e6,2,0.07395505905151367,false
7192,1.3488909722174108e8,1.5329000131695375e7,4,0.11593413352966309,false
7193,1.3488911282225373e8,3.385118169999987e6,1,0.04655194282531738,false
7194,1.3488911282225373e8,8.386040585255504e6,2,0.0704960823059082,false
7195,1.3488929932865953e8,3.4074957387761e7,7,0.18698883056640625,false
7196,1.3488932788422817e8,3.3685836100000143e6,1,0.04411816596984863,false
7197,1.348895303320758e8,8.463504750425543e7,18,0.39969897270202637,false
7198,1.3488962522167543e8,9.698032467423972e7,19,0.4654090404510498,false
7199,1.3488975842848447e8,1.1143086094805878e8,15,0.3550398349761963,false
7200,1.3488981574755162e8,4.087935118964061e7,11,0.2558870315551758,false
7201,1.3488988013239852e8,1.566778860315673e7,4,0.11803603172302246,false
7202,1.348899976413437e8,3.3586361142424464e7,7,0.171159029006958,false
7203,1.3489002987546176e8,1.0148718478276196e8,25,0.5198988914489746,false
7204,1.3489003687642622e8,1.9382063882169485e7,6,0.15134406089782715,false
7205,1.348900376243648e8,6.7535755190626085e6,2,0.07277202606201172,false
7206,1.3489010467474595e8,4.0749577840020254e7,9,0.188446044921875,false
7207,1.3489015079342705e8,7.239166937378788e7,13,0.2658979892730713,false
7208,1.348901744833278e8,8.073204411095533e7,13,0.2897648811340332,false
7209,1.348901744833278e8,3.5162721705476344e6,1,0.04527401924133301,false
7210,1.3489018669318092e8,1.6594413800108537e8,32,0.7577710151672363,false
7211,1.348902181343051e8,3.6430433844563484e7,12,0.24600791931152344,false
7212,1.3489022206580028e8,2.261831956724122e7,6,0.16126513481140137,false
7213,1.3489043312791985e8,2.2022403941276282e7,6,0.16320395469665527,false
7214,1.3489043415783662e8,3.778568031747973e7,9,0.22253108024597168,false
7215,1.34890523184381e8,6.923195706550437e7,15,0.3411400318145752,false
7216,1.3489055227632225e8,1.7298243669122323e7,6,0.15066099166870117,false
7217,1.3489057758628997e8,6.401559755442874e7,20,0.44605398178100586,false
7218,1.348906470786576e8,6.73734551318498e6,2,0.07269787788391113,false
7219,1.348906541324541e8,3.0823365260891095e7,9,0.21828794479370117,false
7220,1.3489076183112106e8,4.896012874635339e7,10,0.21299004554748535,false
7221,1.3489080872474733e8,1.6123263420456704e8,28,0.5719470977783203,false
7222,1.3489084849595523e8,2.3700014237564296e7,5,0.13416504859924316,false
7223,1.348908678643398e8,4.158836087368797e7,9,0.22884297370910645,false
7224,1.3489087482799572e8,6.5682275185096696e7,20,0.44013190269470215,false
7225,1.348910063842456e8,7.152172300000012e6,2,0.07267498970031738,false
7226,1.348910108338317e8,2.827020893239802e7,8,0.21078896522521973,false
7227,1.3489101083383173e8,4.572116599999994e6,1,0.04576897621154785,false
7228,1.3489108551858276e8,1.0875361175029327e8,22,0.5086500644683838,false
7229,1.3489125782269815e8,4.580555354704943e7,11,0.2514519691467285,false
7230,1.3489125782269815e8,6.737264439766109e6,2,0.07111907005310059,false
7231,1.34891363254672e8,3.2168470634279147e7,11,0.22444391250610352,false
7232,1.3489137853211883e8,1.0271501521794528e7,3,0.09905409812927246,false
7233,1.348914757690028e8,6.831840211718848e7,12,0.2846989631652832,false
7234,1.3489157839427808e8,1.70761313244481e8,33,0.7821700572967529,false
7235,1.3489158265518782e8,1.7718063016976774e7,5,0.17116689682006836,false
7236,1.348915961928606e8,4.6551514615409434e7,15,0.3215630054473877,false
7237,1.3489161191089746e8,2.1948599346781254e7,5,0.13306117057800293,false
7238,1.3489163713940457e8,9.730598765269552e7,17,0.37908101081848145,false
7239,1.3489163713940477e8,6.770691581124425e6,2,0.07308387756347656,false
7240,1.3489164793803325e8,2.9435575588107288e7,9,0.22036290168762207,false
7241,1.3489166070892867e8,2.9660843832031596e8,51,1.1220030784606934,false
7242,1.3489166179281533e8,3.038109178584744e7,7,0.16641902923583984,false
7243,1.3489166184579986e8,1.324320709757644e7,4,0.11746692657470703,false
7244,1.3489169225213274e8,7.430085946830079e7,26,0.49808216094970703,false
7245,1.3489174591516227e8,1.6734486984451994e7,5,0.12337803840637207,false
7246,1.3489186517154473e8,5.068095141180815e7,13,0.2606639862060547,false
7247,1.3489190049000612e8,8.878290413336511e7,23,0.4970088005065918,false
7248,1.3489193858706814e8,1.0460404251354271e8,23,0.5076560974121094,false
7249,1.348919573394044e8,1.5838136525848866e7,5,0.13067293167114258,false
7250,1.348919834823549e8,1.1628770555152208e7,3,0.09820318222045898,false
7251,1.3489205540190238e8,1.3620389497793257e7,4,0.11779999732971191,false
7252,1.3489207420753127e8,3.1170442370728254e7,8,0.2098839282989502,false
7253,1.3489210587571755e8,1.4832369502884954e7,5,0.1281590461730957,false
7254,1.3489221467838106e8,7.670664572119665e7,17,0.37053394317626953,false
7255,1.3489245328998163e8,2.0060791674844146e7,4,0.13141298294067383,false
7256,1.3489247491641322e8,3.385118169999987e6,1,0.04510998725891113,false
7257,1.3489247491641322e8,3.385118169999987e6,1,0.04519295692443848,false
7258,1.348924809804499e8,2.1231871548535705e7,6,0.16584396362304688,false
7259,1.3489248098045015e8,3.3685836099999994e6,1,0.042646169662475586,false
7260,1.348925720622734e8,4.28492520826267e7,13,0.319260835647583,false
7261,1.3489264721293023e8,2.8327672253761068e7,10,0.19365906715393066,false
7262,1.3489287328457427e8,4.574896962030673e7,8,0.2315521240234375,false
7263,1.3489288561488882e8,1.8437732674073687e8,36,0.7926299571990967,false
7264,1.3489301431887382e8,1.9410177937731862e7,4,0.13616394996643066,false
7265,1.3489301910023198e8,1.8645350572931185e8,41,0.9464669227600098,false
7266,1.3489301910023195e8,3.385118169999987e6,1,0.046829938888549805,false
7267,1.3489309079420272e8,1.1854607448269606e7,3,0.096588134765625,false
7268,1.348931245064129e8,2.6386641035390034e7,8,0.19956088066101074,false
7269,1.348931245064129e8,6.63366464209637e6,2,0.0743720531463623,false
7270,1.3489320758997145e8,6.754169159755498e6,2,0.07032895088195801,false
7271,1.3489320758997145e8,3.3685836100000143e6,1,0.045400142669677734,false
7272,1.3489320758997142e8,6.754169159755498e6,2,0.06853699684143066,false
7273,1.3489334278998244e8,2.5362314654058754e7,5,0.14499497413635254,false
7274,1.3489341766394296e8,2.2286011126401305e7,5,0.15047192573547363,false
7275,1.3489348135347873e8,1.2511531609635323e7,3,0.09579205513000488,false
7276,1.3489348298951238e8,3.385118169999987e6,1,0.04626893997192383,false
7277,1.348936242143387e8,1.0221248052855271e8,21,0.47704100608825684,false
7278,1.3489363490112418e8,2.312499577229555e7,6,0.14824509620666504,false
7279,1.348939251875858e8,2.8406320348713994e7,6,0.15169501304626465,false
7280,1.348944443545862e8,7.592764025254667e6,2,0.07362484931945801,false
7281,1.3489460275563756e8,1.5757246292647421e7,4,0.12657618522644043,false
7282,1.3489473615742102e8,5.8793319401115626e7,12,0.2951798439025879,false
7283,1.348949364148733e8,1.7957260721405655e7,4,0.12726807594299316,false
7284,1.348949364148733e8,7.856060370000005e6,2,0.07165408134460449,false
7285,1.3489496419621125e8,2.8164265083762765e7,8,0.20247292518615723,false
7286,1.3489504789141846e8,4.604780558314255e7,8,0.21221208572387695,false
7287,1.34895108724658e8,6.146042027327928e7,11,0.26230692863464355,false
7288,1.348951668726978e8,2.3478828785316795e7,7,0.18823003768920898,false
7289,1.348951828654542e8,3.0501764389805645e7,9,0.21215200424194336,false
7290,1.3489525154138026e8,2.1795150476205632e7,6,0.16118383407592773,false
7291,1.3489527971795347e8,2.648929557857524e7,8,0.17151904106140137,false
7292,1.348952797179535e8,3.385118169999987e6,1,0.0444180965423584,false
7293,1.3489527971795347e8,3.3685836100000143e6,1,0.04383206367492676,false
7294,1.348952982494154e8,4.6297501174014196e7,11,0.23530793190002441,false
7295,1.3489534612119886e8,6.737345558314413e6,2,0.07044291496276855,false
7296,1.3489537510358682e8,7.957129229999989e6,2,0.0712130069732666,false
7297,1.3489537510358682e8,4.572116599999994e6,1,0.046105146408081055,false
7298,1.348953751035868e8,3.3685836100000143e6,1,0.0427398681640625,false
7299,1.3489540392767647e8,7.982887455739707e6,2,0.07156896591186523,false
7300,1.348954361675954e8,1.0106144779789478e7,3,0.09372615814208984,false
7301,1.3489550797103888e8,3.1738364102359533e7,10,0.21422886848449707,false
7302,1.348956213501933e8,3.2851087316555e8,54,1.207374095916748,false
7303,1.348957431169573e8,8.755886148100129e7,18,0.40198183059692383,false
7304,1.3489576117539474e8,7.161410004669413e7,15,0.3357090950012207,false
7305,1.3489592113840145e8,3.27897596291762e7,6,0.17522907257080078,false
7306,1.3489596306152394e8,5.421262692515625e7,11,0.24904894828796387,false
7307,1.3489611772732523e8,1.1762185718599716e8,23,0.48572587966918945,false
7308,1.3489611772733352e8,3.3685836099999994e6,1,0.04640507698059082,false
7309,1.348961481566132e8,9.346874119477525e6,3,0.09575605392456055,false
7310,1.348961585772798e8,9.875873320309475e6,3,0.09390091896057129,false
7311,1.348961781174482e8,9.379503934002325e6,3,0.08984017372131348,false
7312,1.348961861382738e8,5.449350280681041e7,17,0.37072277069091797,false
7313,1.348961861382738e8,3.3685836100000143e6,1,0.0450131893157959,false
7314,1.348961861382738e8,4.572116599999994e6,1,0.04552292823791504,false
7315,1.348961995479406e8,7.361101257656431e7,17,0.40324902534484863,false
7316,1.348962111588979e8,1.4308897079824135e7,5,0.1343860626220703,false
7317,1.348962215420344e8,3.33829957703837e7,11,0.22347784042358398,false
7318,1.3489639869229072e8,2.376894439262655e8,42,0.9334080219268799,false
7319,1.348965421923907e8,3.8238846850546926e7,8,0.19654107093811035,false
7320,1.3489660420251328e8,4.3104519047343165e7,9,0.24088501930236816,false
7321,1.3489676216816467e8,1.4610877840389445e7,5,0.13131403923034668,false
7322,1.3489676896787828e8,4.867781316889773e7,13,0.2847409248352051,false
7323,1.3489677232089293e8,1.212101145255116e8,17,0.41957902908325195,false
7324,1.3489685607867348e8,9.144127659999996e6,2,0.0750119686126709,false
7325,1.3489696815192074e8,2.300600464034182e7,5,0.14760899543762207,false
7326,1.34896987810346e8,1.6166008724197268e7,4,0.11837601661682129,false
7327,1.3489704357205778e8,1.362189707409224e7,4,0.1253659725189209,false
7328,1.3489704952187368e8,4.513640279308988e7,10,0.2492210865020752,false
7329,1.3489731866861e8,1.4817489869206727e7,3,0.10332202911376953,false
7330,1.348973699598441e8,6.75359624000001e6,2,0.07388186454772949,false
7331,1.3489738201098707e8,2.7957466856601924e7,9,0.20977091789245605,false
7332,1.348973822494078e8,4.086834836779386e7,13,0.2820291519165039,false
7333,1.3489743845232186e8,2.0200055494728774e7,6,0.1578989028930664,false
7334,1.3489751812495133e8,1.078617207384361e8,20,0.504054069519043,false
7335,1.348975630872143e8,1.0123094151764661e7,3,0.09873294830322266,false
7336,1.3489762931648636e8,1.8166122265203488e8,37,0.8498721122741699,false
7337,1.3489766540757942e8,7.152091960000008e6,2,0.07619690895080566,false
7338,1.348977040602366e8,2.204440366422327e7,5,0.141434907913208,false
7339,1.3489770650171417e8,9.899632879999995e6,2,0.07629919052124023,false
7340,1.348978207245768e8,1.8932569315079033e7,4,0.12524890899658203,false
7341,1.3489792930978113e8,6.057793760831384e7,15,0.35115504264831543,false
7342,1.34897955736634e8,2.463925350393124e7,6,0.1703178882598877,false
7343,1.348979625927982e8,6.737168533749491e6,2,0.07389712333679199,false
7344,1.3489797720411938e8,1.4102919771242946e7,4,0.11989092826843262,false
7345,1.3489798234617844e8,3.3685836100000143e6,1,0.046064138412475586,false
7346,1.3489802257715577e8,1.5449683439058721e7,4,0.12325692176818848,false
7347,1.348980310097985e8,2.317679766087538e7,7,0.19031095504760742,false
7348,1.348981907592069e8,2.8326717430172324e7,7,0.1899580955505371,false
7349,1.3489821405077973e8,2.7015590151862437e8,42,0.9798049926757812,false
7350,1.348982907013213e8,5.325560664459999e7,12,0.2904658317565918,false
7351,1.3489841177205268e8,2.8179540363318026e7,5,0.13866305351257324,false
7352,1.348984235968643e8,6.022550465072018e7,14,0.35699009895324707,false
7353,1.3489858032969862e8,1.0645666506119221e7,3,0.09672188758850098,false
7354,1.3489888183589187e8,2.9804688507706136e7,5,0.13538503646850586,false
7355,1.348988901749284e8,9.998149833537295e6,3,0.09341692924499512,false
7356,1.3489897018889502e8,5.9691212244835466e7,10,0.23073506355285645,false
7357,1.348989729956924e8,2.8859133572871998e7,9,0.2206261157989502,false
7358,1.3489901751159477e8,2.2353744387308985e7,7,0.17756199836730957,false
7359,1.348990462562058e8,1.3386870044298723e7,4,0.1199648380279541,false
7360,1.34899049771295e8,6.737311389139667e6,2,0.07649111747741699,false
7361,1.3489905651570922e8,1.1480223925680804e8,22,0.526953935623169,false
7362,1.3489912675871405e8,6.967563477908161e7,18,0.41370391845703125,false
7363,1.3489915426511517e8,3.3685836100000143e6,1,0.04512906074523926,false
7364,1.3489922012155566e8,7.982887455739707e6,2,0.07219815254211426,false
7365,1.3489941671301895e8,8.909845468222868e7,16,0.4119439125061035,false
7366,1.3489975726666382e8,6.630704110583204e7,17,0.36249709129333496,false
7367,1.3489987334349516e8,2.3659836076935023e7,6,0.16804099082946777,false
7368,1.348999486326816e8,1.006425118572559e8,20,0.5100979804992676,false
7369,1.3490003352885157e8,1.6082727509207606e7,4,0.12217998504638672,false
7370,1.349000406050239e8,4.813560899696845e7,10,0.26394200325012207,false
7371,1.349000472862149e8,2.4781520916432068e7,7,0.18332290649414062,false
7372,1.349001203389629e8,2.6154469475777566e7,6,0.16795802116394043,false
7373,1.3490049504026285e8,1.5370039094129711e7,3,0.09519696235656738,false
7374,1.3490062816285983e8,2.286835274715823e7,6,0.1728501319885254,false
7375,1.3490063541206738e8,3.2059193742608815e7,7,0.19008898735046387,false
7376,1.349006466781132e8,1.0026023029802725e7,3,0.10040092468261719,false
7377,1.3490071358832115e8,3.9216768263026625e7,7,0.2042689323425293,false
7378,1.3490073915838063e8,7.861185253787346e7,16,0.4065210819244385,false
7379,1.3490077804021335e8,6.007994770405491e7,15,0.34599804878234863,false
7380,1.3490082932564753e8,3.3685628890626132e6,1,0.04489302635192871,false
7381,1.349011382609275e8,3.1083364928580105e7,7,0.20073986053466797,false
7382,1.3490135117275032e8,7.67436474492791e7,14,0.31192803382873535,false
7383,1.3490135117275032e8,3.3685628890626132e6,1,0.04498004913330078,false
7384,1.3490139660049838e8,2.0975520595392287e7,6,0.16749787330627441,false
7385,1.3490148805053788e8,3.13932163881903e7,8,0.21706104278564453,false
7386,1.3490170427554733e8,2.956741670740658e7,9,0.2099621295928955,false
7387,1.3490170427554736e8,4.572116599999994e6,1,0.0487208366394043,false
7388,1.3490170495473632e8,7.992883549642026e6,2,0.07505917549133301,false
7389,1.3490170898965898e8,1.2353859502785578e7,4,0.11930990219116211,false
7390,1.3490182590759167e8,1.2552184090083039e8,20,0.4346768856048584,false
7391,1.3490245520947576e8,5.473746966347411e7,9,0.21673011779785156,false
7392,1.349024685431063e8,9.368239992711899e7,19,0.4653010368347168,false
7393,1.3490246854310608e8,3.385118169999987e6,1,0.04596304893493652,false
7394,1.3490263569919604e8,3.770941092236188e7,8,0.22424888610839844,false
7395,1.349029834637187e8,3.472495788651857e7,8,0.23395395278930664,false
7396,1.349030528453612e8,5.567199885840504e7,13,0.31548213958740234,false
7397,1.3490311969318306e8,6.754169159755498e6,2,0.07172703742980957,false
7398,1.3490324808180296e8,5.455423149170156e7,14,0.3428468704223633,false
7399,1.3490325274590072e8,2.738511786069821e7,8,0.20572495460510254,false
7400,1.349034524700201e8,2.0627889704641274e8,26,0.5961160659790039,false
7401,1.3490354426973e8,2.1364602876758084e7,6,0.16711807250976562,false
7402,1.3490355087826937e8,2.8919704880331516e7,7,0.19862604141235352,false
7403,1.3490358076686126e8,2.4773404183939308e7,6,0.1747570037841797,false
7404,1.3490360605253977e8,5.422441926708925e7,12,0.3142259120941162,false
7405,1.3490362928946203e8,3.3685836099999994e6,1,0.044731855392456055,false
7406,1.3490362965042764e8,1.3492233491558075e7,4,0.12470102310180664,false
7407,1.3490383495203173e8,1.4910197210968226e7,3,0.09934711456298828,false
7408,1.349039670019178e8,2.9347978492144227e7,6,0.16710805892944336,false
7409,1.3490416709138846e8,9.615828136006573e7,14,0.34533190727233887,false
7410,1.349041782550775e8,4.502561271966836e7,9,0.2449641227722168,false
7411,1.34904194769345e8,1.796372603449656e7,6,0.15647292137145996,false
7412,1.349044046105921e8,2.2216782790785253e7,4,0.1371469497680664,false
7413,1.3490444557573402e8,1.4900202821402669e7,4,0.12540006637573242,false
7414,1.3490445975845173e8,3.1609647810000286e7,8,0.2152879238128662,false
7415,1.3490450294991708e8,9.819352099368559e7,20,0.4667699337005615,false
7416,1.3490450828384063e8,1.802004835283336e7,4,0.13109517097473145,false
7417,1.3490459903447694e8,1.3511778562366813e7,4,0.12042689323425293,false
7418,1.349047538004403e8,4.8231633244225025e7,8,0.19054412841796875,false
7419,1.3490481777710807e8,6.738298435653225e6,2,0.07390284538269043,false
7420,1.3490482064429042e8,1.5136424230672538e7,3,0.10073399543762207,false
7421,1.349049045267417e8,3.929321900475888e7,11,0.23827910423278809,false
7422,1.3490493136980668e8,1.0016960148756966e7,3,0.09651398658752441,false
7423,1.349049596734807e8,2.6790126712886006e7,7,0.2026510238647461,false
7424,1.349049694181637e8,2.0206258562861922e8,54,1.1940808296203613,false
7425,1.3490500035663515e8,4.5787580670828834e7,12,0.29821014404296875,false
7426,1.3490500430100125e8,1.3496130275252253e7,4,0.12581896781921387,false
7427,1.3490504169545594e8,9.024128104123545e7,23,0.523468017578125,false
7428,1.349050417689661e8,3.3685836099999994e6,1,0.04728889465332031,false
7429,1.3490504527858436e8,3.1995696993019044e7,7,0.19649600982666016,false
7430,1.34905045297686e8,6.944986919297814e6,2,0.07425308227539062,false
7431,1.3490505534259906e8,1.81953777324239e7,5,0.1430521011352539,false
7432,1.349051201853855e8,1.3618947118559211e7,4,0.12726092338562012,false
7433,1.349053568245925e8,1.9763457387886256e7,4,0.12686491012573242,false
7434,1.3490538298071498e8,6.009536453936775e7,14,0.34774208068847656,false
7435,1.3490545195221862e8,3.794863505726549e7,10,0.23325300216674805,false
7436,1.3490548792704016e8,4.0619631480268285e7,13,0.27498507499694824,false
7437,1.349056665168241e8,2.3142020206080392e7,6,0.1545248031616211,false
7438,1.3490566651682413e8,3.5162721705476344e6,1,0.047071218490600586,false
7439,1.3490603212871695e8,3.770477388209677e7,8,0.19193196296691895,false
7440,1.349060833590557e8,5.167702046246667e7,10,0.22750282287597656,false
7441,1.3490644130656862e8,2.4757628580556393e7,6,0.1782691478729248,false
7442,1.349064764450593e8,2.24519199241143e7,5,0.13677287101745605,false
7443,1.3490647644505927e8,3.385118169999987e6,1,0.049842119216918945,false
7444,1.3490681258586043e8,1.31180612357077e7,3,0.09537887573242188,false
7445,1.3490682683344886e8,4.403046309711254e7,13,0.29287099838256836,false
7446,1.3490687352573016e8,2.009937040586716e7,5,0.13768315315246582,false
7447,1.349068741314423e8,1.0779662227397826e8,21,0.5404949188232422,false
7448,1.3490688118226784e8,2.7055885185563564e7,7,0.18856000900268555,false
7449,1.3490697023460597e8,2.081244430159247e7,6,0.1727449893951416,false
7450,1.3490700601985556e8,2.8712935704005316e7,6,0.17808103561401367,false
7451,1.3490707111386523e8,1.2616699306704432e7,3,0.10132503509521484,false
7452,1.3490717204812378e8,2.6842023850503254e8,58,1.2958519458770752,false
7453,1.3490717524445406e8,5.5722260593274415e7,15,0.36388301849365234,false
7454,1.349072096620677e8,2.9697207129893363e7,9,0.21776604652404785,false
7455,1.3490726485251808e8,1.632413251547718e7,4,0.12887096405029297,false
7456,1.3490759739033413e8,5.043614715803701e7,9,0.2422339916229248,false
7457,1.3490762467696124e8,1.3508643291010201e7,4,0.12954497337341309,false
7458,1.349076628490024e8,1.972529410971631e7,6,0.17058396339416504,false
7459,1.3490770403738683e8,1.3479338806440112e8,25,0.6180160045623779,false
7460,1.3490803836562297e8,1.1042373366016474e8,21,0.5258381366729736,false
7461,1.3490804203328487e8,1.871100829470721e7,6,0.1684110164642334,false
7462,1.349081597480865e8,2.3133995702902758e8,41,1.039287805557251,false
7463,1.3490815974808654e8,8.133975765237987e6,2,0.07221412658691406,false
7464,1.349082143236365e8,1.4042153006689972e8,25,0.6126120090484619,false
7465,1.3490821906094202e8,4.780764084315854e7,9,0.2559058666229248,false
7466,1.349082667357135e8,1.0962612800155133e7,3,0.09994697570800781,false
7467,1.3490840473029727e8,1.0746881904272154e8,20,0.4544181823730469,false
7468,1.3490845076971722e8,3.948055952110347e7,10,0.24172186851501465,false
7469,1.3490866459364617e8,6.1626063270056784e7,12,0.2758951187133789,false
7470,1.3490866931388384e8,1.6494390703656584e7,4,0.12884092330932617,false
7471,1.3490869169643062e8,6.3154671032542765e7,13,0.3124220371246338,false
7472,1.3490876228754297e8,2.673319499422902e7,9,0.20876193046569824,false
7473,1.349088171267519e8,2.9938102239125192e7,6,0.15960001945495605,false
7474,1.349088171267519e8,3.385118169999987e6,1,0.04854702949523926,false
7475,1.349088683447984e8,6.846157001608038e7,11,0.28353095054626465,false
7476,1.349089433373372e8,1.4476631172747537e7,4,0.1192021369934082,false
7477,1.3490895198667806e8,9.314302267408758e6,3,0.09404397010803223,false
7478,1.349089539696717e8,6.737168533749491e6,2,0.07387089729309082,false
7479,1.349090384580439e8,1.65958399031367e7,4,0.12647700309753418,false
7480,1.3490910256839782e8,1.8892136838067472e7,4,0.12473511695861816,false
7481,1.3490910887801602e8,1.8597768292666495e7,6,0.16611886024475098,false
7482,1.349092550679562e8,7.872781303428054e6,2,0.07441115379333496,false
7483,1.3490931799976486e8,1.2717300146030366e7,3,0.0982358455657959,false
7484,1.3490931867932245e8,6.960585736491588e7,13,0.3408989906311035,false
7485,1.349093902043021e8,3.2313050283942074e7,6,0.16958117485046387,false
7486,1.3490940618896222e8,5.417923532522482e7,13,0.3209409713745117,false
7487,1.3490943512229457e8,9.620123328005174e7,25,0.5806868076324463,false
7488,1.349094732468267e8,3.957979936610338e7,12,0.2627880573272705,false
7489,1.349094732468267e8,3.385118169999987e6,1,0.04711294174194336,false
7490,1.3490987341516027e8,1.0117440209155038e7,3,0.09726715087890625,false
7491,1.3490987582149515e8,2.4035790103702337e8,43,0.9822099208831787,false
7492,1.34909880743768e8,9.144243498662502e6,2,0.07814812660217285,false
7493,1.3490997433867913e8,2.3242741810401678e7,7,0.18436002731323242,false
7494,1.3490997987288433e8,8.919510604042965e7,12,0.30551791191101074,false
7495,1.3491000284202263e8,5.333875136712107e7,14,0.3392219543457031,false
7496,1.3491006535591516e8,2.2983090311009213e7,7,0.1785879135131836,false
7497,1.3491011071193698e8,3.961887579367469e7,11,0.26465702056884766,false
7498,1.349102174666726e8,1.0521292812671736e7,3,0.09588909149169922,false
7499,1.3491024278681478e8,4.992786923319647e7,13,0.3130960464477539,false
7500,1.3491030392370638e8,1.1594338525652346e8,19,0.4259378910064697,false
7501,1.3491037814155802e8,2.3301659585584074e7,4,0.12946009635925293,false
7502,1.3491041182158312e8,8.516852395608723e6,2,0.07565784454345703,false
7503,1.3491044593279713e8,1.0159794479212433e7,3,0.10238218307495117,false
7504,1.3491047367206925e8,1.7995723901499927e7,5,0.14674091339111328,false
7505,1.3491049128853095e8,1.785927374377509e8,31,0.745574951171875,false
7506,1.3491051216192752e8,3.3685836099999994e6,1,0.045593976974487305,false
7507,1.349105564434432e8,1.0025259489058e8,17,0.3766460418701172,false
7508,1.3491063604500064e8,2.8632642495613262e7,8,0.18744802474975586,false
7509,1.3491063788156712e8,1.4054340038812086e7,4,0.11783409118652344,false
7510,1.3491076217159468e8,7.395419023907551e7,13,0.32384300231933594,false
7511,1.349107823447494e8,5.2694316306088954e7,9,0.22775483131408691,false
7512,1.3491090119125178e8,4.281066139778361e7,7,0.18517303466796875,false
7513,1.3491090218454105e8,6.628732730000004e6,2,0.07518196105957031,false
7514,1.349109233110656e8,1.4461188593912646e7,5,0.13502717018127441,false
7515,1.3491100879415733e8,3.328601900123696e7,8,0.2153940200805664,false
7516,1.3491150776442856e8,1.9625430599551618e7,4,0.11951994895935059,false
7517,1.3491153547716337e8,7.044752004391614e7,15,0.38753199577331543,false
7518,1.3491178239979443e8,9.114368002496085e7,12,0.2419719696044922,false
7519,1.349118292484967e8,1.5537817486514083e8,30,0.7348430156707764,false
7520,1.3491265141965732e8,2.758071396911964e7,5,0.14685797691345215,false
7521,1.3491265141965735e8,3.385118169999987e6,1,0.04787397384643555,false
7522,1.3491265141965732e8,3.3685628890625983e6,1,0.04789996147155762,false
7523,1.3491272253930438e8,1.1226327306140438e7,3,0.10622215270996094,false
7524,1.349128893739148e8,6.827359366532382e7,13,0.32900190353393555,false
7525,1.349131933711377e8,1.1294931989334205e8,14,0.284243106842041,false
7526,1.349132046180341e8,1.7199902846350595e7,5,0.1441669464111328,false
7527,1.3491341574526963e8,2.269314477089566e7,6,0.16887497901916504,false
7528,1.3491343910503036e8,1.1984781788471445e8,18,0.42494893074035645,false
7529,1.3491355774793705e8,1.137686853207606e7,3,0.09895706176757812,false
7530,1.3491356630702648e8,3.592426952618259e7,9,0.24020600318908691,false
7531,1.3491364702756646e8,5.547848158467221e7,12,0.27829909324645996,false
7532,1.3491378591352332e8,1.0144643508290693e7,3,0.09620189666748047,false
7533,1.3491380414239398e8,7.53547175687104e7,16,0.38927197456359863,false
7534,1.349138190492615e8,9.223960570552418e7,19,0.47185492515563965,false
7535,1.3491391663957605e8,6.471107992109893e7,16,0.339630126953125,false
7536,1.349139325752394e8,2.3733656843740776e7,7,0.19198107719421387,false
7537,1.3491396054185298e8,1.998084005272834e7,6,0.1629948616027832,false
7538,1.3491399768631938e8,9.247659349686295e7,23,0.5005550384521484,false
7539,1.3491411188921633e8,2.726503624748397e7,6,0.15222692489624023,false
7540,1.3491414172462857e8,5.453903609242785e7,14,0.33781909942626953,false
7541,1.349142323316889e8,1.3685001025978982e7,3,0.10059404373168945,false
7542,1.3491425320239004e8,3.1857059478439987e7,10,0.23003888130187988,false
7543,1.3491427067720217e8,1.3106681738904059e7,3,0.10523295402526855,false
7544,1.3491437300132343e8,6.0512206057344854e7,15,0.31922197341918945,false
7545,1.3491448223837736e8,3.781209362054917e7,7,0.19221806526184082,false
7546,1.349145343602025e8,1.0366796006920293e7,3,0.09620213508605957,false
7547,1.3491456861653692e8,8.606048536046374e7,17,0.4240858554840088,false
7548,1.349145830100147e8,1.720772734485933e7,5,0.14566802978515625,false
7549,1.349146144229688e8,3.3685836099999994e6,1,0.04707598686218262,false
7550,1.3491461442309806e8,3.3685836099999994e6,1,0.046729087829589844,false
7551,1.349147003236581e8,5.965787412737721e7,13,0.3161430358886719,false
7552,1.349147003236581e8,4.572116599999994e6,1,0.04763984680175781,false
7553,1.3491471361400172e8,4.475362884671584e7,9,0.20167803764343262,false
7554,1.349147273122392e8,4.9785749507828444e7,12,0.28652405738830566,false
7555,1.349147660995908e8,8.068316955739707e6,2,0.0731649398803711,false
7556,1.3491490132750535e8,2.4270687620754838e7,6,0.17422914505004883,false
7557,1.349149873279172e8,1.7864101421141967e7,5,0.13642096519470215,false
7558,1.3491520592330843e8,5.665302437411997e7,9,0.2321329116821289,false
7559,1.3491521584495038e8,8.710999013205023e7,18,0.4332430362701416,false
7560,1.349152351586204e8,1.0258578767945826e7,3,0.09810400009155273,false
7561,1.349152725649297e8,7.070869534846842e7,16,0.4064769744873047,false
7562,1.349153948958497e8,1.252025394359824e7,3,0.09838509559631348,false
7563,1.3491566873717782e8,2.2752414951691717e7,5,0.1584169864654541,false
7564,1.3491571742717826e8,2.2585953354400724e7,8,0.20096588134765625,false
7565,1.3491577304938686e8,1.6634402030252099e7,5,0.1448371410369873,false
7566,1.3491582414675564e8,1.0139327531692505e7,3,0.09882497787475586,false
7567,1.3491585279401553e8,6.314654030179998e7,12,0.3092188835144043,false
7568,1.3491591952882183e8,6.77031803691563e6,2,0.07657599449157715,false
7569,1.3491592541949177e8,6.0481509163312525e7,15,0.3555641174316406,false
7570,1.3491592541949174e8,3.3685836100000143e6,1,0.04670882225036621,false
7571,1.3491593176888424e8,6.737061680000007e6,2,0.07531309127807617,false
7572,1.3491597715030897e8,4.5492443803544134e7,11,0.25227999687194824,false
7573,1.3491602271453953e8,1.1107617895237982e7,3,0.09516096115112305,false
7574,1.349162709755889e8,5.2623432126246095e7,9,0.24156808853149414,false
7575,1.3491629605595842e8,1.4179369078570232e7,4,0.12630486488342285,false
7576,1.3491648653831944e8,1.0522721625003555e8,18,0.4037771224975586,false
7577,1.349165127514529e8,9.116700735825643e7,16,0.3960530757904053,false
7578,1.349165127514529e8,3.3685628890626132e6,1,0.04640698432922363,false
7579,1.349165162913577e8,7.07921191000971e7,13,0.30893802642822266,false
7580,1.3491663595627093e8,3.5162721705476344e6,1,0.04712986946105957,false
7581,1.3491675978847674e8,2.9814663523094267e7,10,0.20829391479492188,false
7582,1.3491677573872647e8,2.1446939232902035e7,6,0.1659250259399414,false
7583,1.3491679532090548e8,7.533063970077562e7,16,0.3656270503997803,false
7584,1.3491681871776655e8,4.411805746298531e7,11,0.27672696113586426,false
7585,1.3491683360302484e8,3.1270515978710175e7,7,0.19719314575195312,false
7586,1.3491694623541096e8,3.443865157310817e7,9,0.20673394203186035,false
7587,1.3491700886699834e8,4.641576386107497e7,10,0.25463008880615234,false
7588,1.349171506155674e8,4.0528745314152226e7,7,0.16948986053466797,false
7589,1.3491715096219006e8,1.0106203778190956e7,3,0.0964040756225586,false
7590,1.3491722605947298e8,1.424811648999998e7,3,0.1050100326538086,false
7591,1.3491722605947298e8,3.385118169999987e6,1,0.04757881164550781,false
7592,1.3491725734361643e8,8.604320569022705e7,23,0.5126991271972656,false
7593,1.3491728849423993e8,2.7866474313813806e7,7,0.17648792266845703,false
7594,1.3491735280441177e8,2.426571054813677e7,7,0.19015002250671387,false
7595,1.3491737681650966e8,2.5586969658175454e7,7,0.19429612159729004,false
7596,1.3491740254110035e8,3.011561042794293e7,11,0.21834588050842285,false
7597,1.3491743405984098e8,1.9771395695109814e7,7,0.165693998336792,false
7598,1.3491753174499476e8,1.7290114277376786e7,5,0.13680315017700195,false
7599,1.3491767459368387e8,1.517800736492252e8,26,0.623776912689209,false
7600,1.3491768350669083e8,1.1342142039999992e7,3,0.10107994079589844,false
7601,1.349176835066908e8,7.152544174141198e6,2,0.07212305068969727,false
7602,1.3491772276577723e8,6.738531425710797e6,2,0.07417702674865723,false
7603,1.3491790239174485e8,7.951512801617533e6,2,0.07854604721069336,false
7604,1.34918062628092e8,1.3623477619286126e8,24,0.5252180099487305,false
7605,1.34918168690163e8,8.516852395608723e6,2,0.07417678833007812,false
7606,1.3491816869016296e8,3.385118169999987e6,1,0.04643702507019043,false
7607,1.3491820022343215e8,1.0112839289852858e7,3,0.0981600284576416,false
7608,1.3491841287411025e8,1.752408690611218e8,26,0.5520281791687012,false
7609,1.3491842732921332e8,4.471024195795259e7,10,0.24780678749084473,false
7610,1.3491860093706506e8,8.668463577678648e7,18,0.4517991542816162,false
7611,1.3491860267806733e8,3.3685628890625983e6,1,0.04577493667602539,false
7612,1.349186389981656e8,2.208672483796388e7,5,0.15242910385131836,false
7613,1.349187667311801e8,1.4871936509359375e7,4,0.12451481819152832,false
7614,1.349187667311801e8,3.385118169999987e6,1,0.04603004455566406,false
7615,1.3491877924471617e8,5.798511666933474e7,16,0.3691689968109131,false
7616,1.349188739624571e8,3.897927964055914e7,7,0.20809006690979004,false
7617,1.3491891112103155e8,2.7019715294850662e7,7,0.19970202445983887,false
7618,1.3491891112103152e8,3.3685836100000143e6,1,0.04662799835205078,false
7619,1.3491892382596713e8,7.99453375557304e7,12,0.29781198501586914,false
7620,1.3491901363779384e8,2.6633593508972287e7,7,0.1892249584197998,false
7621,1.349190165780864e8,3.3685836100000143e6,1,0.04568290710449219,false
7622,1.3491901657808647e8,3.3685628890625983e6,1,0.04385209083557129,false
7623,1.3491903751711965e8,1.3941895395575756e8,20,0.46540212631225586,false
7624,1.3491936758514312e8,4.379716084462404e7,9,0.22851991653442383,false
7625,1.3491943016704342e8,1.6839880142068923e7,4,0.1340630054473877,false
7626,1.3491949996891093e8,1.874170041256717e7,5,0.15137386322021484,false
7627,1.34919499968911e8,3.3685836100000143e6,1,0.04557609558105469,false
7628,1.3491963874982625e8,8.386040585255504e6,2,0.07125997543334961,false
7629,1.349196453236353e8,9.953409011556336e7,22,0.49483704566955566,false
7630,1.3491983159784696e8,1.9251927127214953e7,5,0.14641404151916504,false
7631,1.3491983811282656e8,4.5942972278431624e7,12,0.27171897888183594,false
7632,1.3491991138515952e8,1.76298774051165e7,4,0.12838387489318848,false
7633,1.3491994096216732e8,7.131598153245196e7,16,0.3846421241760254,false
7634,1.3491994777300373e8,5.4027113197885945e7,14,0.32076001167297363,false
7635,1.3491998054403016e8,1.0982872246658146e7,3,0.1014249324798584,false
7636,1.3492002603203458e8,4.001595370283589e7,9,0.23585295677185059,false
7637,1.3492006823824802e8,1.3546092207873791e7,4,0.13007307052612305,false
7638,1.3492010593059373e8,6.8558746400000155e6,2,0.07568001747131348,false
7639,1.3492018285790265e8,2.3113841160594404e7,5,0.14742398262023926,false
7640,1.3492026467635944e8,6.7705300243219435e6,2,0.07500910758972168,false
7641,1.3492028616048688e8,6.738531425710797e6,2,0.0753169059753418,false
7642,1.349203537262158e8,2.833448177394873e7,6,0.1678929328918457,false
7643,1.3492041473937598e8,4.2909803221850574e7,7,0.19525909423828125,false
7644,1.3492049955531546e8,1.0032584969477609e7,3,0.10204386711120605,false
7645,1.3492053107616878e8,1.7141239992856473e7,4,0.13040518760681152,false
7646,1.34920607772868e8,1.043676342841134e8,19,0.44266390800476074,false
7647,1.3492062459563997e8,5.5305809876202166e7,12,0.2835719585418701,false
7648,1.3492062665783772e8,1.3923330546143591e7,3,0.10144901275634766,false
7649,1.349206477001801e8,5.137492347191879e7,11,0.2551839351654053,false
7650,1.349206793688985e8,1.017938543518892e7,3,0.10294198989868164,false
7651,1.3492071560492563e8,1.228514832428053e7,4,0.1250441074371338,false
7652,1.349207207855879e8,1.5997095366217285e7,4,0.13187503814697266,false
7653,1.3492072078558788e8,3.385118169999987e6,1,0.047943830490112305,false
7654,1.349207207855879e8,4.572116599999994e6,1,0.04865312576293945,false
7655,1.3492072078558788e8,3.385118169999987e6,1,0.04737210273742676,false
7656,1.349207842119771e8,5.037397267828846e7,9,0.22718477249145508,false
7657,1.349210334942907e8,1.0145590476313323e7,3,0.09833121299743652,false
7658,1.349211558717898e8,1.413321379567175e8,21,0.4953758716583252,false
7659,1.3492115587178987e8,4.572116599999994e6,1,0.04930305480957031,false
7660,1.3492116064936414e8,1.3844106520561337e7,3,0.10363197326660156,false
7661,1.349211948447901e8,1.3365997821694195e7,3,0.09682607650756836,false
7662,1.3492124527643383e8,3.186276549600582e7,9,0.2344648838043213,false
7663,1.3492127747046775e8,1.552647817573151e7,5,0.1380629539489746,false
7664,1.3492127747046775e8,3.5162721705476344e6,1,0.047734975814819336,false
7665,1.349213434902146e8,1.0500194928040421e8,22,0.5006661415100098,false
7666,1.349213650844902e8,8.566131064007112e7,11,0.2407059669494629,false
7667,1.3492141442456138e8,9.888220761034265e6,3,0.0961310863494873,false
7668,1.3492144180127454e8,2.26118393984769e7,6,0.17779803276062012,false
7669,1.3492152013436756e8,9.410732415147203e7,13,0.3239319324493408,false
7670,1.349215201343676e8,3.385118169999987e6,1,0.04838991165161133,false
7671,1.3492168387294576e8,3.398994453913179e7,9,0.214385986328125,false
7672,1.3492171206108794e8,6.561981048315422e7,16,0.3938131332397461,false
7673,1.3492175123433194e8,7.152431279327601e6,2,0.07666397094726562,false
7674,1.349217852881857e8,7.344214281353265e7,15,0.3725578784942627,false
7675,1.3492199269278395e8,1.0587295353140697e8,20,0.4572761058807373,false
7676,1.349220359392103e8,2.8516078848378345e7,8,0.18645596504211426,false
7677,1.3492203836159506e8,5.825006394095385e7,16,0.3759939670562744,false
7678,1.3492217652776703e8,2.3128351340313748e7,5,0.13829493522644043,false
7679,1.349222370651482e8,2.884113166697991e7,7,0.19570612907409668,false
7680,1.3492224127150425e8,9.886652373371793e7,16,0.39840102195739746,false
7681,1.349222724213424e8,1.0330348278814465e7,3,0.09933304786682129,false
7682,1.3492228055682302e8,3.385118169999987e6,1,0.04735684394836426,false
7683,1.3492229744170913e8,2.737676329662633e7,7,0.2020740509033203,false
7684,1.349223102563748e8,5.835196080248435e7,18,0.40122294425964355,false
7685,1.3492244322408798e8,1.5350994666224897e7,3,0.10344195365905762,false
7686,1.3492244322408804e8,3.3685836100000143e6,1,0.047512054443359375,false
7687,1.34922689064413e8,4.6657049037624866e7,9,0.21998214721679688,false
7688,1.349227715228957e8,1.98960590961999e7,5,0.16056585311889648,false
7689,1.349228978812968e8,5.151172029387662e7,10,0.21677803993225098,false
7690,1.3492291371671852e8,4.757791103200981e7,11,0.26110005378723145,false
7691,1.3492295746758217e8,1.9713757198214754e7,7,0.1668870449066162,false
7692,1.3492295746758217e8,3.3685836100000143e6,1,0.04715895652770996,false
7693,1.3492296362275556e8,3.964776617969343e7,7,0.1836099624633789,false
7694,1.3492307071696508e8,7.872594929999977e6,2,0.0816049575805664,false
7695,1.3492315974436682e8,2.1719785838089448e8,31,0.715062141418457,false
7696,1.3492317664849946e8,6.754459418637335e6,2,0.0775449275970459,false
7697,1.34923196782214e8,1.592192731908065e7,5,0.1468498706817627,false
7698,1.3492322216561863e8,8.655794495232621e7,16,0.4051840305328369,false
7699,1.34923235554648e8,1.8295419144024223e7,4,0.1305229663848877,false
7700,1.3492328170618972e8,8.107891188148013e7,11,0.2473011016845703,false
7701,1.3492335799988165e8,6.867541584123701e6,2,0.07371711730957031,false
7702,1.3492337019985747e8,1.075416262151727e7,3,0.09979796409606934,false
7703,1.34923509257625e8,2.097705022490415e7,4,0.13170981407165527,false
7704,1.349235302976617e8,1.0032724949477628e7,3,0.10323715209960938,false
7705,1.3492353437639457e8,2.7918468036267594e7,9,0.20602798461914062,false
7706,1.3492355124706015e8,1.425238526259987e7,4,0.1264040470123291,false
7707,1.3492416938889566e8,6.0804020003822595e7,9,0.2207198143005371,false
7708,1.3492422596024635e8,2.8744153889634356e7,8,0.21269917488098145,false
7709,1.3492426578187853e8,4.1638337134797186e7,8,0.21277284622192383,false
7710,1.3492447185719785e8,3.2637172671964675e7,6,0.16476798057556152,false
7711,1.3492450545575204e8,9.689212099999994e6,2,0.08120012283325195,false
7712,1.349246851493021e8,1.1105736386757359e7,3,0.09654688835144043,false
7713,1.3492471786524662e8,7.406717056175269e7,14,0.31337404251098633,false
7714,1.349247498373113e8,1.159749416280821e8,24,0.5588901042938232,false
7715,1.3492475779495373e8,3.910773652524051e7,10,0.23923397064208984,false
7716,1.349249111830597e8,5.256126945092261e7,15,0.35335707664489746,false
7717,1.3492524165039092e8,7.592904419470459e6,2,0.078643798828125,false
7718,1.3492525952612832e8,1.74197341346021e7,4,0.12591004371643066,false
7719,1.3492555134315822e8,3.385118169999987e6,1,0.04665803909301758,false
7720,1.3492570362648112e8,8.819795637696262e7,18,0.4394650459289551,false
7721,1.3492573582509267e8,6.867488200000018e6,2,0.07566690444946289,false
7722,1.3492574634197113e8,1.990871622950471e8,30,0.7043821811676025,false
7723,1.3492584275068244e8,1.0108815124569598e8,20,0.4565119743347168,false
7724,1.3492594702547058e8,2.2377694804907188e7,6,0.16939401626586914,false
7725,1.349259518947027e8,6.522648228348082e7,16,0.38400983810424805,false
7726,1.3492598899446929e8,6.773752927765131e6,2,0.07916903495788574,false
7727,1.3492601917964536e8,7.591928402667111e7,14,0.36388301849365234,false
7728,1.3492601917964533e8,3.385118169999987e6,1,0.04623103141784668,false
7729,1.349260191796563e8,3.3685836099999994e6,1,0.046386003494262695,false
7730,1.349260387714573e8,1.2478911525817794e8,22,0.5410439968109131,false
7731,1.3492605564686707e8,5.868284804606113e7,14,0.3129730224609375,false
7732,1.349260556468671e8,3.3685628890626132e6,1,0.04649496078491211,false
7733,1.349260842198744e8,6.737231497613668e6,2,0.07611894607543945,false
7734,1.3492610540899345e8,5.209448006847918e7,9,0.23997998237609863,false
7735,1.3492610793262044e8,1.3270802941817762e8,32,0.7202329635620117,false
7736,1.3492611750032035e8,3.0445193267033815e8,54,1.1558129787445068,false
7737,1.3492620205955437e8,1.4655905439770222e7,3,0.09985113143920898,false
7738,1.3492624316484773e8,1.2215373051868904e8,19,0.46168994903564453,false
7739,1.349263096644801e8,2.689170650946352e7,7,0.18567895889282227,false
7740,1.349263096645073e8,3.3685628890626132e6,1,0.0476841926574707,false
7741,1.349263280793694e8,5.4001667345400125e7,13,0.30817198753356934,false
7742,1.3492641205618933e8,2.833385188081628e7,6,0.1660778522491455,false
7743,1.3492646007820526e8,6.7705300243219435e6,2,0.07810807228088379,false
7744,1.349264829341358e8,2.753389023230408e7,10,0.21643400192260742,false
7745,1.3492659700840822e8,1.2249476553530228e8,23,0.5632600784301758,false
7746,1.3492669082975957e8,8.682892459712803e7,19,0.46537184715270996,false
7747,1.3492671913830012e8,3.1043172813498467e7,7,0.1938481330871582,false
7748,1.3492673361947492e8,5.090118382350767e7,14,0.33384084701538086,false
7749,1.3492676460636103e8,1.3217179540210962e7,3,0.1029670238494873,false
7750,1.3492701569245762e8,6.164630149784076e7,11,0.23705196380615234,false
7751,1.3492701828515938e8,9.144243498662502e6,2,0.0780949592590332,false
7752,1.3492702588210756e8,1.0025641691129372e7,3,0.10037922859191895,false
7753,1.3492703949182487e8,1.3412654454719543e7,4,0.13423395156860352,false
7754,1.3492706859781188e8,1.1350676820477696e8,29,0.6637749671936035,false
7755,1.349270871208908e8,1.028803608179453e7,3,0.10373902320861816,false
7756,1.3492763035803005e8,2.751489835436681e7,5,0.14207196235656738,false
7757,1.3492774347961947e8,1.1068336987137e8,25,0.5877349376678467,false
7758,1.34927792853249e8,6.894688556480965e7,13,0.3244929313659668,false
7759,1.3492785777507913e8,1.0271428093255353e8,17,0.4266631603240967,false
7760,1.3492787737395588e8,2.062794931287819e7,4,0.12857890129089355,false
7761,1.3492794740948176e8,2.03108524783369e7,6,0.1777801513671875,false
7762,1.3492795717541757e8,1.0189119332729474e7,3,0.09705996513366699,false
7763,1.349279982833133e8,3.8682786384693354e7,7,0.20073390007019043,false
7764,1.349280331909715e8,1.4969894464864922e8,20,0.41810107231140137,false
7765,1.349280365906346e8,1.7587101370282656e8,36,0.8350410461425781,false
7766,1.349280658174239e8,1.874280385650438e7,4,0.1270148754119873,false
7767,1.349280934763408e8,1.1728365335479014e8,31,0.6992990970611572,false
7768,1.3492823358634147e8,3.0685273295083433e7,7,0.19672703742980957,false
7769,1.349282395186873e8,6.737404556715921e6,2,0.07654380798339844,false
7770,1.3492835075766227e8,6.524951279262832e7,13,0.3298611640930176,false
7771,1.349283612453888e8,3.4360239497501165e7,7,0.20022988319396973,false
7772,1.349283704164512e8,3.6650438335354865e7,12,0.25704216957092285,false
7773,1.349284992047021e8,2.4487088242987067e7,7,0.18619298934936523,false
7774,1.3492854305788434e8,1.0709304673153713e7,3,0.12746191024780273,false
7775,1.3492858659179735e8,1.961052898549518e7,7,0.1693730354309082,false
7776,1.3492860702439368e8,1.515481279510791e8,24,0.5502798557281494,false
7777,1.3492860702439323e8,4.572116599999994e6,1,0.0476231575012207,false
7778,1.3492863105206597e8,4.539170542836653e7,13,0.28537893295288086,false
7779,1.349286438498543e8,9.44848154294615e7,29,0.6354770660400391,false
7780,1.3492866609099615e8,6.872539133265287e6,2,0.07524800300598145,false
7781,1.3492877839236614e8,1.2556985262889236e7,3,0.10301804542541504,false
7782,1.3492879750559253e8,1.286334453992973e8,19,0.4398918151855469,false
7783,1.3492887095191622e8,1.6655552986154377e7,4,0.13271403312683105,false
7784,1.349288820341799e8,3.385118169999987e6,1,0.048026084899902344,false
7785,1.349288820341799e8,3.3685628890626132e6,1,0.045552968978881836,false
7786,1.3492888595461035e8,6.7705300243219435e6,2,0.0760040283203125,false
7787,1.3492888595461038e8,3.3685628890626132e6,1,0.045825958251953125,false
7788,1.3492888979085052e8,6.81409019410796e7,16,0.38904905319213867,false
7789,1.34929138728681e8,7.874362199580938e6,2,0.07894086837768555,false
7790,1.3492927907712835e8,1.9492741396259695e7,4,0.138991117477417,false
7791,1.3492933900514644e8,1.869624857481967e7,5,0.15552306175231934,false
7792,1.349294417163656e8,1.174599829493087e8,19,0.47122979164123535,false
7793,1.349294417163656e8,3.385118169999987e6,1,0.049172163009643555,false
7794,1.3492949748288655e8,3.3685836100000143e6,1,0.04723787307739258,false
7795,1.3492954828000885e8,2.3155243920675784e7,7,0.20221614837646484,false
7796,1.3492959614643767e8,9.572622719999999e6,2,0.08097600936889648,false
7797,1.349295985685589e8,1.394506660671953e8,26,0.6301288604736328,false
7798,1.349299185853813e8,8.122048553255713e7,18,0.4625589847564697,false
7799,1.3492994987492648e8,1.9148513933220565e7,4,0.13376808166503906,false
7800,1.3493019190312827e8,2.9644029962676153e7,7,0.1746358871459961,false
7801,1.34930196561627e8,1.256708010000493e8,22,0.535189151763916,false
7802,1.3493027444162548e8,1.4773742139508039e7,4,0.12661385536193848,false
7803,1.349304081810278e8,3.493354862412238e7,9,0.2290480136871338,false
7804,1.3493045766314092e8,2.230216621366988e7,6,0.1723470687866211,false
7805,1.3493045766314095e8,3.3685836100000143e6,1,0.04831409454345703,false
7806,1.3493051558767197e8,1.0914929977028036e8,21,0.5128719806671143,false
7807,1.3493052868592533e8,1.1226456203310087e7,3,0.10119795799255371,false
7808,1.3493063195707855e8,1.907488203869371e7,6,0.16943693161010742,false
7809,1.34930853430196e8,1.9957910215631425e7,4,0.13951396942138672,false
7810,1.3493087017734858e8,2.171334895133521e8,31,0.7425119876861572,false
7811,1.3493091933329353e8,2.538795743046221e7,6,0.17005705833435059,false
7812,1.3493102795901006e8,2.809604956717077e7,5,0.15255999565124512,false
7813,1.3493104377241933e8,1.3997798350330114e8,33,0.7517609596252441,false
7814,1.3493104836914116e8,1.3378828393532515e7,4,0.12583303451538086,false
7815,1.3493105390840605e8,3.3685836100000143e6,1,0.04731297492980957,false
7816,1.3493109219256017e8,3.875461320680663e7,7,0.20773816108703613,false
7817,1.3493109219256023e8,3.3685836100000143e6,1,0.05151081085205078,false
7818,1.3493116354202002e8,1.206528236079073e7,3,0.10457706451416016,false
7819,1.3493122697705677e8,7.520252997251394e7,15,0.3818199634552002,false
7820,1.3493123767689833e8,5.293728835799587e7,12,0.2937600612640381,false
7821,1.3493126128869638e8,1.096223171155721e7,3,0.11388897895812988,false
7822,1.3493127545693994e8,3.0241429309969753e7,6,0.17568111419677734,false
7823,1.3493131686028016e8,6.633664642096385e6,2,0.08087801933288574,false
7824,1.3493131686028016e8,7.152371115038961e6,2,0.07626891136169434,false
7825,1.349313651211853e8,1.2753853302848935e7,4,0.1232600212097168,false
7826,1.349313963144034e8,1.4471613935068592e7,5,0.13505196571350098,false
7827,1.3493168883539656e8,2.549871087724659e7,7,0.20450210571289062,false
7828,1.3493187996001047e8,9.505941832815957e7,14,0.3676619529724121,false
7829,1.349318968945513e8,7.075966093636006e6,2,0.07877588272094727,false
7830,1.3493192055628005e8,4.2077175738419086e7,8,0.22473502159118652,false
7831,1.3493197202025303e8,8.133958299999982e6,2,0.07730412483215332,false
7832,1.3493209092678672e8,6.438597929606494e7,11,0.26947999000549316,false
7833,1.349322213013799e8,3.651494843489686e7,8,0.23189687728881836,false
7834,1.3493248738380733e8,2.9918256809482917e7,9,0.23021697998046875,false
7835,1.3493249208856532e8,8.606193736252856e7,19,0.48274898529052734,false
7836,1.349325065271464e8,9.732343182314113e7,18,0.4526491165161133,false
7837,1.349325516060853e8,3.1329984393431842e7,6,0.18210196495056152,false
7838,1.3493255160608533e8,3.5162721705476344e6,1,0.048779964447021484,false
7839,1.3493255801517358e8,4.1178241317163646e7,11,0.25920796394348145,false
7840,1.3493256655268076e8,2.1280597382098913e7,6,0.17106199264526367,false
7841,1.349326262862131e8,3.1965800547464713e7,11,0.2366640567779541,false
7842,1.349326492010717e8,4.4207571470832795e7,14,0.30986809730529785,false
7843,1.349327817668523e8,7.749726459814668e6,2,0.08021092414855957,false
7844,1.3493281853784475e8,9.251241684344554e7,15,0.36694908142089844,false
7845,1.3493283618577537e8,9.144243498662502e6,2,0.08132481575012207,false
7846,1.349329127149289e8,7.70392999281235e7,18,0.456646203994751,false
7847,1.3493300864598417e8,2.501370611108096e7,8,0.20226383209228516,false
7848,1.3493314066399634e8,1.0106443564296395e7,3,0.10298013687133789,false
7849,1.349331850869723e8,5.975003912819786e7,15,0.3552439212799072,false
7850,1.3493320241265017e8,3.6565980153725386e7,11,0.24028706550598145,false
7851,1.349332807943058e8,5.170777735053915e7,9,0.24637293815612793,false
7852,1.3493331580976102e8,1.2331284161158624e8,29,0.7012100219726562,false
7853,1.3493368049169108e8,2.1439754942703098e7,4,0.12589597702026367,false
7854,1.3493368049169108e8,3.3685836099999994e6,1,0.0481259822845459,false
7855,1.349337077509552e8,6.75359624000001e6,2,0.08152294158935547,false
7856,1.3493374526355886e8,1.6846613282417834e7,5,0.14840912818908691,false
7857,1.349337674458157e8,9.136982689408877e7,17,0.43540000915527344,false
7858,1.349337731334585e8,4.405438833396226e7,10,0.24743890762329102,false
7859,1.3493377313345852e8,3.385118169999987e6,1,0.04924201965332031,false
7860,1.3493386302319947e8,5.729622911626282e7,17,0.41780805587768555,false
7861,1.3493393192620847e8,7.622546732233721e7,16,0.37760305404663086,false
7862,1.3493397799797404e8,1.2257531523954675e7,3,0.09895586967468262,false
7863,1.3493411872152564e8,1.1006779963456134e8,23,0.5452980995178223,false
7864,1.3493419868076614e8,2.1051376975749463e7,5,0.15367794036865234,false
7865,1.3493421522232097e8,3.420813422090271e7,6,0.18845391273498535,false
7866,1.3493422936293614e8,1.0138245100497186e7,3,0.09818196296691895,false
7867,1.3493425489986297e8,4.5571500792085424e7,11,0.26938414573669434,false
7868,1.3493426933050102e8,1.200731879134349e8,22,0.5511288642883301,false
7869,1.349342741309396e8,2.7489047233918995e7,5,0.144881010055542,false
7870,1.3493437770172137e8,1.299619824096016e8,22,0.5395810604095459,false
7871,1.3493440346626285e8,9.879937379970509e7,26,0.633450984954834,false
7872,1.3493448026754254e8,4.212632949930483e7,8,0.20174193382263184,false
7873,1.3493455589275247e8,2.803543960894835e7,5,0.15408611297607422,false
7874,1.3493465843367946e8,2.2775008844772607e7,5,0.15915489196777344,false
7875,1.3493475360915843e8,2.649383134664628e7,6,0.17691922187805176,false
7876,1.3493477633960044e8,9.71899772869724e6,3,0.09884381294250488,false
7877,1.3493479607837775e8,2.687166067322339e7,7,0.19475007057189941,false
7878,1.3493481632275948e8,7.152371115038961e6,2,0.07491397857666016,false
7879,1.349348163227595e8,3.3685836100000143e6,1,0.04832911491394043,false
7880,1.3493520645658866e8,3.1259837092551976e7,5,0.14696788787841797,false
7881,1.3493531588145995e8,5.6672202615897596e7,10,0.22296500205993652,false
7882,1.3493533000014e8,2.5460727698584586e7,8,0.20636796951293945,false
7883,1.3493538471652928e8,9.711386000200093e6,3,0.09744811058044434,false
7884,1.3493541077325866e8,1.607976799985078e7,4,0.12510895729064941,false
7885,1.3493544458887413e8,6.961707631589854e7,12,0.3173689842224121,false
7886,1.3493544974661294e8,6.737406540961206e6,2,0.07654190063476562,false
7887,1.3493545433717546e8,1.3371009179779366e7,4,0.12678003311157227,false
7888,1.34935658783538e8,6.944986919297814e6,2,0.07602095603942871,false
7889,1.34935857140931e8,1.0539323632377893e7,3,0.09963512420654297,false
7890,1.3493621516984597e8,3.364845307157913e7,8,0.2356870174407959,false
7891,1.349362521527677e8,3.0977178094907075e7,7,0.198883056640625,false
7892,1.3493647088053817e8,1.0994635886883736e8,18,0.4295649528503418,false
7893,1.3493649113401824e8,2.0408494616370603e7,7,0.19259190559387207,false
7894,1.349365724815185e8,2.5031422288595706e7,7,0.20120501518249512,false
7895,1.349369045241808e8,2.5615910514567256e7,5,0.16227102279663086,false
7896,1.3493693108204737e8,6.604406146829885e7,12,0.2934689521789551,false
7897,1.349371459334131e8,1.025848078716442e7,3,0.1031639575958252,false
7898,1.349374829198786e8,2.0036327521051645e7,4,0.12610316276550293,false
7899,1.349374829198786e8,6.774862009212434e6,2,0.08511686325073242,false
7900,1.3493751116411132e8,1.509593702673625e8,27,0.6277811527252197,false
7901,1.3493758473953578e8,3.287092482896267e8,46,1.0200040340423584,false
7902,1.3493758481102332e8,1.1814998860254718e8,22,0.5622518062591553,false
7903,1.3493766544545594e8,1.916339060126333e7,6,0.16662812232971191,false
7904,1.3493766544545597e8,3.385118169999987e6,1,0.050251007080078125,false
7905,1.3493779387304783e8,1.1886805372355044e7,3,0.10436391830444336,false
7906,1.3493782761846238e8,1.0106478783537298e7,3,0.10030913352966309,false
7907,1.349378832863515e8,3.395757427571592e7,9,0.2332608699798584,false
7908,1.349378892294639e8,6.46149291908001e7,15,0.3364851474761963,false
7909,1.3493789360262075e8,1.3901211565307385e8,26,0.6371498107910156,false
7910,1.3493801295537922e8,1.757224035436189e7,5,0.14982318878173828,false
7911,1.3493803656592503e8,1.1638956633895317e8,18,0.4333789348602295,false
7912,1.349380675103082e8,8.771578279929116e7,16,0.4162459373474121,false
7913,1.349382965822265e8,1.7241121566446885e7,5,0.1430199146270752,false
7914,1.349383272796913e8,7.732504655411282e7,23,0.4812741279602051,false
7915,1.3493841951768088e8,6.737345558314413e6,2,0.07840204238891602,false
7916,1.3493841951768085e8,3.385118169999987e6,1,0.04833388328552246,false
7917,1.3493862969946823e8,1.98368842569277e7,5,0.1547069549560547,false
7918,1.3493871875929376e8,6.872969981124431e6,2,0.08031010627746582,false
7919,1.3493871875929376e8,7.940987885739714e6,2,0.08086991310119629,false
7920,1.349387190922899e8,6.737404556715906e6,2,0.07901215553283691,false
7921,1.3493874036186942e8,1.690449387146288e7,5,0.1565258502960205,false
7922,1.349389183650071e8,6.3460962595157295e7,14,0.3600881099700928,false
7923,1.3493927876869547e8,1.4746760299594581e7,4,0.13097691535949707,false
7924,1.3493930323125198e8,7.046784362350053e7,15,0.360029935836792,false
7925,1.3493931040787852e8,1.0014488627907619e7,3,0.09836721420288086,false
7926,1.349393335643655e8,8.328378295103456e7,16,0.41763997077941895,false
7927,1.34939353633454e8,2.275604584468785e7,8,0.2060699462890625,false
7928,1.3493937183302984e8,9.349220119212434e6,3,0.1033780574798584,false
7929,1.3493943319290826e8,1.5031634494226724e7,4,0.12897396087646484,false
7930,1.3493955531487152e8,6.943475237673348e7,11,0.2824978828430176,false
7931,1.349395573563318e8,3.3685836100000143e6,1,0.04732799530029297,false
7932,1.349395573563318e8,3.3685836100000143e6,1,0.04528403282165527,false
7933,1.3493955735633177e8,3.385118169999987e6,1,0.04737710952758789,false
7934,1.3493955735633186e8,4.572116599999994e6,1,0.04942488670349121,false
7935,1.3493955735633177e8,3.3685836100000143e6,1,0.046729087829589844,false
7936,1.3493956268604705e8,1.0402617260219646e8,26,0.6170220375061035,false
7937,1.349395626860714e8,6.944986919297814e6,2,0.0774228572845459,false
7938,1.3493961067500964e8,6.884095117856711e6,2,0.07744812965393066,false
7939,1.3493962223382965e8,1.427107354191032e7,4,0.12903594970703125,false
7940,1.3493962683977926e8,3.3685628890626132e6,1,0.04810190200805664,false
7941,1.3493993637327832e8,1.7391143714645377e8,26,0.6163179874420166,false
7942,1.3494035467600507e8,6.397642442346901e7,10,0.27184009552001953,false
7943,1.34940354676005e8,3.3685836100000143e6,1,0.051342010498046875,false
7944,1.3494037617740467e8,6.150973591489595e7,15,0.3641040325164795,false
7945,1.3494040336836946e8,8.545288086441702e7,15,0.40761899948120117,false
7946,1.3494047174837333e8,1.0043568178068411e8,18,0.46396684646606445,false
7947,1.349404717483733e8,3.3685836100000143e6,1,0.04623603820800781,false
7948,1.349404854394869e8,7.873015903401524e6,2,0.07782196998596191,false
7949,1.349404864750225e8,6.737311389139667e6,2,0.07712006568908691,false
7950,1.3494051804049736e8,1.683557721309504e7,5,0.16158103942871094,false
7951,1.34940570438112e8,6.583078983318938e7,19,0.4351229667663574,false
7952,1.349407125824146e8,3.846494860200994e7,11,0.2647359371185303,false
7953,1.3494073976083255e8,4.2313301428227365e7,8,0.21534013748168945,false
7954,1.3494073976083255e8,3.3685836100000143e6,1,0.048349857330322266,false
7955,1.3494080523819816e8,3.366094614986546e7,9,0.23511719703674316,false
7956,1.3494106576581848e8,4.6995216697147906e7,8,0.20718693733215332,false
7957,1.3494110880290702e8,1.0830700217851996e8,17,0.45008301734924316,false
7958,1.3494116204550788e8,2.7104315529068783e7,7,0.20542383193969727,false
7959,1.3494119265653563e8,2.0446267191376314e7,6,0.171004056930542,false
7960,1.349413557382964e8,1.3437292064018965e7,3,0.10699915885925293,false
7961,1.349414797298574e8,2.5273747320458114e7,5,0.14477801322937012,false
7962,1.3494147972985736e8,3.385118169999987e6,1,0.049019813537597656,false
7963,1.349416359144506e8,1.011828755033451e8,19,0.5017681121826172,false
7964,1.3494163591445062e8,3.3685836100000143e6,1,0.04853391647338867,false
7965,1.3494163847228274e8,9.47867200567156e7,28,0.6444511413574219,false
7966,1.349416520339551e8,6.154795002962661e7,21,0.4873979091644287,false
7967,1.349417316520134e8,9.123923153278919e7,20,0.5080239772796631,false
7968,1.3494173165201357e8,3.385118169999987e6,1,0.04915595054626465,false
7969,1.3494173976953712e8,5.150093005268939e7,13,0.31229400634765625,false
7970,1.3494180976844206e8,2.6422672740727067e7,7,0.18899917602539062,false
7971,1.3494182298000994e8,3.3685836100000143e6,1,0.04714679718017578,false
7972,1.3494182298000994e8,3.385118169999987e6,1,0.04957699775695801,false
7973,1.3494186218199238e8,5.467471528333193e7,12,0.3015151023864746,false
7974,1.3494186218199238e8,3.3685628890625983e6,1,0.0473780632019043,false
7975,1.3494187826261532e8,1.471556210545218e7,4,0.1269388198852539,false
7976,1.3494191389540368e8,2.0034503103169322e7,5,0.1482400894165039,false
7977,1.3494215553620267e8,1.464052798767306e7,4,0.1368091106414795,false
7978,1.3494218345075938e8,1.1764330521845728e7,3,0.1056828498840332,false
7979,1.349422263450874e8,1.4240565877898228e8,29,0.7148900032043457,false
7980,1.349422324812213e8,6.3965898063241854e7,19,0.4621100425720215,false
7981,1.3494238627466294e8,6.901881319271296e6,2,0.07790708541870117,false
7982,1.3494241325778204e8,4.8344939178358465e7,9,0.2678048610687256,false
7983,1.349425256346322e8,1.8409311602162853e8,24,0.517909049987793,false
7984,1.349425346898243e8,5.956940429793087e7,17,0.40749192237854004,false
7985,1.34942682925427e8,2.1970901019796908e7,6,0.1857290267944336,false
7986,1.3494271886883706e8,1.788204035134831e7,6,0.16389703750610352,false
7987,1.3494272630945972e8,1.4985828469359398e7,4,0.12520098686218262,false
7988,1.3494292272846696e8,1.2827761436896527e8,19,0.41722893714904785,false
7989,1.3494293310652265e8,2.679919769031337e7,8,0.21176719665527344,false
7990,1.3494296583831483e8,4.926754341997604e7,9,0.21332788467407227,false
7991,1.3494298005773187e8,1.2085693362793237e7,3,0.10773301124572754,false
7992,1.349429800577319e8,3.5162721705476344e6,1,0.049035072326660156,false
7993,1.3494299960260528e8,8.004566319814682e6,2,0.07944798469543457,false
7994,1.349430425228083e8,1.2921593229796866e8,29,0.6539030075073242,false
7995,1.3494311973942065e8,3.217450815728511e7,10,0.23898696899414062,false
7996,1.3494314687026706e8,5.047409212596625e7,12,0.29529309272766113,false
7997,1.349431576899423e8,7.619802967987841e7,17,0.4425978660583496,false
7998,1.3494331007720572e8,4.3790045920975745e7,9,0.2663240432739258,false
7999,1.3494331251788768e8,3.31526807051432e7,11,0.2530040740966797,false
8000,1.349433311462766e8,1.5705000739975184e7,4,0.13178300857543945,false
8001,1.349434775791766e8,1.2813990679877326e8,27,0.6386668682098389,false
8002,1.3494347757917684e8,6.648422258756965e6,2,0.08322501182556152,false
8003,1.3494352400798172e8,1.6570118686220706e7,4,0.13228511810302734,false
8004,1.349435273411899e8,2.8676841472001106e7,9,0.22765183448791504,false
8005,1.34943554842901e8,2.9638552330825612e7,7,0.21390104293823242,false
8006,1.3494355484290096e8,3.5162721705476344e6,1,0.04940009117126465,false
8007,1.3494358720049283e8,3.646456036634417e7,8,0.2068169116973877,false
8008,1.3494359327272525e8,2.354395987150547e7,8,0.2138080596923828,false
8009,1.3494359779986402e8,9.163548926173642e6,3,0.09812498092651367,false
8010,1.3494370447892806e8,2.413204731917426e7,6,0.1660010814666748,false
8011,1.3494372703509933e8,4.237934650191346e7,9,0.2617177963256836,false
8012,1.3494376789331275e8,7.097221535112642e7,17,0.41992712020874023,false
8013,1.3494384981479296e8,5.526610873744224e7,17,0.38223886489868164,false
8014,1.3494391498364076e8,1.0999206027234691e8,22,0.5273489952087402,false
8015,1.3494393481162125e8,1.9979520840789855e7,6,0.18251419067382812,false
8016,1.3494417469986695e8,1.591679852340895e7,5,0.15204095840454102,false
8017,1.349442705584563e8,1.3660448008213985e8,24,0.5902829170227051,false
8018,1.349444338708576e8,9.899841356087804e6,2,0.07844901084899902,false
8019,1.349448084944351e8,3.489567134124613e7,6,0.16458392143249512,false
8020,1.349448654333975e8,5.601746387217644e7,14,0.3476400375366211,false
8021,1.34944888427549e8,1.5088605562930027e8,23,0.47724103927612305,false
8022,1.3494495331952444e8,2.016345469302857e7,5,0.15035104751586914,false
8023,1.3494497839758515e8,1.0236353681319267e7,3,0.10292410850524902,false
8024,1.3494542304665607e8,7.639980923335758e7,17,0.4640519618988037,false
8025,1.349454230466561e8,3.3685836100000143e6,1,0.04844093322753906,false
8026,1.349456068802986e8,5.8420707599418014e7,9,0.21091890335083008,false
8027,1.349456068802986e8,3.385118169999987e6,1,0.04935908317565918,false
8028,1.349456118133466e8,2.4584024990808234e7,5,0.1570289134979248,false
8029,1.349456254097739e8,1.3605611681334347e7,4,0.13130903244018555,false
8030,1.34945660735281e8,1.4081349442776084e7,4,0.1314070224761963,false
8031,1.349456665606379e8,1.066804824612844e7,3,0.10939598083496094,false
8032,1.3494577751473954e8,3.984502019103515e7,10,0.2418520450592041,false
8033,1.349457775147395e8,3.385118169999987e6,1,0.05009794235229492,false
8034,1.3494578728448713e8,1.0106405518614754e7,3,0.09942007064819336,false
8035,1.3494599087329736e8,6.633664642096385e6,2,0.07851791381835938,false
8036,1.3494600325508633e8,3.30712133805542e7,7,0.21165013313293457,false
8037,1.3494600325508633e8,3.3685836100000143e6,1,0.05048489570617676,false
8038,1.349460243232519e8,6.7314360187935e7,15,0.39905405044555664,false
8039,1.3494604631087893e8,1.6211775907073855e7,4,0.1376340389251709,false
8040,1.3494605592432418e8,6.737264439766109e6,2,0.07726502418518066,false
8041,1.3494607089947918e8,1.0106173619608328e7,3,0.10339593887329102,false
8042,1.3494610660041237e8,1.8335087019946525e8,35,0.8713500499725342,false
8043,1.3494626975748748e8,1.862059540612772e7,6,0.16934800148010254,false
8044,1.3494627469693187e8,3.5994861387759626e7,13,0.2894749641418457,false
8045,1.3494627875369507e8,1.8317079076824427e7,5,0.1588459014892578,false
8046,1.3494628478636616e8,7.584628124668299e7,18,0.46711015701293945,false
8047,1.3494640784335834e8,6.759136576503834e7,10,0.21649599075317383,false
8048,1.3494640784335834e8,3.3685836100000143e6,1,0.04829692840576172,false
8049,1.34946675922444e8,1.0571063967397258e8,18,0.4587550163269043,false
8050,1.3494688237090164e8,4.451974511279455e7,10,0.25873398780822754,false
8051,1.3494688283248028e8,1.6885220310842082e7,5,0.15640497207641602,false
8052,1.349468828324803e8,3.3685836100000143e6,1,0.04787397384643555,false
8053,1.349469241578939e8,8.058684557869935e7,15,0.4048500061035156,false
8054,1.349469574268658e8,2.8407660640940696e7,8,0.2268819808959961,false
8055,1.3494697283089232e8,1.802816136331147e7,4,0.1419370174407959,false
8056,1.3494698244491577e8,1.0380773920005944e8,23,0.5305769443511963,false
8057,1.349469964339976e8,2.558169520844704e7,7,0.21044921875,false
8058,1.3494704229051608e8,1.4773577482844383e7,5,0.15008091926574707,false
8059,1.349471447257951e8,1.3743520517480165e8,16,0.38567686080932617,false
8060,1.349471454709686e8,2.6307168916141912e7,7,0.21715021133422852,false
8061,1.3494715879534253e8,1.0696003661323398e7,3,0.10422182083129883,false
8062,1.3494718547122163e8,3.385118169999987e6,1,0.049674034118652344,false
8063,1.349472638381805e8,8.44797325110955e7,10,0.2726781368255615,false
8064,1.3494739148515964e8,2.619083027085483e7,6,0.19687986373901367,false
8065,1.3494741630692986e8,3.1167502958465546e7,8,0.23534297943115234,false
8066,1.349474163069298e8,6.753940237473637e6,2,0.07655501365661621,false
8067,1.3494748384285635e8,1.7331589636004552e7,6,0.16559505462646484,false
8068,1.3494750190161002e8,4.557514070997658e7,12,0.31070590019226074,false
8069,1.349475691493048e8,4.524006647397882e7,12,0.29466700553894043,false
8070,1.349476487539504e8,1.3217179540210962e7,3,0.1096041202545166,false
8071,1.349477264797323e8,6.6743467504095614e7,11,0.2856929302215576,false
8072,1.349477264797323e8,3.3685836100000143e6,1,0.04897713661193848,false
8073,1.3494775975330976e8,5.985253737032165e7,13,0.33522701263427734,false
8074,1.349477664640797e8,1.6974034132312253e7,5,0.15642094612121582,false
8075,1.3494782724270782e8,1.6274210504077941e7,4,0.13929200172424316,false
8076,1.3494785671824783e8,6.737518572287232e6,2,0.07909083366394043,false
8077,1.3494787390106437e8,4.762228427546862e7,9,0.25414514541625977,false
8078,1.3494792201825288e8,3.2882142463089257e7,8,0.19880390167236328,false
8079,1.3494792201825315e8,3.3685836100000143e6,1,0.04793715476989746,false
8080,1.3494802004181054e8,3.871924713871178e7,8,0.24618983268737793,false
8081,1.3494809647575587e8,5.608373226370904e7,11,0.2845301628112793,false
8082,1.3494812378799063e8,3.783903301984194e7,11,0.2498488426208496,false
8083,1.3494821274902576e8,3.515181622319071e7,10,0.22284412384033203,false
8084,1.349484445853439e8,8.176318142587408e7,13,0.2997620105743408,false
8085,1.349485763148165e8,2.8375490715568215e7,6,0.18643784523010254,false
8086,1.3494864541327143e8,6.738531425710797e6,2,0.07923102378845215,false
8087,1.3494865131636763e8,1.3482978812824324e7,4,0.13210010528564453,false
8088,1.349486513163676e8,3.3685836100000143e6,1,0.048954010009765625,false
8089,1.3494914157748592e8,2.2919407936969295e7,6,0.18453598022460938,false
8090,1.3494916522998586e8,3.342664924680689e7,7,0.2144460678100586,false
8091,1.349491687541401e8,3.5162721705476344e6,1,0.0503079891204834,false
8092,1.349491715772261e8,2.569230262691313e7,6,0.17678499221801758,false
8093,1.3494919653767115e8,1.342916349949713e7,3,0.09994697570800781,false
8094,1.3494920844457483e8,1.163324830606389e7,3,0.10711383819580078,false
8095,1.349493356615355e8,1.1435555999376744e7,3,0.10430908203125,false
8096,1.3494933566153544e8,4.572116599999994e6,1,0.049108028411865234,false
8097,1.3494933566153547e8,3.3685836100000143e6,1,0.047714948654174805,false
8098,1.3494940892516965e8,5.5483791652397245e7,12,0.30400514602661133,false
8099,1.349494127192399e8,7.015655237259835e6,2,0.08327388763427734,false
8100,1.349494557860832e8,1.710892866890295e7,6,0.1611020565032959,false
8101,1.3494946218230054e8,5.5750090961355045e7,11,0.28931188583374023,false
8102,1.3494953163231057e8,6.437464463213691e7,10,0.2759411334991455,false
8103,1.3494954334061503e8,1.2683470653677762e7,4,0.13124799728393555,false
8104,1.349498530086055e8,2.2848791410354048e7,4,0.14973688125610352,false
8105,1.3494987111794654e8,1.4301634273237526e7,4,0.13898706436157227,false
8106,1.3494989193269393e8,8.748563581245819e7,19,0.5073020458221436,false
8107,1.3494991067957023e8,1.2016252221774578e7,3,0.10789203643798828,false
8108,1.349499320546724e8,3.760011863677403e7,12,0.28118181228637695,false
8109,1.3494997869617265e8,1.3052166709647222e8,31,0.7544150352478027,false
8110,1.3495028895593628e8,7.872594929999977e6,2,0.08244800567626953,false
8111,1.3495036197757506e8,2.1109401765206218e7,5,0.1619701385498047,false
8112,1.3495042965868706e8,7.431303961142394e7,17,0.4156639575958252,false
8113,1.3495046334678143e8,2.42272705186826e7,7,0.21110987663269043,false
8114,1.3495048996167767e8,4.5623842262872666e7,9,0.2645430564880371,false
8115,1.3495064714165628e8,1.124101028504999e7,3,0.10903310775756836,false
8116,1.3495066395977014e8,3.2099426776742533e7,10,0.255720853805542,false
8117,1.3495066574872556e8,1.0023556222665414e7,3,0.10683798789978027,false
8118,1.349506707446411e8,3.6424225799910724e7,7,0.21733307838439941,false
8119,1.349507384818282e8,5.0876282755723834e7,8,0.22930598258972168,false
8120,1.349507384818282e8,3.385118169999987e6,1,0.05059194564819336,false
8121,1.3495075491499728e8,3.3685836100000143e6,1,0.04917097091674805,false
8122,1.3495076453666645e8,1.7344999987105414e7,6,0.18149709701538086,false
8123,1.3495078694533452e8,3.510118074430546e7,6,0.2012920379638672,false
8124,1.349508108526224e8,3.476852664142126e7,12,0.2780900001525879,false
8125,1.3495090679981425e8,6.737061680000007e6,2,0.08247208595275879,false
8126,1.34950971159128e8,1.252025394359824e7,3,0.10943293571472168,false
8127,1.3495097359922197e8,8.142192299573457e7,21,0.5197608470916748,false
8128,1.3495098915781343e8,1.0237146870787784e7,3,0.1048741340637207,false
8129,1.3495099060729507e8,3.3685836099999994e6,1,0.04809904098510742,false
8130,1.349509906072951e8,3.3685628890626132e6,1,0.047775983810424805,false
8131,1.3495099060729507e8,6.8558746400000155e6,2,0.07621002197265625,false
8132,1.3495100337416163e8,1.5708723987300715e8,27,0.6365230083465576,false
8133,1.3495110123950323e8,6.2053591946587265e7,10,0.25853395462036133,false
8134,1.3495111052243468e8,3.6891513026543334e7,10,0.27129697799682617,false
8135,1.3495111052243468e8,3.3685628890626132e6,1,0.05024003982543945,false
8136,1.3495114494518846e8,1.517580868597489e8,28,0.6052389144897461,false
8137,1.349515443747228e8,1.4712773524243206e7,3,0.10033702850341797,false
8138,1.349515480703941e8,3.503814251405239e7,7,0.21916794776916504,false
8139,1.349519200430997e8,8.133958299999982e6,2,0.0774531364440918,false
8140,1.349519200430997e8,3.3685836100000143e6,1,0.04786181449890137,false
8141,1.3495195816918468e8,1.1905881755638307e8,22,0.4760401248931885,false
8142,1.3495196491925362e8,8.733272205525196e7,19,0.5080828666687012,false
8143,1.3495204088178238e8,4.567066396596304e8,60,1.3707101345062256,false
8144,1.3495204088178238e8,3.385118169999987e6,1,0.051032066345214844,false
8145,1.349520908202422e8,3.3685836099999994e6,1,0.04874992370605469,false
8146,1.3495216446650738e8,3.8598318596817136e7,8,0.2215709686279297,false
8147,1.349521644665074e8,3.3685836100000143e6,1,0.047805070877075195,false
8148,1.3495218185534304e8,2.0727603635423556e7,6,0.18182682991027832,false
8149,1.3495222579233626e8,3.628751016466573e7,11,0.2453441619873047,false
8150,1.349522888703006e8,9.617925121247411e7,17,0.471268892288208,false
8151,1.349523042991658e8,7.89505900245424e7,19,0.5040020942687988,false
8152,1.3495230586641887e8,1.795581613717404e7,5,0.16235089302062988,false
8153,1.3495230586641887e8,3.3685836100000143e6,1,0.04860806465148926,false
8154,1.3495262755339408e8,7.593139019443959e6,2,0.08424091339111328,false
8155,1.3495265033196566e8,2.0522162162684858e7,6,0.1775190830230713,false
8156,1.3495265040668228e8,6.628983302627265e6,2,0.07945394515991211,false
8157,1.349526560594529e8,1.5387594150345221e7,5,0.14932703971862793,false
8158,1.349526560594529e8,3.385118169999987e6,1,0.05107402801513672,false
8159,1.3495274900528795e8,1.6763332743600026e8,25,0.6624400615692139,false
8160,1.3495274900528795e8,3.385118169999987e6,1,0.05059695243835449,false
8161,1.349529194491403e8,6.406069557289538e7,12,0.27449989318847656,false
8162,1.349529263855027e8,6.770402539683342e6,2,0.08218502998352051,false
8163,1.349531241980021e8,5.153546824198446e7,12,0.3074610233306885,false
8164,1.3495318381835324e8,5.503782598578252e7,11,0.2863149642944336,false
8165,1.3495321707655787e8,4.19118411267564e7,9,0.25533318519592285,false
8166,1.349532264614604e8,2.440234556862849e7,7,0.20409893989562988,false
8167,1.349532447961895e8,3.3536989906476647e7,8,0.26233386993408203,false
8168,1.3495337636163238e8,6.0932302465129524e7,15,0.39030003547668457,false
8169,1.34953402927162e8,3.3730580734717846e7,9,0.2505769729614258,false
8170,1.3495342723469707e8,1.5971641691117036e8,24,0.6189291477203369,false
8171,1.349534750210123e8,4.052777449123511e7,8,0.2506258487701416,false
8172,1.3495347875397152e8,6.0647021834700435e7,12,0.3317091464996338,false
8173,1.349536030044152e8,2.5178530560184658e7,7,0.20932888984680176,false
8174,1.3495361682419068e8,2.1736060326891452e7,8,0.20006895065307617,false
8175,1.349536206517896e8,1.0139327531692505e7,3,0.10488319396972656,false
8176,1.349536206517896e8,9.289660010103583e6,2,0.07811999320983887,false
8177,1.3495365441266045e8,1.5903698049157408e8,21,0.5608398914337158,false
8178,1.3495374126048768e8,6.884804144123703e6,2,0.07760190963745117,false
8179,1.3495376191947806e8,1.2109480312079698e8,13,0.33380603790283203,false
8180,1.3495391163064745e8,1.9169854753610432e7,5,0.1699810028076172,false
8181,1.3495396182499346e8,7.817478060134883e7,17,0.4599490165710449,false
8182,1.349539722677548e8,6.7705300243219435e6,2,0.0805201530456543,false
8183,1.3495398492613798e8,1.1623957809929222e7,3,0.10800886154174805,false
8184,1.3495399269796377e8,2.7258599103147566e7,7,0.21750593185424805,false
8185,1.3495400615720955e8,1.755227025940287e7,4,0.13004803657531738,false
8186,1.3495405509828022e8,2.925289058638157e7,10,0.24610400199890137,false
8187,1.349541896354146e8,1.7767558638931215e7,4,0.14340901374816895,false
8188,1.3495426704545647e8,7.809939403815919e7,18,0.48023200035095215,false
8189,1.3495428093845904e8,4.3042526897587925e7,8,0.2474989891052246,false
8190,1.3495431851622742e8,1.1329553815465778e7,3,0.10809111595153809,false
8191,1.3495454134310114e8,3.435727485815433e7,7,0.22154903411865234,false
8192,1.349545521486596e8,5.132256263936964e7,15,0.3710289001464844,false
8193,1.3495512693554997e8,1.1508097029194713e7,3,0.10295701026916504,false
8194,1.3495560543669993e8,4.108287787628281e7,7,0.19543695449829102,false
8195,1.3495567536608025e8,1.3424479163166448e7,4,0.13840603828430176,false
8196,1.3495567536608022e8,4.572116599999994e6,1,0.050852060317993164,false
8197,1.3495568597354987e8,5.733094931056382e7,17,0.40401196479797363,false
8198,1.3495575981028485e8,3.835969508081177e7,8,0.24507904052734375,false
8199,1.3495582682015514e8,1.509520869200115e8,28,0.6833488941192627,false
8200,1.3495584536697105e8,2.544489698987849e7,8,0.22155404090881348,false
8201,1.3495584916805205e8,2.118507632162574e7,5,0.16736197471618652,false
8202,1.349558914079218e8,1.1330422211088479e7,3,0.1070261001586914,false
8203,1.349560354427134e8,4.9542857650039405e7,10,0.2830009460449219,false
8204,1.3495604082572523e8,3.21607231042362e7,10,0.24622488021850586,false
8205,1.3495605148371252e8,1.0809330375593188e8,21,0.525935173034668,false
8206,1.3495610517013288e8,9.215769150853834e7,18,0.49446702003479004,false
8207,1.3495611761614236e8,4.670276221268469e7,11,0.28733396530151367,false
8208,1.349561578327535e8,3.361388553393319e7,10,0.2530679702758789,false
8209,1.3495617163128555e8,1.3432265314471424e7,4,0.1285538673400879,false
8210,1.349562505962325e8,1.9426964704098582e7,5,0.15554213523864746,false
8211,1.3495634978174525e8,1.2980199055229388e8,18,0.4486539363861084,false
8212,1.3495638900351936e8,1.8755486544212893e7,6,0.15642809867858887,false
8213,1.3495641780992928e8,2.1811016437981725e7,5,0.16830801963806152,false
8214,1.3495645047660455e8,1.7827514772759184e8,42,1.0021419525146484,false
8215,1.349566257577829e8,1.3433521666734385e8,26,0.6434140205383301,false
8216,1.3495662857480338e8,1.2687901530132413e7,4,0.13181185722351074,false
8217,1.349566680563154e8,4.567939505528845e7,12,0.2824230194091797,false
8218,1.3495685291565716e8,4.187989808044234e7,10,0.2570230960845947,false
8219,1.3495688892789757e8,2.9520680048428148e7,9,0.22278785705566406,false
8220,1.349569058079311e8,5.576511183323501e7,16,0.37317609786987305,false
8221,1.3495693403087223e8,2.412308407977788e7,8,0.2054300308227539,false
8222,1.349570056571897e8,1.1309681809464708e7,3,0.10742402076721191,false
8223,1.34957012344804e8,2.700055194589416e8,58,1.3523249626159668,false
8224,1.349572458421796e8,3.365593280686441e7,11,0.22378897666931152,false
8225,1.349572458421796e8,3.3685836100000143e6,1,0.04975104331970215,false
8226,1.349573436971985e8,1.0810192496380657e7,3,0.10766386985778809,false
8227,1.3495735606323296e8,3.2568783065610513e7,11,0.24562501907348633,false
8228,1.349577071619382e8,1.9805053725253254e7,4,0.13593697547912598,false
8229,1.349577314569487e8,1.4702581496628642e7,4,0.12527108192443848,false
8230,1.349577811700502e8,4.893838036669275e7,14,0.33904099464416504,false
8231,1.34957809192675e8,3.700965558426906e7,11,0.24683308601379395,false
8232,1.3495793317192197e8,2.1765235654474527e7,6,0.171644926071167,false
8233,1.3495794983776417e8,3.0536847322325855e7,10,0.23332810401916504,false
8234,1.3495801657190284e8,2.075939852863887e7,4,0.1381368637084961,false
8235,1.3495801657190284e8,3.3685836100000143e6,1,0.0504610538482666,false
8236,1.3495802885840395e8,4.19301753050113e7,11,0.27907609939575195,false
8237,1.3495808616686273e8,2.5476191746028575e8,32,0.7689409255981445,false
8238,1.3495814603017005e8,7.819619121759164e7,23,0.5314059257507324,false
8239,1.3495814603017002e8,3.3685836100000143e6,1,0.051084041595458984,false
8240,1.3495838533912173e8,5.972434420700225e7,14,0.3361949920654297,false
8241,1.3495841041236097e8,3.520279065929213e7,10,0.24235796928405762,false
8242,1.3495841793060023e8,6.649023901643276e6,2,0.0867760181427002,false
8243,1.3495841793060023e8,3.385118169999987e6,1,0.05122995376586914,false
8244,1.349587463862529e8,3.575483669243842e7,6,0.1793220043182373,false
8245,1.3495875836110196e8,1.1124045103989875e8,31,0.7417171001434326,false
8246,1.349587770126749e8,6.185458216912475e7,12,0.3068349361419678,false
8247,1.3495884299314535e8,2.6851774822521165e7,8,0.22786712646484375,false
8248,1.34958893648364e8,2.163792080867791e7,6,0.1846179962158203,false
8249,1.349589338479319e8,1.2283943937635392e7,3,0.1036689281463623,false
8250,1.3495899091511855e8,3.2104088346061945e7,6,0.20038509368896484,false
8251,1.3495945411289918e8,4.014407624649352e7,7,0.19485783576965332,false
8252,1.349595837164797e8,3.923874751557505e7,8,0.21165013313293457,false
8253,1.3495967461624724e8,1.729547247039348e7,5,0.1523590087890625,false
8254,1.3495969873258966e8,2.5953275727203533e7,8,0.21243786811828613,false
8255,1.349597085147594e8,8.3674400163443e7,17,0.4393911361694336,false
8256,1.3495975675703573e8,5.281509820741248e7,11,0.30292797088623047,false
8257,1.3495975903068152e8,1.1352232712395623e7,3,0.10523390769958496,false
8258,1.3495975903068155e8,3.3685836100000143e6,1,0.05002713203430176,false
8259,1.3495985662931597e8,4.78527238721897e7,14,0.35816097259521484,false
8260,1.349598638492437e8,2.5797370971299708e7,6,0.1969308853149414,false
8261,1.349598853487006e8,2.1990246386718586e7,6,0.17377710342407227,false
8262,1.349598902147874e8,6.872539133265287e6,2,0.08316397666931152,false
8263,1.3496029055492952e8,1.3527215711182123e8,19,0.42952704429626465,false
8264,1.349603611959944e8,5.788524942707065e7,12,0.2856099605560303,false
8265,1.349603611959944e8,6.867541584123701e6,2,0.08156895637512207,false
8266,1.349605805731733e8,3.817740202113819e7,6,0.16591095924377441,false
8267,1.349606580829058e8,1.3144001340000004e7,3,0.10653901100158691,false
8268,1.349606580829058e8,8.133975765237987e6,2,0.08181905746459961,false
8269,1.349606689958381e8,1.0347713466973464e8,26,0.6424949169158936,false
8270,1.3496068670369145e8,8.86640835036034e7,21,0.511523962020874,false
8271,1.3496071431666276e8,1.2222007604027027e8,20,0.5525550842285156,false
8272,1.3496081687875658e8,1.6671339623951942e7,5,0.15288400650024414,false
8273,1.349608615919497e8,6.753982858742237e6,2,0.08498692512512207,false
8274,1.3496092667760855e8,1.6721020759028569e7,5,0.154616117477417,false
8275,1.3496099139489138e8,4.265155016413219e7,12,0.284837007522583,false
8276,1.3496104835094148e8,2.034515767350754e7,4,0.146651029586792,false
8277,1.3496113745755324e8,3.427093671019974e7,10,0.2500569820404053,false
8278,1.349611448590243e8,3.713472317410864e7,11,0.26009702682495117,false
8279,1.3496130722621405e8,2.9906487559764117e7,8,0.22915291786193848,false
8280,1.3496132469855487e8,6.773752927765101e6,2,0.08907294273376465,false
8281,1.3496155198712727e8,2.223652757109344e7,4,0.13178300857543945,false
8282,1.3496159419908595e8,1.8387964520204067e7,5,0.16524600982666016,false
8283,1.3496163689034584e8,4.1997690750825316e7,7,0.22138309478759766,false
8284,1.3496180155915105e8,5.575534182511145e7,16,0.4396400451660156,false
8285,1.3496180783302528e8,6.884995790993661e6,2,0.07967185974121094,false
8286,1.3496190958467975e8,2.6270110121315494e7,7,0.20865106582641602,false
8287,1.3496190958467975e8,3.3685836100000143e6,1,0.05122089385986328,false
8288,1.3496199819691217e8,1.5862999101051345e7,5,0.15497112274169922,false
8289,1.349620067524929e8,1.3500279240935758e7,4,0.13424086570739746,false
8290,1.3496204442828107e8,6.737404556715906e6,2,0.0874640941619873,false
8291,1.3496212434382474e8,6.7382984356532395e6,2,0.08800196647644043,false
8292,1.3496241624233466e8,3.385118169999987e6,1,0.051679134368896484,false
8293,1.3496266173038065e8,2.7410702079409182e7,6,0.18067693710327148,false
8294,1.3496270256161842e8,2.7148515875748485e7,6,0.19375205039978027,false
8295,1.3496271777296174e8,1.1477311008608595e8,25,0.6475539207458496,false
8296,1.3496272181794262e8,3.9060968803821445e7,12,0.27752208709716797,false
8297,1.349627598869204e8,1.5558380988209143e7,5,0.14507079124450684,false
8298,1.349627876890144e8,2.97678176850408e7,7,0.20609307289123535,false
8299,1.3496285058393598e8,6.75359624000001e6,2,0.08460497856140137,false
8300,1.3496306235264137e8,9.970370677011319e7,27,0.6427299976348877,false
8301,1.3496317214038828e8,4.357955519961919e7,11,0.27495694160461426,false
8302,1.3496319323453292e8,3.697071697176939e7,10,0.25902819633483887,false
8303,1.349632105129434e8,6.555338218452549e7,11,0.2543599605560303,false
8304,1.349632105129434e8,3.3685836100000143e6,1,0.05122685432434082,false
8305,1.3496324012101203e8,1.4384788158516675e7,4,0.14240217208862305,false
8306,1.3496325435211778e8,6.631364880309492e6,2,0.08684182167053223,false
8307,1.3496328924026358e8,3.342735915512824e7,6,0.1933610439300537,false
8308,1.3496329036710078e8,3.4965625056764856e7,8,0.25279903411865234,false
8309,1.34963300754677e8,6.2933139370283335e7,13,0.30924510955810547,false
8310,1.3496335395507982e8,6.665292349523324e7,14,0.38692593574523926,false
8311,1.349633586893562e8,1.325863375164266e7,4,0.13732409477233887,false
8312,1.34963382407596e8,5.928185011753009e7,17,0.44054293632507324,false
8313,1.3496340820988142e8,1.4790331593471795e7,5,0.14992690086364746,false
8314,1.349634653398819e8,2.930005361159548e7,7,0.20623111724853516,false
8315,1.3496346588752684e8,3.3685628890625983e6,1,0.05150485038757324,false
8316,1.3496363677731183e8,6.072218096441212e7,14,0.36033010482788086,false
8317,1.3496366481408966e8,7.597037670354223e7,14,0.39108705520629883,false
8318,1.34963667395061e8,9.202999360000014e6,3,0.10495281219482422,false
8319,1.3496366796210784e8,1.4844382141280413e7,4,0.13970017433166504,false
8320,1.3496368725078678e8,2.8713120734712407e7,7,0.22174787521362305,false
8321,1.3496371942455608e8,3.3069165138395637e7,8,0.2455451488494873,false
8322,1.3496371942455605e8,3.385118169999987e6,1,0.0505528450012207,false
8323,1.3496382910417643e8,9.418342529314834e7,18,0.4626431465148926,false
8324,1.3496382910417646e8,3.3685628890625983e6,1,0.05155801773071289,false
8325,1.349638404552172e8,6.7705300243219435e6,2,0.08362793922424316,false
8326,1.3496388354774734e8,2.1392119411678675e8,57,1.3703129291534424,false
8327,1.3496400786865723e8,1.3639259187897742e8,29,0.7654199600219727,false
8328,1.3496401284180963e8,6.426041239027439e7,17,0.4275641441345215,false
8329,1.3496405379378363e8,3.975420406342849e7,9,0.2603030204772949,false
8330,1.3496406604268113e8,4.3778680145334944e7,12,0.2955968379974365,false
8331,1.3496407523275033e8,1.8385775553842306e7,4,0.1406869888305664,false
8332,1.3496410665374297e8,2.1313168758803427e7,7,0.18313908576965332,false
8333,1.349641145081038e8,1.454824237212655e8,35,0.9195549488067627,false
8334,1.3496414481166172e8,1.347582802568245e7,4,0.13959908485412598,false
8335,1.349641448116617e8,3.5162721705476344e6,1,0.054695844650268555,false
8336,1.3496414787812993e8,1.2660857570671648e7,3,0.11156415939331055,false
8337,1.3496421017404965e8,6.867733230993658e6,2,0.07739496231079102,false
8338,1.3496421955906922e8,7.299967093636006e6,2,0.08431100845336914,false
8339,1.3496422929295525e8,9.98431664530389e6,3,0.1085209846496582,false
8340,1.34964235032025e8,1.3410559553958938e7,4,0.13987112045288086,false
8341,1.3496425714890343e8,6.738531425710797e6,2,0.0836939811706543,false
8342,1.3496438957316568e8,8.356365875250733e7,18,0.5084178447723389,false
8343,1.3496462766096342e8,2.692115475386685e7,9,0.23849201202392578,false
8344,1.349646334310863e8,2.6956256769048706e7,8,0.2209620475769043,false
8345,1.3496486206547257e8,1.9518719786445796e7,4,0.14279890060424805,false
8346,1.3496486593556073e8,1.5550225657866314e7,5,0.1481771469116211,false
8347,1.34964866996416e8,2.6532967675024003e7,7,0.2177739143371582,false
8348,1.349648801778432e8,1.2237701395854652e7,3,0.11104393005371094,false
8349,1.3496488739669934e8,9.834398213551283e6,3,0.10897111892700195,false
8350,1.3496488739669934e8,3.3685836099999994e6,1,0.04928994178771973,false
8351,1.3496488739669934e8,3.3685836100000143e6,1,0.04720115661621094,false
8352,1.3496489489906007e8,3.908615532626915e7,10,0.25896787643432617,false
8353,1.3496493989976716e8,2.375061763842264e7,5,0.1521470546722412,false
8354,1.3496494302447662e8,6.763339878192633e7,17,0.4697139263153076,false
8355,1.349649430244766e8,3.385118169999987e6,1,0.05158495903015137,false
8356,1.3496501119403702e8,2.0234776950392216e7,4,0.15305805206298828,false
8357,1.3496503379370144e8,1.1749782631430387e7,3,0.11033296585083008,false
8358,1.3496505327979246e8,5.863982591216287e7,13,0.3347170352935791,false
8359,1.3496505710924083e8,1.1494372702247652e8,23,0.5874109268188477,false
8360,1.3496513491663912e8,1.2991275639315754e7,4,0.1284019947052002,false
8361,1.349651386743887e8,3.6107060213150054e7,8,0.256911039352417,false
8362,1.3496520452190804e8,1.4621711747302026e7,4,0.1404399871826172,false
8363,1.3496521945774344e8,2.2429748664102346e7,4,0.15188097953796387,false
8364,1.3496522492156008e8,2.166144510027808e7,6,0.18732213973999023,false
8365,1.3496523972004837e8,1.0106556949383378e7,3,0.10765886306762695,false
8366,1.3496525348946378e8,1.4897425728934526e7,4,0.13450407981872559,false
8367,1.349655516099574e8,5.485701523045325e7,12,0.29137301445007324,false
8368,1.3496555160995743e8,3.3685836100000143e6,1,0.054151058197021484,false
8369,1.3496557476433206e8,9.500850828001687e7,17,0.46713900566101074,false
8370,1.3496558640387687e8,2.393048068034005e7,8,0.2200160026550293,false
8371,1.3496564468931758e8,3.418248002838771e7,11,0.22116994857788086,false
8372,1.349657323223064e8,7.10152996017273e7,15,0.3814680576324463,false
8373,1.349657323223064e8,3.3685836100000143e6,1,0.05191802978515625,false
8374,1.3496573398116642e8,3.963948458692679e7,9,0.2704179286956787,false
8375,1.3496574256203425e8,2.9223217935121417e7,7,0.22546601295471191,false
8376,1.349658320850984e8,7.833130505226193e7,18,0.470134973526001,false
8377,1.3496584074771836e8,1.5630259680478147e8,37,0.9262790679931641,false
8378,1.3496584314605284e8,4.647583328086445e7,16,0.3619699478149414,false
8379,1.3496586004630673e8,4.909185875587034e7,11,0.24652791023254395,false
8380,1.3496613959857938e8,1.4248256829999983e7,3,0.11572694778442383,false
8381,1.3496613959857938e8,3.3685836100000143e6,1,0.05287599563598633,false
8382,1.3496620397360495e8,1.0271893766665357e8,19,0.4668412208557129,false
8383,1.3496621043217984e8,8.563034692172208e7,15,0.4241518974304199,false
8384,1.3496623864798185e8,1.2845511509642154e7,3,0.11617398262023926,false
8385,1.3496624538055652e8,2.008578673756808e7,7,0.20657110214233398,false
8386,1.3496625579430747e8,3.645544207336056e7,9,0.25588297843933105,false
8387,1.349662557943075e8,8.51725122562623e6,2,0.08202981948852539,false
8388,1.3496626067776453e8,2.875919464475518e8,64,1.5485961437225342,false
8389,1.3496629709087318e8,1.5619783607888252e7,3,0.11476492881774902,false
8390,1.3496631416667974e8,9.048306057721406e6,2,0.08788514137268066,false
8391,1.3496631416667974e8,3.5162721705476344e6,1,0.05237984657287598,false
8392,1.3496631998040983e8,1.152505431475839e7,3,0.11576414108276367,false
8393,1.3496631998040986e8,3.3685836100000143e6,1,0.05167078971862793,false
8394,1.3496680065425438e8,2.397566056598854e7,4,0.1317901611328125,false
8395,1.3496682247143382e8,4.89436088658604e7,13,0.30988597869873047,false
8396,1.3496699413937256e8,1.6392519634355426e7,4,0.15031194686889648,false
8397,1.349670520637232e8,4.34689300782318e7,14,0.33620309829711914,false
8398,1.3496708401503882e8,1.417616856867601e7,4,0.14303183555603027,false
8399,1.3496718145305133e8,3.9603779634430826e7,7,0.2043910026550293,false
8400,1.3496722048031846e8,3.1152192784725577e7,10,0.2562100887298584,false
8401,1.349672532959921e8,1.3542170449702904e7,4,0.1420888900756836,false
8402,1.349672778955214e8,6.960716483596206e7,16,0.43505215644836426,false
8403,1.3496763015891504e8,3.2390194907357067e7,6,0.17387890815734863,false
8404,1.3496769584180042e8,2.4082279330079734e7,6,0.19192814826965332,false
8405,1.3496769584180045e8,3.3685836100000143e6,1,0.05164980888366699,false
8406,1.3496776020754984e8,8.070752337063712e7,23,0.5475211143493652,false
8407,1.3496782762287676e8,4.914760108574724e7,9,0.27330899238586426,false
8408,1.3496783507279304e8,6.737227532150999e6,2,0.0837240219116211,false
8409,1.349678524893227e8,1.0132489072096393e7,3,0.10879397392272949,false
8410,1.3496810547029713e8,1.0512357697463793e8,17,0.40573787689208984,false
8411,1.3496845987238526e8,1.0861436190545696e8,20,0.46814417839050293,false
8412,1.3496848113601097e8,3.3685836100000143e6,1,0.05150604248046875,false
8413,1.349684985522228e8,6.618237155591071e7,17,0.4352428913116455,false
8414,1.3496862913756484e8,2.766679631038195e7,7,0.21459007263183594,false
8415,1.3496863491884616e8,8.004566319814682e6,2,0.08565998077392578,false
8416,1.34968668111596e8,9.917649058723839e7,19,0.5062589645385742,false
8417,1.349686970145528e8,2.3515786805462494e7,7,0.2197110652923584,false
8418,1.3496871217498344e8,4.821739776921472e7,10,0.29483985900878906,false
8419,1.349687417914703e8,5.697583880643377e7,14,0.382094144821167,false
8420,1.34968765625901e8,6.738028460000008e6,2,0.08382701873779297,false
8421,1.3496880027612126e8,2.388657008364497e7,7,0.21795296669006348,false
8422,1.3496883843279964e8,2.1650166249765277e7,4,0.14796686172485352,false
8423,1.3496898437253514e8,7.190945990454301e7,13,0.3604919910430908,false
8424,1.3496906284253266e8,4.7106310824522585e7,12,0.29424595832824707,false
8425,1.3496940381534636e8,3.825211993488845e7,7,0.21035003662109375,false
8426,1.3496947759449834e8,1.3373896869835913e7,4,0.13618803024291992,false
8427,1.3496947759449837e8,3.385118169999987e6,1,0.05229616165161133,false
8428,1.3496948763072515e8,1.1134828527904853e8,27,0.6757278442382812,false
8429,1.349694877181077e8,3.3685836099999994e6,1,0.04954099655151367,false
8430,1.3496955149817833e8,4.225393343070495e7,11,0.2783019542694092,false
8431,1.349695825018344e8,4.782665765821302e7,9,0.2633180618286133,false
8432,1.349695923752706e8,2.067253308101359e7,5,0.1732020378112793,false
8433,1.3496985431208017e8,1.081490936368376e7,3,0.10596895217895508,false
8434,1.3496988279720718e8,1.9812152012545943e7,7,0.19949793815612793,false
8435,1.3496988279720718e8,3.3685836100000143e6,1,0.04967498779296875,false
8436,1.349699178279074e8,1.3478183466437459e7,4,0.13184309005737305,false
8437,1.349700948116602e8,1.6175438653471485e7,5,0.14979910850524902,false
8438,1.349701012006906e8,5.50281207113699e7,10,0.24971294403076172,false
8439,1.349701113651098e8,6.737519435774833e6,2,0.08336496353149414,false
8440,1.3497011136510983e8,3.385118169999987e6,1,0.05126810073852539,false
8441,1.3497012065117842e8,3.711838761765358e7,11,0.2720298767089844,false
8442,1.3497015934883907e8,3.023393951481399e7,10,0.2383561134338379,false
8443,1.349701593488391e8,3.3685836100000143e6,1,0.053975820541381836,false
8444,1.3497016254100046e8,6.633701606697397e7,11,0.3171720504760742,false
8445,1.349702142094731e8,3.73686592079193e7,7,0.2144179344177246,false
8446,1.349702732184428e8,5.3882619444776595e7,15,0.38234901428222656,false
8447,1.349702732184428e8,3.385118169999987e6,1,0.05302906036376953,false
8448,1.349702732184428e8,6.738028460000008e6,2,0.08498692512512207,false
8449,1.349703172976741e8,1.2744311234957233e7,4,0.1308460235595703,false
8450,1.3497033593104285e8,4.743482132256669e7,9,0.2322080135345459,false
8451,1.3497033593104282e8,3.385118169999987e6,1,0.05083799362182617,false
8452,1.3497033598720342e8,9.104023959721646e7,26,0.650083065032959,false
8453,1.349703378938326e8,3.2156726187288016e7,8,0.25569701194763184,false
8454,1.349703837845911e8,2.1389798770292327e7,5,0.15064001083374023,false
8455,1.3497046671032214e8,7.957315603428066e6,2,0.08312797546386719,false
8456,1.3497046671032214e8,3.3685836100000143e6,1,0.05176591873168945,false
8457,1.3497051972451478e8,5.569320990432513e7,12,0.283001184463501,false
8458,1.349705960222049e8,2.0596975521671146e7,5,0.14818096160888672,false
8459,1.349705960222049e8,4.572116599999994e6,1,0.05318188667297363,false
8460,1.3497062023998472e8,5.4295029954797864e7,13,0.33813905715942383,false
8461,1.3497062023998475e8,8.133975765237987e6,2,0.08142709732055664,false
8462,1.3497065189694357e8,8.090473467749907e7,23,0.531390905380249,false
8463,1.3497078706786624e8,6.818131176932204e7,11,0.26212596893310547,false
8464,1.3497097328093508e8,1.6118438855281204e7,3,0.11419200897216797,false
8465,1.34970974351257e8,6.7705300243219435e6,2,0.0846710205078125,false
8466,1.3497099740976366e8,1.1510881912120193e7,3,0.10453009605407715,false
8467,1.3497100672579384e8,1.532776120251824e7,4,0.12937593460083008,false
8468,1.3497104941404673e8,9.396727250655264e6,3,0.10496997833251953,false
8469,1.349710682244525e8,9.028797953916204e7,18,0.47217297554016113,false
8470,1.3497109781799766e8,6.768189457722417e7,10,0.23496603965759277,false
8471,1.349710978180066e8,3.3685836100000143e6,1,0.05327010154724121,false
8472,1.3497112041954905e8,4.295988701936136e7,11,0.29380178451538086,false
8473,1.3497120033586815e8,1.7873405673875004e7,4,0.154616117477417,false
8474,1.349712250660884e8,1.4306232856731504e7,3,0.1168968677520752,false
8475,1.349712648914601e8,6.737061679999992e6,2,0.08511018753051758,false
8476,1.3497129440630722e8,1.1353378910980514e8,24,0.6337490081787109,false
8477,1.3497132469340056e8,1.1342061699999988e7,3,0.11359095573425293,false
8478,1.349716068483261e8,9.713363489878452e7,16,0.43677496910095215,false
8479,1.3497160893188745e8,5.496584017788339e7,18,0.4457550048828125,false
8480,1.3497165287037623e8,2.037015770204024e7,6,0.1903529167175293,false
8481,1.3497165429147053e8,1.8165171618133903e7,6,0.1819901466369629,false
8482,1.349716699237325e8,2.3222985867665395e7,7,0.21050381660461426,false
8483,1.3497244068228126e8,1.930749163453786e7,6,0.1626131534576416,false
8484,1.3497245204214862e8,1.5560636065551624e8,29,0.6690120697021484,false
8485,1.349727357961966e8,3.549860062520778e7,7,0.24049091339111328,false
8486,1.3497273579619658e8,3.3685836100000143e6,1,0.05123305320739746,false
8487,1.3497274833519512e8,3.0281797739858925e7,7,0.22289395332336426,false
8488,1.349731283685753e8,1.776414325787066e8,17,0.3962099552154541,false
8489,1.3497313349058843e8,5.673068245672439e7,16,0.4287140369415283,false
8490,1.349731630519642e8,1.8047648821729094e7,4,0.15669798851013184,false
8491,1.349731800857644e8,8.80370581920929e7,17,0.42203402519226074,false
8492,1.3497341524518788e8,7.593139019443959e6,2,0.08833193778991699,false
8493,1.3497341815407923e8,1.2755545836727485e7,4,0.13777709007263184,false
8494,1.349734460146801e8,9.150739175264221e7,19,0.5350439548492432,false
8495,1.3497352325547802e8,3.312199320442483e7,6,0.2041928768157959,false
8496,1.3497352361609012e8,5.048818313533598e7,13,0.35955309867858887,false
8497,1.3497352786547413e8,1.38421976279089e7,4,0.1389329433441162,false
8498,1.3497353594764838e8,9.467142032733269e7,28,0.6730530261993408,false
8499,1.349735359477326e8,3.5162721705476344e6,1,0.052175045013427734,false
8500,1.3497362440476292e8,2.892913446447131e8,46,1.1780550479888916,false
8501,1.349736863365505e8,9.395374870000005e6,3,0.10457682609558105,false
8502,1.3497410774121565e8,1.9859912307907075e7,4,0.1385509967803955,false
8503,1.3497431340512002e8,2.4142160128629297e7,6,0.17109203338623047,false
8504,1.3497434007041723e8,6.901579871549159e6,2,0.08229708671569824,false
8505,1.34974375771406e8,1.3131750040210962e7,3,0.11395907402038574,false
8506,1.3497437889693126e8,2.150735875027138e7,6,0.1953129768371582,false
8507,1.3497442361136496e8,6.610823517538643e7,16,0.435283899307251,false
8508,1.3497443651404035e8,1.7512921805490166e7,5,0.16208696365356445,false
8509,1.349744686430656e8,2.9881278849501118e7,9,0.24542713165283203,false
8510,1.349744686430656e8,3.3685836100000143e6,1,0.05394601821899414,false
8511,1.3497448347447434e8,8.784910498064017e7,15,0.4280848503112793,false
8512,1.3497451895284507e8,1.9645092221963257e7,5,0.15206313133239746,false
8513,1.3497454225097114e8,2.7485990742771626e7,7,0.22630596160888672,false
8514,1.3497476506735903e8,8.53167359274055e7,14,0.3320488929748535,false
8515,1.349748527127438e8,3.0888441126523882e7,7,0.23007416725158691,false
8516,1.349749339963148e8,4.283695296135473e7,13,0.31865596771240234,false
8517,1.3497497980659434e8,1.3278587877218127e7,4,0.136138916015625,false
8518,1.3497499157869878e8,1.8685748502499193e7,4,0.1516740322113037,false
8519,1.3497501133419055e8,1.0656875106119215e7,3,0.1102609634399414,false
8520,1.3497503540715387e8,4.422664980335584e7,13,0.32645297050476074,false
8521,1.3497504442350745e8,5.939060376298475e7,15,0.3608269691467285,false
8522,1.349750488502264e8,1.0739157755651534e7,3,0.10979199409484863,false
8523,1.349750855153528e8,2.462212891739905e7,5,0.1594099998474121,false
8524,1.3497512007565743e8,9.713625709396362e6,3,0.10416913032531738,false
8525,1.3497531630639023e8,2.639050425941217e7,5,0.17157888412475586,false
8526,1.3497532625801066e8,3.397181972482672e7,7,0.22114014625549316,false
8527,1.3497532841719863e8,5.014737578526473e7,12,0.3353710174560547,false
8528,1.349755513220688e8,1.5793902700691888e8,27,0.7351968288421631,false
8529,1.3497555383717468e8,1.2690298444094583e7,4,0.13887310028076172,false
8530,1.3497558697505152e8,7.075966093636006e6,2,0.08680009841918945,false
8531,1.3497560260368478e8,7.70580316120969e7,14,0.34793591499328613,false
8532,1.349756885571867e8,2.0529997433731064e8,42,1.0834670066833496,false
8533,1.3497568855718672e8,4.572116599999994e6,1,0.05622100830078125,false
8534,1.3497572922750118e8,5.638975390033783e7,15,0.4039180278778076,false
8535,1.3497573169728866e8,1.7883671704714537e7,5,0.16107988357543945,false
8536,1.3497598344848624e8,7.999028799999982e6,2,0.08914709091186523,false
8537,1.3497642176834214e8,1.1785867337192759e8,18,0.4262878894805908,false
8538,1.3497645710399055e8,2.327635637432152e7,5,0.16259098052978516,false
8539,1.3497646704553202e8,1.2299032091154754e7,3,0.11721920967102051,false
8540,1.3497662937636358e8,2.3896391462032452e8,44,1.163693904876709,false
8541,1.3497672169581443e8,4.160520296728665e7,11,0.28317689895629883,false
8542,1.3497678516683337e8,1.3669502837831348e7,4,0.12962007522583008,false
8543,1.3497685422050947e8,4.1026768588220745e7,9,0.22818803787231445,false
8544,1.349768620928032e8,6.4295754514511645e7,10,0.3088829517364502,false
8545,1.349768620928032e8,3.3685836100000143e6,1,0.05189800262451172,false
8546,1.3497689411697128e8,7.340460750020806e7,14,0.4005401134490967,false
8547,1.349770109860752e8,6.2933248698319614e7,15,0.3828859329223633,false
8548,1.3497701140666783e8,1.252025394359824e7,3,0.11477494239807129,false
8549,1.3497701245143214e8,8.216089913772255e6,2,0.0923011302947998,false
8550,1.3497708624505678e8,1.0093019826958656e8,19,0.5326919555664062,false
8551,1.349774394924976e8,3.02328272419132e7,5,0.15323305130004883,false
8552,1.3497744589546543e8,1.689030686193794e7,5,0.1721038818359375,false
8553,1.3497748260796872e8,3.4950764295622334e7,9,0.22906494140625,false
8554,1.3497748551008844e8,4.878993807741749e7,12,0.31101512908935547,false
8555,1.3497755089053825e8,5.5292455651132196e7,12,0.32564306259155273,false
8556,1.34977552586286e8,1.488398012898949e8,36,0.9058678150177002,false
8557,1.3497758840719786e8,8.26227638896765e7,17,0.4728250503540039,false
8558,1.3497770370250413e8,5.520251421411365e7,9,0.2891390323638916,false
8559,1.3497770477996165e8,6.737114637337387e6,2,0.08863997459411621,false
8560,1.3497804516695496e8,1.7885482710674554e7,4,0.14067411422729492,false
8561,1.3497804516695496e8,3.385118169999987e6,1,0.054370880126953125,false
8562,1.3497849231057903e8,2.1402968472643524e7,4,0.13276410102844238,false
8563,1.34978508569617e8,6.79542679887639e7,17,0.46134400367736816,false
8564,1.3497856793149272e8,2.1670506555085823e7,5,0.16382193565368652,false
8565,1.3497862758683598e8,6.898092406584537e7,10,0.24561786651611328,false
8566,1.3497862758683595e8,3.5162721705476344e6,1,0.05355215072631836,false
8567,1.3497879992145652e8,1.8728768303560215e8,34,0.9156088829040527,false
8568,1.3497879994510844e8,4.0525916069076896e7,13,0.33059096336364746,false
8569,1.3497880426003686e8,4.0189652749943435e7,10,0.27544212341308594,false
8570,1.349788117052911e8,2.8385485836062938e7,5,0.18121004104614258,false
8571,1.349788162727604e8,2.7289384753675953e7,9,0.22272491455078125,false
8572,1.3497888081222355e8,8.385805985282034e6,2,0.08364200592041016,false
8573,1.349788897021408e8,3.277905486196217e7,6,0.2081010341644287,false
8574,1.3497889004745397e8,2.6372473179056212e7,7,0.21923589706420898,false
8575,1.349790142203054e8,1.422776285662771e8,28,0.7686750888824463,false
8576,1.3497901967371982e8,3.1633024180036336e7,10,0.23488593101501465,false
8577,1.3497901967371982e8,3.3685628890625983e6,1,0.053060054779052734,false
8578,1.3497924427781639e8,7.592764025254667e6,2,0.08782100677490234,false
8579,1.3497963946365473e8,2.295579635911703e7,5,0.15933012962341309,false
8580,1.3497968684491464e8,1.4368360122630551e7,4,0.12859487533569336,false
8581,1.34979699205905e8,9.314065086395264e6,3,0.10967898368835449,false
8582,1.3497970183840933e8,3.8774617448529154e7,10,0.28536105155944824,false
8583,1.3497970473649073e8,1.8923289130300125e8,23,0.5894570350646973,false
8584,1.3497977695369816e8,3.907937584583132e7,11,0.2728240489959717,false
8585,1.3497978658961755e8,1.01063123510385e7,3,0.10985779762268066,false
8586,1.3497978658961758e8,4.572116599999994e6,1,0.05574607849121094,false
8587,1.3497979938904965e8,6.677386694798747e7,14,0.4079720973968506,false
8588,1.349798267470227e8,4.8354916396827966e7,11,0.299285888671875,false
8589,1.349798344672726e8,3.5509491999911875e7,9,0.2594759464263916,false
8590,1.349798563975197e8,6.884317311549157e6,2,0.08254003524780273,false
8591,1.3497987792842203e8,2.118198048138301e7,7,0.20264911651611328,false
8592,1.3497994470383886e8,5.6824824105810374e7,9,0.25543785095214844,false
8593,1.3498027953329122e8,5.392812208475897e7,10,0.2694990634918213,false
8594,1.3498029782496646e8,8.53286185913714e7,19,0.5450389385223389,false
8595,1.349802978249665e8,3.3685836100000143e6,1,0.05200314521789551,false
8596,1.3498030173913527e8,2.4126396296448573e7,7,0.20340490341186523,false
8597,1.3498041672202525e8,1.3788146213219464e7,3,0.11505413055419922,false
8598,1.3498044239001697e8,9.702347700080582e7,15,0.4312589168548584,false
8599,1.349804443470994e8,2.514556678286107e7,8,0.23869109153747559,false
8600,1.3498048616557756e8,1.930357348907256e7,4,0.1544017791748047,false
8601,1.3498049061205387e8,4.398639074085824e7,12,0.296356201171875,false
8602,1.3498049061205387e8,3.3685628890625983e6,1,0.0542600154876709,false
8603,1.3498060603456104e8,1.342879879352495e7,3,0.10963892936706543,false
8604,1.3498063320259172e8,2.125513832219839e7,5,0.16959190368652344,false
8605,1.3498063320259172e8,3.3685836100000143e6,1,0.051087141036987305,false
8606,1.3498079791682175e8,4.0488124041693e7,7,0.19807100296020508,false
8607,1.3498082260378549e8,3.1643062914453045e7,10,0.2589099407196045,false
8608,1.3498085303503326e8,3.2941866207382172e7,7,0.23512697219848633,false
8609,1.349809142996241e8,2.9770017544112414e7,9,0.22759008407592773,false
8610,1.3498101335972047e8,1.8488851656631112e7,5,0.1644580364227295,false
8611,1.3498101702805158e8,1.5954701735583931e7,4,0.14578986167907715,false
8612,1.349811845518003e8,2.515909023950851e7,6,0.17487597465515137,false
8613,1.3498137636348534e8,2.7259562461656094e7,5,0.16419506072998047,false
8614,1.3498140580128458e8,3.502632693860847e7,11,0.26402902603149414,false
8615,1.3498141785006115e8,3.220266714668818e7,7,0.2304830551147461,false
8616,1.3498157887727523e8,8.275155613832602e7,16,0.45922088623046875,false
8617,1.349817491272691e8,7.64390434630441e7,15,0.37662506103515625,false
8618,1.3498174949988878e8,6.8558746400000155e6,2,0.0930180549621582,false
8619,1.3498177667125395e8,1.2569323827558747e8,18,0.5219309329986572,false
8620,1.349818064796054e8,1.1013950956811428e7,3,0.11148405075073242,false
8621,1.3498180647963026e8,3.3685836100000143e6,1,0.05426597595214844,false
8622,1.3498188504267314e8,7.326361456693105e7,17,0.4588789939880371,false
8623,1.3498189035065603e8,2.4492724606078103e7,8,0.21539688110351562,false
8624,1.3498228095722476e8,8.115257219404879e7,19,0.4834480285644531,false
8625,1.3498230255246264e8,4.960743379784769e7,10,0.28943705558776855,false
8626,1.349823044476756e8,3.4654766930151284e7,10,0.25545501708984375,false
8627,1.3498231687601292e8,1.497554962828973e7,4,0.1457059383392334,false
8628,1.3498232805882818e8,7.48260784132365e7,16,0.4562649726867676,false
8629,1.3498232805882818e8,3.3685836100000143e6,1,0.055149078369140625,false
8630,1.3498236894099537e8,9.148501645625803e7,13,0.35978198051452637,false
8631,1.3498239343247277e8,1.4067761658591077e8,21,0.5316369533538818,false
8632,1.3498242467557767e8,2.0553811375075772e7,6,0.1795051097869873,false
8633,1.3498245739666787e8,9.412099682910949e6,3,0.11112093925476074,false
8634,1.3498259836241528e8,4.7296594161203295e7,11,0.29665589332580566,false
8635,1.34982770792539e8,4.7036623223011285e7,8,0.21854901313781738,false
8636,1.3498284774849802e8,1.7167342586919367e7,5,0.17036700248718262,false
8637,1.3498285643269807e8,1.3496119611711144e7,4,0.14293813705444336,false
8638,1.3498294886238098e8,1.949382416113141e7,5,0.1661539077758789,false
8639,1.349830205769728e8,7.576183029327601e6,2,0.08677911758422852,false
8640,1.349830254482455e8,5.240571007099964e7,13,0.3408639430999756,false
8641,1.3498302544824544e8,3.3685836100000143e6,1,0.05156087875366211,false
8642,1.3498313396348065e8,6.217756317880732e7,22,0.4983551502227783,false
8643,1.3498318612857395e8,1.2288246314081992e8,19,0.43697500228881836,false
8644,1.3498322214045328e8,5.063415697625846e7,8,0.20926904678344727,false
8645,1.3498328106360805e8,1.6479383426625729e7,4,0.1421818733215332,false
8646,1.349833562555483e8,1.2137278091968614e8,19,0.4948711395263672,false
8647,1.349833789276682e8,5.306024529469681e7,9,0.2291557788848877,false
8648,1.3498343400033525e8,4.042992315462658e7,9,0.22686100006103516,false
8649,1.3498392827195403e8,4.6491967559360296e7,11,0.2536652088165283,false
8650,1.3498403695569307e8,2.7977244430998355e7,5,0.1661369800567627,false
8651,1.3498424009703e8,2.2605053760374132e8,36,0.8488619327545166,false
8652,1.34984253438065e8,2.7601795059791952e7,6,0.20298290252685547,false
8653,1.3498429016436583e8,1.367711951183264e7,4,0.1428849697113037,false
8654,1.349843764314839e8,1.8185269198796123e7,5,0.15813612937927246,false
8655,1.3498448943498233e8,9.899841356087804e6,2,0.08516907691955566,false
8656,1.3498449421216694e8,1.6841249759639606e7,6,0.18128180503845215,false
8657,1.3498461955897987e8,1.3521224125595301e7,3,0.12569022178649902,false
8658,1.349846319581271e8,5.501838302591887e7,15,0.40559887886047363,false
8659,1.3498464014131272e8,2.0714048211904353e8,43,1.1251749992370605,false
8660,1.3498464318974853e8,1.4231149428904444e7,3,0.1083519458770752,false
8661,1.349846742227846e8,1.5068579515250635e8,30,0.7825119495391846,false
8662,1.3498469069250354e8,1.512420698785016e7,4,0.1384730339050293,false
8663,1.349847120077711e8,1.1226327306140408e7,3,0.11706900596618652,false
8664,1.3498471526942122e8,4.623221317034648e7,14,0.36011314392089844,false
8665,1.3498476973740417e8,3.4679296228648275e7,6,0.18354296684265137,false
8666,1.349849725537724e8,1.3806102805233002e7,4,0.1427600383758545,false
8667,1.3498497911283714e8,2.9479810795065537e7,9,0.24730801582336426,false
8668,1.349850323279051e8,7.515856923162353e7,19,0.5161058902740479,false
8669,1.349850823920056e8,2.9934597844605476e7,7,0.2071681022644043,false
8670,1.349850944278346e8,4.457458177558844e7,9,0.27445292472839355,false
8671,1.349850951132845e8,3.361140175959408e7,11,0.2638559341430664,false
8672,1.3498510259496462e8,1.2566053116810367e7,4,0.12911105155944824,false
8673,1.3498513369014663e8,8.872365910799125e7,17,0.4842391014099121,false
8674,1.3498517617076138e8,2.077932258495769e7,5,0.1688709259033203,false
8675,1.3498518362881655e8,1.2281080459124146e8,26,0.7069709300994873,false
8676,1.349852517498386e8,3.50563792737509e7,7,0.19901394844055176,false
8677,1.349852517498386e8,6.737345558314413e6,2,0.08638215065002441,false
8678,1.3498532868080014e8,1.048825817148304e7,3,0.11390995979309082,false
8679,1.349854083308897e8,5.834712425915271e7,11,0.2957029342651367,false
8680,1.3498540833088967e8,3.3685628890626132e6,1,0.05484795570373535,false
8681,1.3498540858161205e8,6.041555836183441e7,19,0.4799611568450928,false
8682,1.3498546314507666e8,2.2003199752475113e7,5,0.17493104934692383,false
8683,1.3498546443595752e8,4.4583231941544026e7,9,0.26186490058898926,false
8684,1.3498546443595755e8,3.3685628890626132e6,1,0.051902055740356445,false
8685,1.3498547516215765e8,3.913846476877728e7,9,0.2289128303527832,false
8686,1.3498562488375053e8,2.4863899009689033e7,6,0.18782901763916016,false
8687,1.3498562488375053e8,6.63366464209637e6,2,0.0882120132446289,false
8688,1.34985649999835e8,1.6573574347065002e7,5,0.16208696365356445,false
8689,1.3498567458209947e8,6.738531425710797e6,2,0.0868840217590332,false
8690,1.3498568006102666e8,2.0235615793307483e7,6,0.1849501132965088,false
8691,1.3498576628131846e8,5.1285527851986915e7,11,0.28970909118652344,false
8692,1.3498577746291423e8,1.0108173685039371e7,3,0.10765480995178223,false
8693,1.349857908538005e8,1.2958486254056007e7,3,0.11390113830566406,false
8694,1.34985791251996e8,6.737345558314413e6,2,0.08559083938598633,false
8695,1.3498579881747377e8,1.2005704773071617e7,3,0.11797308921813965,false
8696,1.34985802185787e8,1.6689264628543466e7,4,0.14865398406982422,false
8697,1.3498580218578696e8,4.572116599999994e6,1,0.056138038635253906,false
8698,1.3498580218578705e8,7.168987919297814e6,2,0.08506107330322266,false
8699,1.3498586309238034e8,3.1576128832687154e7,9,0.23179101943969727,false
8700,1.3498586510336587e8,2.1932052335559487e7,7,0.1988368034362793,false
8701,1.3498591807536268e8,4.5932274919163376e7,12,0.2969181537628174,false
8702,1.3498591807536265e8,3.3685836100000143e6,1,0.0524899959564209,false
8703,1.349859968119471e8,3.5203267860256225e7,8,0.2528810501098633,false
8704,1.349859968119471e8,3.385118169999987e6,1,0.0533299446105957,false
8705,1.3498600473251066e8,6.738298435653225e6,2,0.08778691291809082,false
8706,1.3498615188172305e8,3.626833321178675e7,10,0.2719111442565918,false
8707,1.3498616890602964e8,3.130322531644696e7,6,0.18567895889282227,false
8708,1.3498618611938676e8,1.027014189106141e7,3,0.11423897743225098,false
8709,1.349861894337115e8,6.628732730000004e6,2,0.08672785758972168,false
8710,1.349861923727379e8,1.974263604492189e7,6,0.18346309661865234,false
8711,1.349861923727379e8,3.3685628890626132e6,1,0.05380892753601074,false
8712,1.3498627629103026e8,3.428139799449271e7,6,0.19000601768493652,false
8713,1.349862880998606e8,2.7658724665773377e7,9,0.24692511558532715,false
8714,1.3498628809986064e8,3.3685836099999994e6,1,0.052266836166381836,false
8715,1.3498642149920672e8,7.993048299814671e6,2,0.0893850326538086,false
8716,1.3498655403773516e8,3.8393775506569356e7,8,0.26441097259521484,false
8717,1.349867070146702e8,3.1491595335940063e7,7,0.22532010078430176,false
8718,1.3498674081129974e8,1.0169025903815895e7,3,0.11989688873291016,false
8719,1.3498674156285968e8,9.695016995137708e7,29,0.7017722129821777,false
8720,1.3498678695858383e8,4.923585732207899e7,11,0.29184889793395996,false
8721,1.349868355996583e8,1.6144451801221937e7,4,0.14948010444641113,false
8722,1.349868355996583e8,3.3685836100000143e6,1,0.050900936126708984,false
8723,1.3498683691063306e8,1.734653442379174e8,29,0.7843279838562012,false
8724,1.349868660714061e8,6.737518572287232e6,2,0.08492588996887207,false
8725,1.3498686607140607e8,3.385118169999987e6,1,0.05254507064819336,false
8726,1.3498687282800382e8,2.8247439969044268e7,8,0.2457599639892578,false
8727,1.3498694964915806e8,3.51162892784078e7,8,0.26875901222229004,false
8728,1.3498699480092567e8,1.2769136687879056e7,4,0.13571500778198242,false
8729,1.34987016974647e8,3.1383148323926598e7,6,0.19834113121032715,false
8730,1.349870440731671e8,1.4948069207040071e7,4,0.137908935546875,false
8731,1.3498705027179345e8,2.8184205547010586e7,9,0.2407219409942627,false
8732,1.34987056000982e8,6.249156547457568e7,16,0.44666099548339844,false
8733,1.3498709743518755e8,2.4388478721939465e8,32,0.8865461349487305,false
8734,1.3498727296772352e8,9.764197639010644e7,17,0.44303178787231445,false
8735,1.3498733608901334e8,4.722332961447163e7,13,0.34232521057128906,false
8736,1.3498741845139337e8,3.394688723301259e7,8,0.24662089347839355,false
8737,1.34987422607991e8,5.310433711482304e7,14,0.38482093811035156,false
8738,1.3498747118958426e8,4.869160621188113e7,10,0.28907012939453125,false
8739,1.349874735487451e8,3.3685628890625983e6,1,0.052911996841430664,false
8740,1.3498755675355256e8,4.962082682194221e7,13,0.3184239864349365,false
8741,1.3498756177779981e8,1.194370124103593e8,20,0.5368168354034424,false
8742,1.3498756388919914e8,1.4689985534597099e7,5,0.15918922424316406,false
8743,1.34987572716322e8,2.632473077598818e8,38,0.9645299911499023,false
8744,1.3498762335691118e8,2.4428750982807443e7,8,0.22567296028137207,false
8745,1.349876301745583e8,6.632561025210479e7,16,0.44391894340515137,false
8746,1.3498765378040114e8,2.6925760383370012e7,7,0.22229409217834473,false
8747,1.3498769454265743e8,4.8424479617078036e7,8,0.2697408199310303,false
8748,1.3498769756079796e8,2.1038159884504563e8,32,0.8687829971313477,false
8749,1.3498838497519392e8,3.7309867334543824e7,6,0.17540216445922852,false
8750,1.3498839582522547e8,3.212024310468766e7,10,0.2636539936065674,false
8751,1.3498841357012346e8,1.0514559246607006e7,3,0.11644482612609863,false
8752,1.349885137225645e8,3.64662840316287e7,7,0.19963812828063965,false
8753,1.349885786363606e8,1.4678794806672364e7,3,0.10850906372070312,false
8754,1.3498865402193514e8,1.2001657458039483e8,28,0.7387149333953857,false
8755,1.3498865402193514e8,3.3685836100000143e6,1,0.05243492126464844,false
8756,1.349886839739536e8,2.710584322440183e7,6,0.17961812019348145,false
8757,1.3498871941507065e8,1.083650761113073e7,3,0.11189389228820801,false
8758,1.3498871941507062e8,3.5162721705476344e6,1,0.05465197563171387,false
8759,1.349887228556727e8,2.0152735133915156e7,6,0.19824910163879395,false
8760,1.3498872794909456e8,9.312350705833957e6,3,0.10979890823364258,false
8761,1.3498873572374696e8,3.288013605031845e7,7,0.2291121482849121,false
8762,1.349888128577922e8,1.0235715827551052e7,3,0.11071896553039551,false
8763,1.3498889473091614e8,4.628604960202822e7,9,0.2664048671722412,false
8764,1.3498891494987297e8,1.4145333125101209e7,3,0.11638498306274414,false
8765,1.3498891494987294e8,3.3685836100000143e6,1,0.05492210388183594,false
8766,1.3498893569037604e8,6.753575519062594e6,2,0.09713101387023926,false
8767,1.3498894871057093e8,6.4731757149488285e7,18,0.4960920810699463,false
8768,1.3498895142457193e8,1.8533313320859432e7,5,0.17049384117126465,false
8769,1.349890072768088e8,2.1769620287283197e7,6,0.18112897872924805,false
8770,1.3498917764706302e8,7.872781303428054e6,2,0.08509016036987305,false
8771,1.3498919986207435e8,3.299663761580661e7,7,0.23578190803527832,false
8772,1.3498927521051493e8,1.7599301193640783e7,5,0.16712093353271484,false
8773,1.3498928996346998e8,8.297082524225819e7,16,0.4535670280456543,false
8774,1.3498929549327803e8,4.498452734438585e7,14,0.3786499500274658,false
8775,1.3498930966410884e8,3.385118169999987e6,1,0.055909156799316406,false
8776,1.349893594316174e8,7.448199987517862e7,20,0.4627649784088135,false
8777,1.349893809988432e8,1.2429104975396338e8,17,0.4862179756164551,false
8778,1.34989430202286e8,1.0006814726087809e7,2,0.08876490592956543,false
8779,1.3498957306955463e8,1.0189149703342505e8,20,0.5297789573669434,false
8780,1.3498957306955463e8,6.631364880309492e6,2,0.09111309051513672,false
8781,1.3498958562775254e8,1.3383815516323745e7,4,0.14699912071228027,false
8782,1.34989589100765e8,9.048306057721406e6,2,0.09083986282348633,false
8783,1.3498959657567075e8,6.633664642096385e6,2,0.09021592140197754,false
8784,1.349895976726813e8,6.737580703343391e6,2,0.08417320251464844,false
8785,1.3498960016261333e8,5.229225844307986e7,10,0.29158782958984375,false
8786,1.3498962678827927e8,5.139762599616298e7,10,0.301436185836792,false
8787,1.3498965019885692e8,4.244191693341559e7,9,0.2663710117340088,false
8788,1.3498965019885695e8,4.572116599999994e6,1,0.05524396896362305,false
8789,1.3498967237633628e8,6.737406540961206e6,2,0.08536982536315918,false
8790,1.3498977524521634e8,1.8727519077630645e8,31,0.7539792060852051,false
8791,1.3498981264151505e8,1.3478410271097884e7,4,0.14056086540222168,false
8792,1.3498982116132125e8,4.469091332118565e7,8,0.2603440284729004,false
8793,1.349898328544496e8,4.291894708918065e7,10,0.2884209156036377,false
8794,1.3498986105041212e8,2.258100790647775e7,6,0.19522809982299805,false
8795,1.349898695347653e8,3.572761900446895e7,7,0.22313809394836426,false
8796,1.349899199230761e8,1.9911338217135236e7,5,0.16389083862304688,false
8797,1.349899256287602e8,2.403625574591869e7,6,0.20037508010864258,false
8798,1.3498998009345123e8,3.817152162507735e7,10,0.24332404136657715,false
8799,1.349901283536245e8,2.3165576142944828e7,8,0.22069597244262695,false
8800,1.3499015466801748e8,4.56298398986378e7,9,0.2572760581970215,false
8801,1.3499016244146594e8,5.7723986458738685e7,12,0.3196389675140381,false
8802,1.3499016244146594e8,3.3685836100000143e6,1,0.05345296859741211,false
8803,1.3499017053808936e8,2.029368112810663e8,32,0.8475868701934814,false
8804,1.3499027474958295e8,6.210901886244136e7,11,0.2638070583343506,false
8805,1.3499027548577026e8,1.9495366276503623e7,5,0.15941309928894043,false
8806,1.3499028851408967e8,6.427908675139448e7,17,0.4407029151916504,false
8807,1.3499032643348137e8,6.867541584123686e6,2,0.08344793319702148,false
8808,1.3499033764857996e8,3.2420979677375525e7,7,0.23082804679870605,false
8809,1.349903409903076e8,3.3685836100000143e6,1,0.05443310737609863,false
8810,1.3499034435097295e8,4.912470118486442e7,14,0.37668490409851074,false
8811,1.349904602110134e8,2.2344424692480415e7,6,0.17484807968139648,false
8812,1.3499050402301854e8,1.1887661045419127e7,3,0.11678385734558105,false
8813,1.3499051095860413e8,1.0106030719088733e7,3,0.11286020278930664,false
8814,1.349906034232792e8,2.180833367359799e7,4,0.14394378662109375,false
8815,1.349906879133954e8,2.4245818105423093e7,5,0.1826190948486328,false
8816,1.3499069626939225e8,3.385118169999987e6,1,0.05492901802062988,false
8817,1.34990699004278e8,2.4518072976620767e8,50,1.2268328666687012,false
8818,1.3499084920990652e8,2.729310146599987e7,5,0.17853307723999023,false
8819,1.349908530563549e8,6.753940237473637e6,2,0.08887100219726562,false
8820,1.349908530563549e8,3.385118169999987e6,1,0.05507302284240723,false
8821,1.349908849916485e8,1.4355938220215094e8,23,0.6065549850463867,false
8822,1.3499091121784934e8,1.1440538270679116e7,3,0.11719799041748047,false
8823,1.3499092457467943e8,2.2096988687015265e7,6,0.17842912673950195,false
8824,1.3499098702530256e8,9.296432921716177e7,18,0.5039999485015869,false
8825,1.3499099419193015e8,3.723371826704642e7,11,0.2747459411621094,false
8826,1.3499102409608924e8,2.535537852817294e7,6,0.2109971046447754,false
8827,1.349910461283829e8,1.7474137362429097e7,5,0.16742992401123047,false
8828,1.349910669715672e8,6.772516009477615e6,2,0.08971905708312988,false
8829,1.3499107086026055e8,3.3685628890626132e6,1,0.052594900131225586,false
8830,1.3499108640303713e8,2.2970898450781247e8,37,0.9468810558319092,false
8831,1.3499110482858613e8,6.649023901643276e6,2,0.09282302856445312,false
8832,1.3499110482858613e8,3.3685836100000143e6,1,0.05334901809692383,false
8833,1.34991136699798e8,3.864708816474643e7,7,0.21192502975463867,false
8834,1.3499113683189574e8,1.350308209031871e7,4,0.14541387557983398,false
8835,1.3499114317781842e8,2.737558942753531e7,9,0.24901914596557617,false
8836,1.349912057372555e8,2.0718498537682652e7,4,0.1596689224243164,false
8837,1.3499121798196027e8,4.868748446819776e7,11,0.3032069206237793,false
8838,1.3499126098861122e8,1.5049988447425768e7,4,0.1428229808807373,false
8839,1.3499130036083683e8,6.738531425710782e6,2,0.0897681713104248,false
8840,1.3499130122257984e8,9.723286868202835e6,3,0.11095690727233887,false
8841,1.349913105454406e8,1.0101920199857889e8,21,0.5937190055847168,false
8842,1.349913105454406e8,3.385118169999987e6,1,0.0539400577545166,false
8843,1.3499132711087286e8,7.245938634147316e7,15,0.4304690361022949,false
8844,1.3499132711087286e8,3.385118169999987e6,1,0.05374288558959961,false
8845,1.3499132711087286e8,3.3685836100000143e6,1,0.051351070404052734,false
8846,1.3499134619694525e8,1.6212142107655138e7,4,0.14530396461486816,false
8847,1.349913628226449e8,1.8220660251820093e8,23,0.5778610706329346,false
8848,1.3499136282264492e8,3.385118169999987e6,1,0.0531308650970459,false
8849,1.3499136282264492e8,7.300144118200928e6,2,0.08869504928588867,false
8850,1.3499136282264495e8,3.385118169999987e6,1,0.05292701721191406,false
8851,1.349913810630816e8,5.37949155651969e7,14,0.3747429847717285,false
8852,1.349914234343301e8,1.5860105816272885e7,5,0.1660928726196289,false
8853,1.3499147031920108e8,1.0148732692811012e7,3,0.11856508255004883,false
8854,1.349914744270368e8,1.400533378524427e8,34,0.8399429321289062,false
8855,1.3499148756674296e8,4.251365618458286e7,14,0.3453941345214844,false
8856,1.349914925218555e8,1.944412141360694e7,4,0.15636086463928223,false
8857,1.349915075520842e8,6.867541584123686e6,2,0.08626413345336914,false
8858,1.3499150755208424e8,4.572116599999994e6,1,0.05748486518859863,false
8859,1.3499160921283886e8,4.4633757433983624e7,10,0.2401139736175537,false
8860,1.3499162203003296e8,3.710549319160618e7,11,0.2866630554199219,false
8861,1.34991783621911e8,5.8732523769269034e7,14,0.36451005935668945,false
8862,1.34991783621911e8,3.5162721705476344e6,1,0.056416988372802734,false
8863,1.349920694304594e8,2.5361139521724463e7,5,0.1700270175933838,false
8864,1.3499207887490994e8,1.2867714972096398e7,4,0.1453399658203125,false
8865,1.3499209121302208e8,3.193990080356717e7,7,0.23092103004455566,false
8866,1.3499210172844788e8,6.737264439766109e6,2,0.08542394638061523,false
8867,1.349921173686103e8,7.872781303428054e6,2,0.08649110794067383,false
8868,1.3499216126602447e8,4.401715362987371e7,14,0.37138795852661133,false
8869,1.3499217942299384e8,1.657966842563045e7,4,0.13859796524047852,false
8870,1.3499217942299387e8,3.385118169999987e6,1,0.053713083267211914,false
8871,1.3499218346270156e8,6.738007739062607e6,2,0.08988690376281738,false
8872,1.3499220753971973e8,4.995380563076463e7,12,0.33820104598999023,false
8873,1.3499220869083455e8,1.273726579591775e7,4,0.13949203491210938,false
8874,1.3499221638687575e8,3.1037547299077436e7,9,0.2476799488067627,false
8875,1.349922521428294e8,3.9109138188409716e7,10,0.23436808586120605,false
8876,1.3499226547909984e8,3.093784061182657e7,9,0.258314847946167,false
8877,1.349923008489431e8,7.162727573827256e7,19,0.5224039554595947,false
8878,1.3499231850610277e8,1.2974650311454251e7,4,0.14750123023986816,false
8879,1.349924950409955e8,1.77794923186526e7,4,0.15119481086730957,false
8880,1.3499249891942978e8,2.9415330947669446e7,8,0.2491610050201416,false
8881,1.3499260286522472e8,2.221365498389381e7,6,0.19302105903625488,false
8882,1.3499260308254704e8,9.711702263777375e6,3,0.10919594764709473,false
8883,1.349926289510565e8,1.0855710416717649e7,3,0.11907196044921875,false
8884,1.3499262895105648e8,3.3685836100000143e6,1,0.05215620994567871,false
8885,1.3499268585373932e8,7.423768680666216e7,15,0.43579888343811035,false
8886,1.349926974596119e8,2.3857515652169064e7,7,0.21799111366271973,false
8887,1.3499270788888553e8,3.3936920317233816e7,11,0.2502288818359375,false
8888,1.3499282306840315e8,5.450588700168589e7,9,0.23240900039672852,false
8889,1.3499285036850548e8,1.3449893562302113e7,3,0.11129498481750488,false
8890,1.3499285775902557e8,2.1086539694084078e7,7,0.20544099807739258,false
8891,1.3499288348256877e8,6.924302092215382e7,16,0.454927921295166,false
8892,1.3499288571459922e8,4.393518625874388e7,12,0.3137190341949463,false
8893,1.3499290156736663e8,2.1002576264110693e8,42,1.1682441234588623,false
8894,1.3499299061060134e8,8.019210727320375e7,19,0.5364789962768555,false
8895,1.3499307166489944e8,7.560627007064497e7,18,0.49758195877075195,false
8896,1.3499307424841973e8,1.6633289603921548e7,5,0.16973209381103516,false
8897,1.3499316035982725e8,1.4195983905971274e7,5,0.15552401542663574,false
8898,1.3499316981255296e8,1.0132489072096378e7,3,0.1166849136352539,false
8899,1.3499318336387423e8,2.789318377181405e7,7,0.2352910041809082,false
8900,1.3499320589051807e8,7.46903851894903e7,18,0.5045709609985352,false
8901,1.34993211954161e8,6.6806854355395555e7,17,0.46741795539855957,false
8902,1.3499322677020553e8,3.610674262036531e7,9,0.2376689910888672,false
8903,1.3499323737152198e8,1.2226951501598087e8,22,0.6187839508056641,false
8904,1.3499323737152198e8,3.385118169999987e6,1,0.05432415008544922,false
8905,1.3499325652598503e8,1.6650035477592096e7,5,0.17442607879638672,false
8906,1.34993355007289e8,3.3793542314186424e7,9,0.2723219394683838,false
8907,1.3499374051253474e8,1.7513843263188183e7,4,0.15159082412719727,false
8908,1.3499379425412202e8,1.74995039324134e7,4,0.13867616653442383,false
8909,1.3499391798262072e8,1.389594363378995e8,30,0.7972128391265869,false
8910,1.349939943185227e8,2.701118380206643e7,6,0.1833350658416748,false
8911,1.3499406458002368e8,2.2685780298495352e7,7,0.19246411323547363,false
8912,1.349940645800237e8,3.5162721705476344e6,1,0.05702400207519531,false
8913,1.349946693214856e8,5.112345761717722e7,9,0.24411296844482422,false
8914,1.3499467086172664e8,1.0106405649062619e7,3,0.12276387214660645,false
8915,1.3499470078612828e8,1.0106560641830847e7,3,0.11130213737487793,false
8916,1.3499475952894104e8,1.037180528011319e7,3,0.1202399730682373,false
8917,1.3499486653251117e8,1.315361817832638e8,27,0.778649091720581,false
8918,1.3499505497876418e8,1.0229521965613052e8,17,0.49854588508605957,false
8919,1.3499505497876418e8,3.3685628890626132e6,1,0.056960105895996094,false
8920,1.3499507455184728e8,3.659672105089939e7,10,0.2902247905731201,false
8921,1.3499508293369737e8,2.30006143697737e7,8,0.2228391170501709,false
8922,1.3499514305481973e8,1.4843363767552555e7,4,0.15546393394470215,false
8923,1.3499514305481976e8,8.516852395608723e6,2,0.08621001243591309,false
8924,1.349951495790908e8,1.2206747090663086e8,22,0.6166629791259766,false
8925,1.3499518182848158e8,2.2451147364486843e7,7,0.20906710624694824,false
8926,1.3499545071985012e8,1.5369640264112204e7,3,0.11344695091247559,false
8927,1.3499550150551412e8,5.4043405074982494e7,9,0.2927529811859131,false
8928,1.3499551831963733e8,6.821239246215922e7,17,0.4930260181427002,false
8929,1.3499551831963736e8,3.5162721705476344e6,1,0.05610203742980957,false
8930,1.349955202400727e8,6.738028460000023e6,2,0.09184908866882324,false
8931,1.3499555202706215e8,9.903496158814348e7,17,0.4391767978668213,false
8932,1.3499555202706212e8,3.385118169999987e6,1,0.055132150650024414,false
8933,1.3499555202706212e8,3.3685836100000143e6,1,0.05371689796447754,false
8934,1.3499569326667964e8,9.899632879999995e6,2,0.08832597732543945,false
8935,1.3499571742546758e8,2.833650823196405e7,6,0.21310901641845703,false
8936,1.3499574694285777e8,6.738007739062592e6,2,0.08891797065734863,false
8937,1.3499574694285774e8,3.5162721705476344e6,1,0.05615401268005371,false
8938,1.349958058366983e8,2.755418006678787e7,6,0.21114206314086914,false
8939,1.349958058366983e8,3.385118169999987e6,1,0.054733991622924805,false
8940,1.3499580993750352e8,1.482247929689899e7,4,0.15400004386901855,false
8941,1.3499581155260107e8,2.7960231996405214e7,8,0.23372888565063477,false
8942,1.3499581920363772e8,5.214782442350291e7,14,0.36795902252197266,false
8943,1.3499586628336033e8,6.737168533749491e6,2,0.08699512481689453,false
8944,1.3499587371293345e8,2.0022399971333638e7,6,0.1922438144683838,false
8945,1.3499587371293345e8,4.572116599999994e6,1,0.055828094482421875,false
8946,1.3499587371293342e8,3.3685628890625983e6,1,0.05598592758178711,false
8947,1.3499589531799632e8,1.505201050905785e7,5,0.16112804412841797,false
8948,1.349959433976083e8,6.73734551318498e6,2,0.09082794189453125,false
8949,1.3499598236142167e8,3.1646133885724574e7,8,0.26273512840270996,false
8950,1.3499599776360565e8,1.0196283150683247e8,20,0.5953280925750732,false
8951,1.3499604952206331e8,4.583202171521154e7,13,0.3002607822418213,false
8952,1.349960725726828e8,3.3685836100000143e6,1,0.05874919891357422,false
8953,1.3499612283503997e8,2.2975420443645775e7,7,0.21557092666625977,false
8954,1.3499613029666057e8,6.716857424146977e7,10,0.25767087936401367,false
8955,1.3499621675876665e8,2.669047540545897e7,7,0.2043001651763916,false
8956,1.349962377196644e8,9.412389105399334e7,16,0.501255989074707,false
8957,1.3499624597579065e8,1.2717300146030366e7,3,0.11872005462646484,false
8958,1.349962776998655e8,1.9270250996331364e8,30,0.8132457733154297,false
8959,1.34996278418695e8,6.8558746400000155e6,2,0.09467816352844238,false
8960,1.3499633471488228e8,1.3472461449795443e8,19,0.5426809787750244,false
8961,1.3499635301391953e8,1.7528121807202518e7,5,0.178602933883667,false
8962,1.3499687358734924e8,6.45471152674931e7,19,0.4909229278564453,false
8963,1.3499690212185764e8,5.851283753604314e7,14,0.39722204208374023,false
8964,1.3499691564001435e8,7.726847920122309e7,18,0.5066189765930176,false
8965,1.349969189542372e8,2.487009002136846e7,8,0.2304401397705078,false
8966,1.3499705122723192e8,4.5704944676910445e7,12,0.32663989067077637,false
8967,1.3499706096670157e8,6.818737393186986e7,16,0.40984106063842773,false
8968,1.3499718761796105e8,4.8140893163404346e7,11,0.3038029670715332,false
8969,1.3499719259587744e8,3.3560648886351004e7,9,0.24352693557739258,false
8970,1.349972562576163e8,2.972744855115488e7,7,0.23879003524780273,false
8971,1.349972562576163e8,3.3685836100000143e6,1,0.0552060604095459,false
8972,1.3499731030555812e8,2.6590485758749187e7,5,0.1732769012451172,false
8973,1.3499734428772655e8,1.5385885781234115e8,29,0.835334062576294,false
8974,1.349974377236711e8,3.0852404193678916e7,9,0.23681402206420898,false
8975,1.3499743789077196e8,1.9576732377441153e7,7,0.20034098625183105,false
8976,1.3499748962658575e8,1.9217064400999248e7,4,0.15987014770507812,false
8977,1.3499749812376738e8,8.758048430190739e7,15,0.4517238140106201,false
8978,1.349975894620376e8,3.3169525481665462e7,8,0.2680809497833252,false
8979,1.349975894620376e8,6.737486415009454e6,2,0.0882270336151123,false
8980,1.3499760082719776e8,1.0106669844196975e7,3,0.11368513107299805,false
8981,1.3499763783997336e8,3.199152884867829e7,8,0.2228078842163086,false
8982,1.3499764868762589e8,1.0595037252210024e8,30,0.7968521118164062,false
8983,1.3499780419829917e8,3.5162721705476344e6,1,0.0555570125579834,false
8984,1.3499782281330377e8,2.0271762394879222e7,7,0.19354891777038574,false
8985,1.3499786412607422e8,6.885148653885752e6,2,0.08928513526916504,false
8986,1.3499789591633624e8,2.3922811465909094e7,6,0.2068169116973877,false
8987,1.3499789591633624e8,3.3685836100000143e6,1,0.0538179874420166,false
8988,1.3499791806905186e8,4.9503259603675425e7,8,0.24164795875549316,false
8989,1.349979227250579e8,1.7221481122945264e7,4,0.14693808555603027,false
8990,1.3499794123111528e8,1.035577328070715e7,3,0.11992001533508301,false
8991,1.3499794585837892e8,4.2863290917302474e7,13,0.3570280075073242,false
8992,1.3499794585837895e8,3.3685836100000143e6,1,0.057199954986572266,false
8993,1.3499798135451365e8,2.0677888458087012e7,5,0.17739486694335938,false
8994,1.349979912869113e8,6.631364880309492e6,2,0.09452104568481445,false
8995,1.3499803577141243e8,1.243113845238924e7,3,0.11952900886535645,false
8996,1.349980531186148e8,1.5982565364034185e8,21,0.5573279857635498,false
8997,1.349980607425488e8,3.4959857114843115e7,9,0.2625601291656494,false
8998,1.349980607425488e8,3.385118169999987e6,1,0.055029869079589844,false
8999,1.3499835485203093e8,6.324922818782152e7,13,0.3086111545562744,false
9000,1.349983572338539e8,1.4832125015594602e7,3,0.11592292785644531,false
9001,1.3499841059134695e8,6.740863260814418e7,17,0.4926309585571289,false
9002,1.3499841212756744e8,4.1842711178925264e8,63,1.5603840351104736,false
9003,1.3499841633330727e8,1.5307116386452273e7,5,0.1547529697418213,false
9004,1.3499844810397002e8,1.2749844370236546e7,4,0.1467890739440918,false
9005,1.3499845820019948e8,7.399860796914978e7,16,0.435405969619751,false
9006,1.349984611772902e8,2.4730687521613777e7,6,0.21294689178466797,false
9007,1.3499882568000937e8,9.701279744046171e7,18,0.44477009773254395,false
9008,1.3499890446115676e8,8.938728421103084e7,27,0.7100710868835449,false
9009,1.3499891859498546e8,6.437091510322708e7,15,0.4186069965362549,false
9010,1.3499901420954904e8,3.619748765196836e7,8,0.23020100593566895,false
9011,1.3499902801098365e8,9.144127659999996e6,2,0.09437298774719238,false
9012,1.3499915319537032e8,3.4321066594890475e7,7,0.22894001007080078,false
9013,1.349993210635338e8,5.753220887407556e7,14,0.4128549098968506,false
9014,1.349993210635338e8,3.3685836100000143e6,1,0.05446600914001465,false
9015,1.349993406810208e8,2.7687317739941716e7,7,0.22910404205322266,false
9016,1.349993527685703e8,7.262192966728704e7,13,0.3763449192047119,false
9017,1.3499957167338222e8,2.04200915222214e7,6,0.19969511032104492,false
9018,1.349996887263158e8,1.1326496720000029e7,3,0.11538481712341309,false
9019,1.3499968884047905e8,6.884804144123703e6,2,0.08641719818115234,false
9020,1.3499970080385584e8,3.841293020353408e7,12,0.3015878200531006,false
9021,1.3499998833342376e8,1.4248036150000006e7,3,0.12230801582336426,false
9022,1.3500029510061118e8,1.994683059864205e7,4,0.14671897888183594,false
9023,1.3500029510061118e8,4.572116599999994e6,1,0.05876517295837402,false
9024,1.3500031082255465e8,3.3644241999648064e7,7,0.23812079429626465,false
9025,1.3500033180231467e8,1.0149979630247474e7,3,0.1193230152130127,false
9026,1.3500038340581065e8,1.1989804626294732e7,3,0.12121701240539551,false
9027,1.3500043191258362e8,2.5454581544424698e7,8,0.24042105674743652,false
9028,1.350004434389986e8,3.496902442901139e7,9,0.2381899356842041,false
9029,1.350004561531823e8,4.449615758856627e7,9,0.27764010429382324,false
9030,1.3500045615318224e8,3.5162721705476344e6,1,0.05686807632446289,false
9031,1.3500047339563087e8,1.4189174849612424e8,22,0.6167738437652588,false
9032,1.3500047339563087e8,3.385118169999987e6,1,0.05571603775024414,false
9033,1.3500048923252776e8,2.9663431904227912e7,8,0.2548079490661621,false
9034,1.3500048923252776e8,3.385118169999987e6,1,0.0551300048828125,false
9035,1.3500050921675563e8,1.0968131756172734e8,26,0.7178189754486084,false
9036,1.3500050921675563e8,3.385118169999987e6,1,0.055999040603637695,false
9037,1.3500054888327312e8,1.6369717651712477e7,4,0.15539908409118652,false
9038,1.3500054989411423e8,5.162765431592791e7,16,0.4110400676727295,false
9039,1.350005537544921e8,1.8613601506824344e7,6,0.18134379386901855,false
9040,1.3500057544260976e8,5.2525641106843606e7,15,0.39434003829956055,false
9041,1.3500057544260976e8,3.3685836100000143e6,1,0.0560450553894043,false
9042,1.3500057544260976e8,3.385118169999987e6,1,0.05605292320251465,false
9043,1.3500057544260976e8,3.3685628890625983e6,1,0.05805611610412598,false
9044,1.350005805082586e8,4.128518619700256e7,10,0.2880289554595947,false
9045,1.3500060236634448e8,2.5416939787087202e7,7,0.2190380096435547,false
9046,1.3500069813208628e8,1.0747500773318529e8,21,0.6274809837341309,false
9047,1.3500071422061896e8,7.013450648678851e7,16,0.4518599510192871,false
9048,1.35000724529129e8,1.4711186692711681e7,4,0.152130126953125,false
9049,1.3500079726390293e8,8.1343393771086335e6,2,0.0859060287475586,false
9050,1.3500083194442898e8,1.8100668150840983e7,5,0.17360997200012207,false
9051,1.3500088819899943e8,9.79392742197439e7,27,0.7137649059295654,false
9052,1.3500088888671723e8,1.557313372325638e7,4,0.15390801429748535,false
9053,1.3500093494966787e8,7.957129229999989e6,2,0.09243512153625488,false
9054,1.3500101647316128e8,3.569502607283743e7,10,0.26709794998168945,false
9055,1.350010247095009e8,1.6124632735922009e7,4,0.1603529453277588,false
9056,1.350010340107653e8,1.3108797833578733e8,30,0.7853090763092041,false
9057,1.350010962395136e8,2.1574114073649403e8,33,0.8012728691101074,false
9058,1.3500109623951364e8,3.5162721705476344e6,1,0.05640411376953125,false
9059,1.3500109968535614e8,7.12106161314713e7,14,0.416579008102417,false
9060,1.3500111421639735e8,8.687733840188763e7,15,0.44278597831726074,false
9061,1.3500114174625176e8,1.3351454378364727e7,4,0.1446819305419922,false
9062,1.3500114174625176e8,6.737311389139682e6,2,0.0854949951171875,false
9063,1.350011479581503e8,5.743010825891793e7,14,0.3528561592102051,false
9064,1.3500114795815027e8,3.3685836100000143e6,1,0.055110931396484375,false
9065,1.350012067301736e8,9.744638642747328e7,23,0.6338019371032715,false
9066,1.3500125465580285e8,3.478859031082937e7,11,0.2796969413757324,false
9067,1.3500127973245725e8,6.738531425710797e6,2,0.09289312362670898,false
9068,1.350013700750266e8,3.410818099370158e7,11,0.2659749984741211,false
9069,1.350014561612231e8,2.9428669350538492e7,8,0.22275495529174805,false
9070,1.350014712145819e8,2.2553153971545756e7,6,0.19624900817871094,false
9071,1.3500161645342192e8,6.998310430617994e7,14,0.4006979465484619,false
9072,1.3500161930004343e8,1.4728873431838334e7,4,0.14919304847717285,false
9073,1.3500164884737322e8,1.9227870540994525e7,5,0.1783769130706787,false
9074,1.3500165754695985e8,1.5275450435262933e7,5,0.16535615921020508,false
9075,1.3500174792628157e8,1.2517457359299481e8,29,0.7770559787750244,false
9076,1.3500178328108725e8,2.3302053343398273e7,5,0.17882394790649414,false
9077,1.3500178328108725e8,3.3685836099999994e6,1,0.05454397201538086,false
9078,1.3500180445199177e8,1.865671951465243e7,7,0.20061802864074707,false
9079,1.350019526997922e8,1.0274389524916424e8,21,0.5288009643554688,false
9080,1.3500208556439465e8,1.0307172144941682e8,16,0.45441699028015137,false
9081,1.3500214954237667e8,6.0061404103063956e7,15,0.4310729503631592,false
9082,1.3500215542228058e8,1.173835103184688e7,3,0.11827397346496582,false
9083,1.3500228447896367e8,3.681708815507665e7,10,0.25323915481567383,false
9084,1.3500228759900063e8,1.499868533929591e8,38,1.0559489727020264,false
9085,1.3500230798719314e8,5.051786840994936e7,11,0.2757909297943115,false
9086,1.35002312932535e8,8.616025626741652e7,17,0.5124771595001221,false
9087,1.35002312932535e8,4.572116599999994e6,1,0.05703878402709961,false
9088,1.3500231637608624e8,6.75359624000001e6,2,0.09405303001403809,false
9089,1.3500231637608624e8,3.3685836100000143e6,1,0.05379509925842285,false
9090,1.3500233617203233e8,4.4950013810936555e7,15,0.36667394638061523,false
9091,1.350023389767447e8,8.904765209062234e7,14,0.42793703079223633,false
9092,1.3500251890718576e8,5.110857098877537e7,9,0.25078511238098145,false
9093,1.350025189071858e8,3.3685836100000143e6,1,0.05585193634033203,false
9094,1.3500251890718576e8,3.3685836100000143e6,1,0.053964853286743164,false
9095,1.3500252515190247e8,3.9732557799383044e7,7,0.24230408668518066,false
9096,1.3500257389758003e8,1.5142727255161643e7,4,0.15279293060302734,false
9097,1.35002580945656e8,1.6604609817918718e8,46,1.1960170269012451,false
9098,1.3500261480986232e8,8.060413055754456e7,23,0.613908052444458,false
9099,1.350026148098623e8,3.3685836100000143e6,1,0.05858492851257324,false
9100,1.350029004589848e8,6.153836242716351e7,10,0.2652461528778076,false
9101,1.350029059514891e8,5.102149341827622e7,9,0.29187488555908203,false
9102,1.3500295337299553e8,7.856060370000005e6,2,0.12219500541687012,false
9103,1.3500296990179783e8,5.4850222530097604e7,11,0.2975280284881592,false
9104,1.350030272450979e8,3.271225868717572e7,9,0.27602195739746094,false
9105,1.350030455094156e8,5.439650754976803e7,16,0.44694995880126953,false
9106,1.3500310512804532e8,1.3441237157813579e7,3,0.11714005470275879,false
9107,1.350031051280453e8,3.3685836100000143e6,1,0.060929059982299805,false
9108,1.350031496232299e8,2.1361503123465657e7,6,0.1991269588470459,false
9109,1.350031602388763e8,1.6753188426903948e7,5,0.17147397994995117,false
9110,1.3500318346403912e8,2.0840046453017145e7,4,0.16073203086853027,false
9111,1.3500318346403912e8,6.753575519062594e6,2,0.09464907646179199,false
9112,1.35003199808444e8,1.2472163921075433e7,3,0.11684083938598633,false
9113,1.35003199808444e8,3.3685628890625983e6,1,0.05573105812072754,false
9114,1.3500335342732155e8,3.314949713412875e7,6,0.21761107444763184,false
9115,1.3500335342732155e8,3.3685836100000143e6,1,0.06444907188415527,false
9116,1.350034072517433e8,3.63788808542476e7,12,0.3461418151855469,false
9117,1.3500356158682466e8,2.2578259318718612e7,7,0.21476316452026367,false
9118,1.3500357059198183e8,1.8539489475726932e7,5,0.1853489875793457,false
9119,1.3500357059198204e8,3.3685836099999994e6,1,0.05778193473815918,false
9120,1.3500362650622118e8,9.059824077721417e6,2,0.10112309455871582,false
9121,1.35003653309711e8,1.0106480767782584e7,3,0.12599492073059082,false
9122,1.350036570489711e8,1.694078566866477e7,6,0.1898360252380371,false
9123,1.3500374640850925e8,5.036856843364459e7,11,0.3204028606414795,false
9124,1.3500377488660178e8,3.026513857462011e8,50,1.3410661220550537,false
9125,1.350037830993737e8,3.2019529259497732e7,9,0.24466204643249512,false
9126,1.3500382486406845e8,8.241004573924053e7,17,0.4964640140533447,false
9127,1.3500384976995635e8,4.09898935483083e7,12,0.31604886054992676,false
9128,1.350038650882084e8,5.106100531483325e7,18,0.45314502716064453,false
9129,1.350038696676568e8,7.142603479029079e7,19,0.5346589088439941,false
9130,1.3500387333140612e8,2.1118144079571515e7,5,0.1882932186126709,false
9131,1.350038769261256e8,3.986654562609881e7,9,0.26862478256225586,false
9132,1.350038769261256e8,3.3685836100000143e6,1,0.06382918357849121,false
9133,1.3500396703804204e8,3.730884572617504e7,8,0.23158597946166992,false
9134,1.3500407058886155e8,4.2361766724625185e7,12,0.33574700355529785,false
9135,1.3500412420720252e8,2.242048121329491e7,5,0.1939220428466797,false
9136,1.3500414633064073e8,6.1667900716255516e7,18,0.502065896987915,false
9137,1.3500418563108453e8,7.026661169589046e7,11,0.30445289611816406,false
9138,1.3500419120487574e8,1.6892731755228475e7,5,0.1829080581665039,false
9139,1.3500421363522005e8,2.112314964350419e8,34,0.8594920635223389,false
9140,1.350042594279152e8,6.322148450284824e7,10,0.2745039463043213,false
9141,1.3500441578942344e8,1.1786953966400337e8,20,0.5189549922943115,false
9142,1.3500441583091676e8,7.367424198088568e7,20,0.599229097366333,false
9143,1.3500473301837337e8,1.3142660842117637e7,3,0.11883401870727539,false
9144,1.3500480699848908e8,1.850423191077882e7,4,0.15679693222045898,false
9145,1.3500494852270287e8,6.665777786658761e7,11,0.2931489944458008,false
9146,1.3500494852270284e8,3.3685836100000143e6,1,0.05530500411987305,false
9147,1.3500497174640638e8,3.704557228913286e7,8,0.2687380313873291,false
9148,1.35005078898524e8,8.386040585255504e6,2,0.08683300018310547,false
9149,1.3500519188438344e8,1.9062308082099408e7,5,0.1746680736541748,false
9150,1.3500519188438347e8,4.572116599999994e6,1,0.05752396583557129,false
9151,1.350051989810081e8,8.331450352661106e7,14,0.40927791595458984,false
9152,1.3500535274539736e8,1.862356504101312e7,4,0.16869306564331055,false
9153,1.350053867298403e8,5.413826901315668e7,11,0.3208169937133789,false
9154,1.350055199817961e8,5.656606309059188e7,9,0.2961080074310303,false
9155,1.3500552230189162e8,2.123718374420935e8,41,1.1080248355865479,false
9156,1.3500554616127786e8,2.922476555700238e7,8,0.2622671127319336,false
9157,1.3500564134518012e8,1.4893088766665995e7,4,0.15386605262756348,false
9158,1.3500566325748724e8,1.2874126655132075e8,21,0.5507469177246094,false
9159,1.3500571693591046e8,1.5877252747255564e7,3,0.12679290771484375,false
9160,1.350057900353768e8,1.0543755272169262e7,3,0.11986422538757324,false
9161,1.3500579748136333e8,4.3162015838839054e7,10,0.2973787784576416,false
9162,1.3500582219909674e8,2.64155980265425e7,6,0.2120661735534668,false
9163,1.3500583175269175e8,2.1089459120211348e7,6,0.20626497268676758,false
9164,1.3500607804717258e8,7.957550203401536e6,2,0.08951091766357422,false
9165,1.35006119095365e8,2.5575664804603875e7,5,0.19084405899047852,false
9166,1.3500612916936237e8,6.4108154091097236e7,20,0.564176082611084,false
9167,1.3500613890949416e8,1.0426878437749505e8,17,0.5300469398498535,false
9168,1.350061433609027e8,3.6649401678215206e7,8,0.23274588584899902,false
9169,1.3500618760499442e8,7.738833531202424e7,16,0.4801361560821533,false
9170,1.3500620831234252e8,1.3636000141546738e8,30,0.8038318157196045,false
9171,1.350062406525679e8,5.94414840437009e7,14,0.3568720817565918,false
9172,1.3500628376120734e8,2.132547039544919e7,5,0.1784501075744629,false
9173,1.350062837612073e8,3.3685836100000143e6,1,0.055258989334106445,false
9174,1.3500629999750847e8,2.7746901114186108e7,6,0.2028670310974121,false
9175,1.3500630008104402e8,1.2870990148594141e7,4,0.14843082427978516,false
9176,1.350063000810967e8,3.5162721705476344e6,1,0.05770516395568848,false
9177,1.3500633597356376e8,1.1486849792019516e7,3,0.12074589729309082,false
9178,1.350064107821264e8,8.133958299999982e6,2,0.08993792533874512,false
9179,1.3500649531079036e8,5.949226320566183e7,12,0.33629798889160156,false
9180,1.350065942931086e8,2.1105237676621675e7,4,0.15760207176208496,false
9181,1.3500661055577928e8,1.013577310875696e7,3,0.12402606010437012,false
9182,1.3500661451293057e8,4.781338593332055e7,13,0.3642590045928955,false
9183,1.350066312501393e8,1.4802629094742954e7,4,0.1427309513092041,false
9184,1.3500663125013927e8,3.3685836100000143e6,1,0.05510902404785156,false
9185,1.350066502737152e8,5.6800403069500804e7,13,0.34403395652770996,false
9186,1.3500668781195462e8,1.0108633479757324e7,3,0.11924600601196289,false
9187,1.3500675038040328e8,7.732752626902461e7,17,0.49451208114624023,false
9188,1.350068567309296e8,4.29292859702432e7,11,0.2970130443572998,false
9189,1.3500686586150736e8,7.926183872581384e7,16,0.45915699005126953,false
9190,1.3500688580557314e8,3.6388849937425956e7,11,0.29053187370300293,false
9191,1.3500688580557317e8,6.897128960000008e6,2,0.09043002128601074,false
9192,1.3500703051819336e8,4.0468488838162154e7,9,0.2743549346923828,false
9193,1.3500708859339446e8,5.77060057861764e7,14,0.407595157623291,false
9194,1.3500710767368555e8,3.03986327986127e7,8,0.2644078731536865,false
9195,1.3500710861505824e8,1.18130230371882e8,25,0.7045581340789795,false
9196,1.350071492326104e8,3.479485689181206e7,8,0.22516393661499023,false
9197,1.3500717940163827e8,1.4445297930483073e7,3,0.12756991386413574,false
9198,1.3500736811263248e8,5.527924950778516e7,15,0.4272329807281494,false
9199,1.3500737038733414e8,7.873015903401524e6,2,0.09115099906921387,false
9200,1.3500737273082027e8,1.581348691577299e8,25,0.6790471076965332,false
9201,1.350074326534648e8,8.911253034239501e7,12,0.3534870147705078,false
9202,1.350074326534648e8,3.3685836100000143e6,1,0.055574893951416016,false
9203,1.3500745357835665e8,1.1965205517587483e7,3,0.12224602699279785,false
9204,1.3500746812551084e8,9.144127659999996e6,2,0.09339308738708496,false
9205,1.3500747315931544e8,3.1059353206613854e7,10,0.27277183532714844,false
9206,1.3500752993232068e8,3.8507088876652986e7,7,0.23299622535705566,false
9207,1.3500753174982667e8,2.4339321729431584e7,6,0.21983098983764648,false
9208,1.350076042259302e8,4.499585708638883e7,12,0.2935519218444824,false
9209,1.3500767362315115e8,1.4237789705228657e7,3,0.11599588394165039,false
9210,1.3500767362315118e8,3.385118169999987e6,1,0.05618619918823242,false
9211,1.350077238352978e8,2.4577999902999535e7,7,0.2210988998413086,false
9212,1.3500772974806225e8,5.513554037234832e7,15,0.4173159599304199,false
9213,1.3500773392862204e8,3.1464712557211056e7,10,0.2557871341705322,false
9214,1.350077468038901e8,1.899540377267985e8,30,0.7554919719696045,false
9215,1.3500776929044485e8,1.6907481832263514e7,5,0.17811203002929688,false
9216,1.3500778162096584e8,2.5237592371025145e7,8,0.23399901390075684,false
9217,1.3500788442581257e8,1.2659635817281425e7,3,0.11578893661499023,false
9218,1.3500788714059195e8,3.737310824957052e7,10,0.2631800174713135,false
9219,1.350079097824983e8,3.3685628890626132e6,1,0.05676102638244629,false
9220,1.3500791769995514e8,7.08662680488171e7,24,0.570828914642334,false
9221,1.350079574687296e8,1.0435287042021316e8,18,0.5814790725708008,false
9222,1.3500797388268197e8,1.974476465653777e7,7,0.21484684944152832,false
9223,1.3500808678003055e8,1.049694509249067e8,17,0.4936690330505371,false
9224,1.3500808678003073e8,3.385118169999987e6,1,0.058097124099731445,false
9225,1.350081336918067e8,1.8409235903581053e7,5,0.19096994400024414,false
9226,1.3500813993184638e8,6.629495743877426e6,2,0.09237790107727051,false
9227,1.3500815701909292e8,5.947464789090219e7,13,0.3796820640563965,false
9228,1.3500817138134545e8,3.3685628890625983e6,1,0.05484509468078613,false
9229,1.3500821780536038e8,1.728590505111111e8,28,0.8016469478607178,false
9230,1.3500836648395136e8,1.1905637328380376e7,3,0.11841988563537598,false
9231,1.3500837711741573e8,2.7932480176881462e7,7,0.22301197052001953,false
9232,1.350083974992987e8,5.019778238551733e7,9,0.30997300148010254,false
9233,1.350085353193969e8,2.575578869193968e7,6,0.22118711471557617,false
9234,1.3500858996498e8,2.8255786329802826e7,10,0.275256872177124,false
9235,1.3500859347324458e8,1.8488782642251164e7,6,0.18917608261108398,false
9236,1.3500862728921053e8,2.5451713536876127e7,6,0.19165802001953125,false
9237,1.3500868170534888e8,1.728210902840489e7,5,0.181318998336792,false
9238,1.35008691408275e8,3.494745743002466e8,59,1.5368070602416992,false
9239,1.350089035370321e8,7.565194021159285e7,13,0.3754599094390869,false
9240,1.350089176597665e8,1.7459927239040798e8,30,0.8519980907440186,false
9241,1.350089725662715e8,4.498952682241428e7,12,0.30286598205566406,false
9242,1.350090031673128e8,9.99713064e6,3,0.11663603782653809,false
9243,1.350093001224056e8,2.2946694813662887e7,5,0.16074085235595703,false
9244,1.350093336300049e8,1.726302682437198e7,5,0.16512417793273926,false
9245,1.3500939733362928e8,1.0612177040758944e8,17,0.5252788066864014,false
9246,1.3500956430779538e8,7.592904419470459e6,2,0.09423398971557617,false
9247,1.3500978124119893e8,6.910046718537903e7,13,0.33933305740356445,false
9248,1.350097992278443e8,1.0006814726087809e7,2,0.09276914596557617,false
9249,1.350097992278443e8,6.737580703343391e6,2,0.09746384620666504,false
9250,1.3500999659984288e8,1.3704371408078554e8,34,0.9387719631195068,false
9251,1.350102355638414e8,1.5275012091181368e7,4,0.16422700881958008,false
9252,1.350102945319242e8,8.803922622493371e7,15,0.46828317642211914,false
9253,1.3501034484442016e8,3.842778739108685e7,9,0.2998847961425781,false
9254,1.35010416657498e8,1.5230328026927757e8,26,0.7410790920257568,false
9255,1.3501045464263737e8,9.124549778294198e7,19,0.564640998840332,false
9256,1.3501046168005377e8,1.8495787302135468e8,35,1.0007400512695312,false
9257,1.3501047493760094e8,1.5714067544671208e7,4,0.15630507469177246,false
9258,1.3501047823649547e8,4.63823880811964e7,9,0.2948448657989502,false
9259,1.3501050478347278e8,1.3496795973847017e7,4,0.1519620418548584,false
9260,1.350105202798745e8,2.5599448924099565e7,7,0.24877309799194336,false
9261,1.3501052027987453e8,6.737197373568371e6,2,0.08881378173828125,false
9262,1.3501052080748755e8,5.2584893865804315e7,16,0.4344031810760498,false
9263,1.3501053572293392e8,3.099806831604725e7,7,0.24329900741577148,false
9264,1.3501053762544644e8,1.7985792258321956e7,6,0.1979069709777832,false
9265,1.350105866995096e8,6.865784413317367e7,13,0.39339685440063477,false
9266,1.3501059405814523e8,1.022530032073024e7,3,0.11861705780029297,false
9267,1.3501059717650288e8,4.829874810702847e7,13,0.3817861080169678,false
9268,1.3501075623036054e8,7.08971947296837e6,2,0.10294389724731445,false
9269,1.350107562303605e8,3.5162721705476344e6,1,0.05825996398925781,false
9270,1.3501076131450418e8,1.5809267024429828e7,4,0.15615415573120117,false
9271,1.3501076131450415e8,6.629679409999996e6,2,0.09333086013793945,false
9272,1.3501086101217037e8,4.7363037954009086e7,11,0.31168293952941895,false
9273,1.3501086101217037e8,3.3685836100000143e6,1,0.057798147201538086,false
9274,1.3501087070789418e8,1.8522273648392096e7,6,0.19250702857971191,false
9275,1.3501092743412328e8,4.035248940042251e7,12,0.299252986907959,false
9276,1.350112501081391e8,5.180032640799633e7,13,0.36128902435302734,false
9277,1.3501126843533733e8,2.220087762869963e7,8,0.2620890140533447,false
9278,1.350112687499332e8,6.737345558314413e6,2,0.09300589561462402,false
9279,1.350112928165226e8,3.0743836793477803e7,6,0.23181605339050293,false
9280,1.3501129281652257e8,3.3685836100000143e6,1,0.0576939582824707,false
9281,1.3501130523985228e8,2.0334357554136097e7,5,0.16798806190490723,false
9282,1.3501131011597744e8,1.1780758715849623e7,4,0.14083600044250488,false
9283,1.3501134335048348e8,6.737345513184994e6,2,0.09342288970947266,false
9284,1.35011373451543e8,6.7382984356532395e6,2,0.09393000602722168,false
9285,1.3501137403768784e8,6.599638597978933e7,18,0.5162560939788818,false
9286,1.3501140501592463e8,1.8383888990160316e7,4,0.1611020565032959,false
9287,1.350114109979951e8,1.746811923839447e7,6,0.18657279014587402,false
9288,1.350114477699968e8,2.166000429552114e7,5,0.1899411678314209,false
9289,1.3501157049902064e8,3.660917798423472e7,7,0.2564258575439453,false
9290,1.3501157129431874e8,1.4076212921214312e7,3,0.12188601493835449,false
9291,1.350115719550673e8,1.1854923711846888e7,3,0.11650896072387695,false
9292,1.3501158054335147e8,1.0460411257868566e8,20,0.6113870143890381,false
9293,1.3501164989583522e8,1.3270826602092668e7,4,0.15119218826293945,false
9294,1.3501165267545807e8,2.3249515987273365e7,6,0.2088479995727539,false
9295,1.3501170802218658e8,2.787038811654085e7,7,0.21563482284545898,false
9296,1.3501171201624155e8,3.7932601429677114e7,11,0.3002941608428955,false
9297,1.350117475562213e8,2.1680266227781653e7,5,0.18024992942810059,false
9298,1.3501177994444993e8,3.5335639950360775e7,6,0.20675301551818848,false
9299,1.350118299922453e8,5.7368562703761876e7,12,0.34918808937072754,false
9300,1.3501187168706733e8,5.184182655541417e7,10,0.27234983444213867,false
9301,1.3501188151970708e8,1.6488502863927796e7,5,0.18082594871520996,false
9302,1.350119124090844e8,8.223716054774278e7,19,0.558603048324585,false
9303,1.3501191724787223e8,6.649023901643276e6,2,0.09609508514404297,false
9304,1.3501207913579342e8,2.201928427760154e7,4,0.14281797409057617,false
9305,1.3501216385635382e8,3.488556187360561e7,7,0.23661398887634277,false
9306,1.3501217637498027e8,2.0231408743261337e7,4,0.15801501274108887,false
9307,1.3501225101449925e8,2.933889685864082e7,6,0.19121789932250977,false
9308,1.3501225532936257e8,7.122839870458065e7,14,0.42050719261169434,false
9309,1.350122729913006e8,1.0426049901856449e8,21,0.6268219947814941,false
9310,1.350122779306753e8,6.648422258756965e6,2,0.09769892692565918,false
9311,1.3501227899376446e8,3.366974732906404e7,7,0.24087095260620117,false
9312,1.3501228693217894e8,5.0207015370291024e7,9,0.29994797706604004,false
9313,1.3501228693217894e8,4.572116599999994e6,1,0.057186126708984375,false
9314,1.350123021830502e8,8.650045672942467e7,24,0.5983278751373291,false
9315,1.3501230218305022e8,6.737580703343391e6,2,0.08962702751159668,false
9316,1.3501242557071868e8,4.952297099217713e7,12,0.35230493545532227,false
9317,1.350124291389048e8,2.8682634507478714e7,6,0.20612597465515137,false
9318,1.3501244890934342e8,1.4574594643444848e8,37,0.9816291332244873,false
9319,1.3501244890934345e8,3.5162721705476344e6,1,0.057830095291137695,false
9320,1.3501246968394765e8,1.4116822177597508e7,4,0.14625096321105957,false
9321,1.3501252996063298e8,1.280627408211276e7,3,0.11986780166625977,false
9322,1.350125572230425e8,1.16548948668374e8,20,0.5834650993347168,false
9323,1.3501284863028413e8,3.3751816659232765e7,6,0.20382308959960938,false
9324,1.3501286128235835e8,9.60730677209638e6,3,0.11904096603393555,false
9325,1.350129165443844e8,4.254265331488633e7,8,0.2768740653991699,false
9326,1.3501292416325295e8,7.299967093636006e6,2,0.09456491470336914,false
9327,1.350129524211766e8,1.6514830883526418e8,31,0.8657488822937012,false
9328,1.3501297536633757e8,1.2341698823131084e7,3,0.11852216720581055,false
9329,1.3501297689014864e8,1.8504848989488646e7,6,0.19684696197509766,false
9330,1.3501308213831687e8,2.5318384955499268e8,36,0.9524719715118408,false
9331,1.350131362788083e8,6.207115344458294e7,14,0.397352933883667,false
9332,1.3501321769178602e8,3.617047846725884e7,7,0.24507808685302734,false
9333,1.3501323930895072e8,1.2705998489319116e7,3,0.11807489395141602,false
9334,1.3501326078326333e8,2.2202105872612476e7,5,0.18607401847839355,false
9335,1.3501326238899744e8,2.1913541647124648e7,5,0.18384313583374023,false
9336,1.3501329613631883e8,2.5802230970221728e7,5,0.16672801971435547,false
9337,1.350133144125129e8,4.3283960167337805e7,9,0.2841799259185791,false
9338,1.3501341819201997e8,2.2580170492702886e7,7,0.23250699043273926,false
9339,1.3501342801480073e8,1.856392774942401e7,4,0.15461993217468262,false
9340,1.350134816210254e8,4.621266348389262e7,12,0.28733110427856445,false
9341,1.350134816210254e8,3.3685836100000143e6,1,0.056498050689697266,false
9342,1.350134816210254e8,3.385118169999987e6,1,0.056221961975097656,false
9343,1.3501356098355663e8,1.3944808842431039e7,4,0.15682101249694824,false
9344,1.3501378351482823e8,8.364673595282018e6,2,0.09456801414489746,false
9345,1.3501384369061074e8,3.6098158862292424e7,11,0.2781548500061035,false
9346,1.350138557815665e8,3.0100226006216362e7,10,0.26067399978637695,false
9347,1.350138683093924e8,1.3384685750120163e7,4,0.15643715858459473,false
9348,1.350138738727798e8,6.737559731583536e6,2,0.0970158576965332,false
9349,1.3501406548967454e8,4.451160585750711e7,8,0.2708749771118164,false
9350,1.3501413240733817e8,1.8368112800455543e8,36,1.0247910022735596,false
9351,1.3501414284541035e8,1.8482474689163208e7,5,0.19153213500976562,false
9352,1.350143472070808e8,4.496160502156298e7,14,0.39081597328186035,false
9353,1.3501436972511572e8,3.3160210657807097e7,9,0.23618602752685547,false
9354,1.35014376605923e8,6.770402539683342e6,2,0.09624385833740234,false
9355,1.3501441872304866e8,8.216888800006962e7,17,0.520313024520874,false
9356,1.350145401097648e8,9.57285257423383e6,2,0.09698605537414551,false
9357,1.3501454181956095e8,1.3479314710631415e7,4,0.15742993354797363,false
9358,1.3501457051601562e8,2.3443143329817653e7,5,0.19002509117126465,false
9359,1.3501484125824496e8,3.4305281552536905e7,8,0.2740318775177002,false
9360,1.350148728475422e8,1.8512283026392683e7,5,0.1862800121307373,false
9361,1.350150524514279e8,1.1813985652556124e8,24,0.6004161834716797,false
9362,1.3501510536769074e8,4.235019813409233e7,7,0.25380396842956543,false
9363,1.3501511444400802e8,3.692603227677798e7,9,0.28877687454223633,false
9364,1.350151337794816e8,1.4187452066128999e7,5,0.17990994453430176,false
9365,1.3501515085195202e8,4.9101676702649444e7,10,0.32016611099243164,false
9366,1.3501515085195205e8,3.3685836100000143e6,1,0.0583949089050293,false
9367,1.3501516317422944e8,7.593139019443959e6,2,0.09783411026000977,false
9368,1.3501519947423014e8,1.8345488750049174e7,5,0.16332793235778809,false
9369,1.3501523366208413e8,5.822916035856214e7,10,0.3048880100250244,false
9370,1.35015247795485e8,2.1879954539841205e7,7,0.2392880916595459,false
9371,1.3501529993911168e8,6.77055263688913e6,2,0.09162783622741699,false
9372,1.3501534918988737e8,1.9330092453039423e7,6,0.18951106071472168,false
9373,1.350154124332514e8,1.0681857452406615e7,3,0.12952208518981934,false
9374,1.3501541243325138e8,3.3685836100000143e6,1,0.05581402778625488,false
9375,1.3501541396208343e8,3.3685836100000143e6,1,0.05569601058959961,false
9376,1.350154317989928e8,4.243838765897605e7,10,0.31127381324768066,false
9377,1.350154318731613e8,4.534743396289161e7,9,0.2905862331390381,false
9378,1.350154606679572e8,5.018939811675793e7,13,0.3762178421020508,false
9379,1.3501557465524197e8,3.335823029222673e7,7,0.24502015113830566,false
9380,1.3501557543845782e8,1.6599902687388447e8,27,0.7569358348846436,false
9381,1.350155894355199e8,5.388558684368597e7,12,0.33419108390808105,false
9382,1.3501560248127937e8,1.0236293517030627e7,3,0.11765408515930176,false
9383,1.3501560248127937e8,3.385118169999987e6,1,0.06300687789916992,false
9384,1.3501579645163155e8,2.867230844189486e7,5,0.17232108116149902,false
9385,1.3501580070706058e8,1.433027607948047e7,4,0.15915393829345703,false
9386,1.3501580106672436e8,1.0006814726087809e7,2,0.09384894371032715,false
9387,1.3501581434858924e8,1.364406834495666e8,24,0.6859769821166992,false
9388,1.3501584155707774e8,1.6116745392873928e7,4,0.1453261375427246,false
9389,1.35015887813983e8,1.0130508822655514e7,3,0.11885380744934082,false
9390,1.350159081173053e8,1.066906911021009e7,3,0.1269981861114502,false
9391,1.3501600276724827e8,1.1371224795506299e7,3,0.12245798110961914,false
9392,1.350160321015902e8,1.860961649688247e7,4,0.15404200553894043,false
9393,1.35016035048164e8,1.2057211256098926e7,3,0.11928796768188477,false
9394,1.3501603504816398e8,3.3685628890626132e6,1,0.05723309516906738,false
9395,1.350160420630286e8,6.555236600291787e7,14,0.41008591651916504,false
9396,1.3501608523371845e8,6.716352675672409e7,14,0.42232394218444824,false
9397,1.3501613226715153e8,2.611338655058177e7,7,0.24101495742797852,false
9398,1.350162730527863e8,2.6239580526809335e7,6,0.1996469497680664,false
9399,1.3501630826206437e8,5.977892734520471e7,11,0.28560805320739746,false
9400,1.3501646228671104e8,8.535205419782208e7,12,0.2803530693054199,false
9401,1.350164827675636e8,6.530763084460609e7,18,0.5287470817565918,false
9402,1.350165143185532e8,2.6893992376887262e7,7,0.23296785354614258,false
9403,1.3501667913704303e8,1.1526467248054995e8,25,0.6791551113128662,false
9404,1.3501670413598305e8,4.30475646100131e7,12,0.3081998825073242,false
9405,1.350167527994303e8,2.510508383807394e7,6,0.21709299087524414,false
9406,1.3501679342836913e8,1.1754753187245727e7,3,0.12617707252502441,false
9407,1.3501679562364388e8,1.3080963190286085e7,4,0.15051007270812988,false
9408,1.3501683763760334e8,1.0510084212671727e7,3,0.12025594711303711,false
9409,1.3501698618711245e8,5.219804959263429e7,9,0.3119790554046631,false
9410,1.3501698618711245e8,3.385118169999987e6,1,0.05720996856689453,false
9411,1.350170069698635e8,2.3718091257242113e7,5,0.17991399765014648,false
9412,1.350170356380864e8,2.961260317412305e7,9,0.2703089714050293,false
9413,1.3501719202981445e8,1.1361117165529609e7,3,0.11749100685119629,false
9414,1.3501719202981445e8,3.3685836099999994e6,1,0.0555119514465332,false
9415,1.3501720388500118e8,1.5370417137601674e7,4,0.16138696670532227,false
9416,1.3501726865825102e8,1.1759963757509434e8,24,0.6809489727020264,false
9417,1.350173141334584e8,6.541365921503019e7,13,0.3499031066894531,false
9418,1.3501734712553015e8,3.3297040936987787e7,8,0.24773907661437988,false
9419,1.3501734712553015e8,3.3685836100000143e6,1,0.059599876403808594,false
9420,1.3501743743667957e8,2.3720788055885255e7,7,0.23031091690063477,false
9421,1.350174403805224e8,6.737227532150969e6,2,0.09495115280151367,false
9422,1.3501753045157227e8,2.7180974982815355e7,6,0.2165088653564453,false
9423,1.3501753045157495e8,3.3685628890626132e6,1,0.05919814109802246,false
9424,1.3501759702893278e8,2.2919697915471506e8,28,0.7692248821258545,false
9425,1.3501763149253014e8,5.227401087585236e7,16,0.46801304817199707,false
9426,1.3501768472839797e8,9.163964789086148e7,19,0.56203293800354,false
9427,1.350177052440717e8,1.4670873954243213e7,3,0.11784005165100098,false
9428,1.3501775691175917e8,2.0532399899310127e7,7,0.2215731143951416,false
9429,1.3501788891325814e8,1.5084107217273793e8,21,0.610914945602417,false
9430,1.350180345365973e8,1.1107617895237982e7,3,0.12027192115783691,false
9431,1.3501815664322466e8,1.3090375959192157e7,3,0.12437605857849121,false
9432,1.350181652825572e8,3.910814686541402e7,8,0.2735109329223633,false
9433,1.3501818054592535e8,4.558258066669637e7,12,0.35387206077575684,false
9434,1.350182756625328e8,5.277311631585282e7,8,0.27918505668640137,false
9435,1.3501831421805942e8,1.5614827458506644e7,3,0.12501883506774902,false
9436,1.3501837707043207e8,3.739795882599497e7,8,0.28866004943847656,false
9437,1.3501843748265678e8,4.423751889850998e7,11,0.3148491382598877,false
9438,1.3501847228715745e8,3.5162721705476344e6,1,0.058528900146484375,false
9439,1.3501852772723132e8,6.867488200000003e6,2,0.09129691123962402,false
9440,1.3501856324558243e8,2.8943324059922203e7,10,0.2668302059173584,false
9441,1.3501862163457564e8,2.928765584905535e7,7,0.2385268211364746,false
9442,1.3501862351373237e8,9.349220119212434e6,3,0.12279009819030762,false
9443,1.350186287347703e8,4.496675266959363e7,9,0.2834188938140869,false
9444,1.3501866039773253e8,4.1909334152003914e7,10,0.3013889789581299,false
9445,1.3501875413373098e8,5.526328416049519e7,10,0.30146121978759766,false
9446,1.3501875413373092e8,3.385118169999987e6,1,0.05773282051086426,false
9447,1.3501877642804193e8,3.408718053793405e7,9,0.2906510829925537,false
9448,1.3501879931229302e8,2.25277545197334e7,5,0.18019890785217285,false
9449,1.3501889943476632e8,1.2839911786840817e8,27,0.7793071269989014,false
9450,1.3501896770584166e8,2.613087462235242e7,6,0.19389700889587402,false
9451,1.3501902318898597e8,9.329215250655264e6,3,0.12004995346069336,false
9452,1.3501902411094737e8,1.3367868809125975e7,4,0.15468788146972656,false
9453,1.3501902916739306e8,6.737061680000007e6,2,0.09398818016052246,false
9454,1.3501920929183587e8,4.857677414842862e7,11,0.287578821182251,false
9455,1.3501930724314618e8,4.6771578761131465e7,9,0.2717020511627197,false
9456,1.3501935960192552e8,6.555534977234939e7,14,0.4293191432952881,false
9457,1.3501937021625262e8,1.137677091119665e7,3,0.11979293823242188,false
9458,1.3501951827006242e8,5.607686087799895e7,12,0.3121500015258789,false
9459,1.350196349863466e8,2.609846469378999e7,8,0.2449638843536377,false
9460,1.3501964769532707e8,4.817446989400393e7,13,0.3629729747772217,false
9461,1.3501967459071398e8,1.3009505188581571e7,4,0.14455699920654297,false
9462,1.350197089344697e8,1.526120844863868e8,35,0.9758181571960449,false
9463,1.350197398062172e8,5.026734572309351e7,12,0.35266590118408203,false
9464,1.3501994804457167e8,9.206498950542533e7,15,0.4493880271911621,false
9465,1.3501998363492924e8,1.0647718593912333e7,3,0.12256097793579102,false
9466,1.350200073515969e8,3.106769829484594e7,9,0.28536510467529297,false
9467,1.3502005724598545e8,6.38221898347348e7,14,0.3718860149383545,false
9468,1.3502006340985408e8,1.3087316267724872e7,4,0.143798828125,false
9469,1.3502008560749832e8,3.383100189067958e7,10,0.2637331485748291,false
9470,1.3502009457047153e8,5.549557167148912e7,10,0.3163309097290039,false
9471,1.3502010649453157e8,6.737231497613668e6,2,0.09525394439697266,false
9472,1.3502010753771785e8,9.666322588381453e7,18,0.5259380340576172,false
9473,1.3502010758491394e8,1.1182027957509065e8,23,0.6831810474395752,false
9474,1.3502023625196528e8,3.3001182547286868e7,11,0.2657771110534668,false
9475,1.350202736024474e8,6.737518572287232e6,2,0.09645485877990723,false
9476,1.3502028555614144e8,7.060477412811832e7,14,0.4457399845123291,false
9477,1.3502031186118394e8,1.2984712355798723e8,25,0.7251491546630859,false
9478,1.3502031186118394e8,3.3685836099999994e6,1,0.055075883865356445,false
9479,1.3502031186118394e8,6.754169159755498e6,2,0.08963513374328613,false
9480,1.3502033997456223e8,7.464576385395071e7,16,0.4971179962158203,false
9481,1.3502037224637625e8,1.0155913345723331e7,3,0.12425994873046875,false
9482,1.3502037827271143e8,5.7810385896621406e7,15,0.44542384147644043,false
9483,1.3502041189708006e8,5.0738184309192464e7,16,0.42597508430480957,false
9484,1.3502045121634507e8,7.891421284886944e7,15,0.4493889808654785,false
9485,1.3502045137535504e8,3.3685836100000143e6,1,0.05641293525695801,false
9486,1.3502052084236372e8,7.873015903401524e6,2,0.09241008758544922,false
9487,1.350205646844534e8,8.133975765237987e6,2,0.09137105941772461,false
9488,1.3502056478114787e8,6.773752927765101e6,2,0.09929490089416504,false
9489,1.3502060394500384e8,9.460730450316414e7,22,0.6305630207061768,false
9490,1.3502064006183887e8,4.5245497943899855e7,10,0.3209691047668457,false
9491,1.3502064545933843e8,9.473571934002355e6,3,0.1229708194732666,false
9492,1.3502071969226548e8,4.705418306281616e7,14,0.3947720527648926,false
9493,1.3502074260423484e8,1.5207159087494642e7,5,0.17035317420959473,false
9494,1.3502075351954338e8,1.8794242271751136e7,7,0.19840788841247559,false
9495,1.350207704864975e8,7.299967093636006e6,2,0.09683799743652344,false
9496,1.3502080236826992e8,1.897373528555946e7,6,0.1934499740600586,false
9497,1.3502091651874477e8,2.8998981856992543e7,5,0.17212605476379395,false
9498,1.3502093252607462e8,3.3774789281984046e7,10,0.26862406730651855,false
9499,1.3502093293660906e8,6.116964304239273e7,11,0.33717989921569824,false
9500,1.3502097917249653e8,4.073864053701189e7,11,0.3223140239715576,false
9501,1.3502097917249653e8,4.572116599999994e6,1,0.05974888801574707,false
9502,1.3502118064113584e8,1.4687369073345393e7,3,0.11996197700500488,false
9503,1.3502119771428648e8,2.59670273296452e7,7,0.2467801570892334,false
9504,1.350212256868298e8,2.1933873190259874e7,5,0.17598390579223633,false
9505,1.350212484381999e8,3.3685628890625983e6,1,0.0561830997467041,false
9506,1.350212807612673e8,3.572460912679696e7,10,0.28275084495544434,false
9507,1.350212807612673e8,3.3685836100000143e6,1,0.05713701248168945,false
9508,1.3502133404798758e8,7.348397358304712e7,16,0.4883391857147217,false
9509,1.3502133891890347e8,9.480036408287475e7,20,0.604144811630249,false
9510,1.350213599865498e8,1.0106721699556023e7,3,0.12299108505249023,false
9511,1.3502137522521272e8,1.9472183049819678e7,6,0.19539690017700195,false
9512,1.350214354451092e8,6.903103611794531e6,2,0.09754109382629395,false
9513,1.350214585361699e8,7.480945024679857e7,14,0.43129396438598633,false
9514,1.3502152841610694e8,8.96625438974463e7,19,0.5453231334686279,false
9515,1.350215703195426e8,1.2420842459284142e8,22,0.6595628261566162,false
9516,1.3502161957688433e8,4.460807175535458e7,13,0.3704061508178711,false
9517,1.3502175553777298e8,1.6392988381054223e7,4,0.14838099479675293,false
9518,1.3502179052039877e8,9.49643253134883e7,15,0.472883939743042,false
9519,1.3502188316634306e8,1.4735036617512682e8,24,0.6337690353393555,false
9520,1.350220035020152e8,1.4621734540304184e7,4,0.1430370807647705,false
9521,1.3502205803721863e8,1.6957860098780125e7,4,0.16916298866271973,false
9522,1.350220648844813e8,2.025928240329148e7,7,0.2263648509979248,false
9523,1.350220915868613e8,5.223668491825549e7,14,0.4000070095062256,false
9524,1.3502210878558567e8,1.029081168140176e7,3,0.12842297554016113,false
9525,1.3502215181890604e8,1.1551911831930906e7,3,0.1247720718383789,false
9526,1.3502217221583533e8,6.737311389139682e6,2,0.14722490310668945,false
9527,1.3502220533948132e8,9.526098957544476e6,3,0.11936402320861816,false
9528,1.3502225232746804e8,1.621813627330871e7,5,0.17606401443481445,false
9529,1.3502230466304472e8,9.299554552359562e7,11,0.2893991470336914,false
9530,1.3502230885043508e8,8.316998760129347e7,18,0.5471069812774658,false
9531,1.350223568766718e8,1.0891900541896994e8,27,0.762408971786499,false
9532,1.350223670476777e8,6.111679438987529e7,14,0.4099118709564209,false
9533,1.350223670476778e8,3.385118169999987e6,1,0.06418919563293457,false
9534,1.3502239525481382e8,2.796206956851375e7,7,0.22307085990905762,false
9535,1.350224474701062e8,2.170057031378463e7,4,0.1528620719909668,false
9536,1.3502244747010624e8,6.737311389139682e6,2,0.08800005912780762,false
9537,1.3502244843746716e8,1.3509294793723673e8,27,0.7773327827453613,false
9538,1.350224577583686e8,5.5205988991209e7,12,0.3424551486968994,false
9539,1.3502251516531384e8,9.480585629855424e6,3,0.11439800262451172,false
9540,1.3502255491251922e8,5.7322504764657795e7,14,0.41408205032348633,false
9541,1.3502256052879247e8,3.216756757431457e8,38,1.0010368824005127,false
9542,1.3502257752155155e8,4.624593682746185e7,12,0.3338949680328369,false
9543,1.3502263293412247e8,9.311615204309732e6,3,0.11498117446899414,false
9544,1.3502263293412238e8,3.385118169999987e6,1,0.059031009674072266,false
9545,1.3502264893439e8,9.311730083368659e6,3,0.11072492599487305,false
9546,1.350229474554405e8,6.0570752862915814e7,9,0.26052284240722656,false
9547,1.3502294834990934e8,1.232946840561184e8,33,0.8872191905975342,false
9548,1.3502306208916742e8,6.75359624000001e6,2,0.08671689033508301,false
9549,1.3502310602246886e8,1.3872192135881022e7,4,0.15804696083068848,false
9550,1.3502316626094922e8,6.737518572287217e6,2,0.09017014503479004,false
9551,1.35023171038187e8,3.9363671471921384e7,11,0.30268383026123047,false
9552,1.3502331150148696e8,1.199022972633795e8,27,0.7135941982269287,false
9553,1.350233391300878e8,3.5162721705476344e6,1,0.057893991470336914,false
9554,1.3502333913008788e8,6.903103611794531e6,2,0.09219193458557129,false
9555,1.350233503225557e8,1.2958647802076876e7,3,0.11858892440795898,false
9556,1.3502337525043818e8,7.982887455739707e6,2,0.08824706077575684,false
9557,1.3502342044427103e8,4.192218541245422e7,10,0.28687000274658203,false
9558,1.350234947015382e8,4.239274392374359e7,12,0.30290889739990234,false
9559,1.3502372865889558e8,6.486029047026181e7,11,0.28661012649536133,false
9560,1.3502373519567358e8,6.770402539683342e6,2,0.0936739444732666,false
9561,1.3502384440214267e8,2.7293220905568033e7,7,0.23307013511657715,false
9562,1.3502392043370202e8,7.996332594726872e7,17,0.5041399002075195,false
9563,1.3502392340125546e8,1.2979525444582264e8,30,0.8024768829345703,false
9564,1.3502416918750632e8,1.5791915825553998e7,5,0.16817712783813477,false
9565,1.3502418163231653e8,1.1342775155437231e7,3,0.12165689468383789,false
9566,1.3502418791536498e8,9.47439502409482e6,3,0.11990904808044434,false
9567,1.3502418791536495e8,3.385118169999987e6,1,0.05936002731323242,false
9568,1.3502419347495455e8,3.0974244881091118e7,9,0.2633330821990967,false
9569,1.3502453048802355e8,3.157828093185875e7,6,0.2093489170074463,false
9570,1.3502454341047555e8,1.7697330943743885e7,5,0.18921709060668945,false
9571,1.3502454341047555e8,3.3685836099999994e6,1,0.057782888412475586,false
9572,1.350245505293735e8,2.2848121646404985e8,39,1.0902020931243896,false
9573,1.3502458030663562e8,1.4188496722060984e8,22,0.5934708118438721,false
9574,1.3502459631318483e8,3.9287840526308626e7,12,0.32808804512023926,false
9575,1.3502461144733247e8,5.3408783071437e7,10,0.2652909755706787,false
9576,1.3502467336095527e8,6.737745453516036e6,2,0.08942604064941406,false
9577,1.3502467574855426e8,1.2289751696695253e7,4,0.14073514938354492,false
9578,1.3502468548895928e8,1.515928873843515e7,4,0.1549699306488037,false
9579,1.3502469875449106e8,3.0885631288251102e7,8,0.2627890110015869,false
9580,1.3502471802431837e8,1.4715152397403196e7,5,0.15964794158935547,false
9581,1.3502471802431834e8,3.3685836100000143e6,1,0.05758094787597656,false
9582,1.3502477783253294e8,1.1754842439743042e7,3,0.11568903923034668,false
9583,1.350248424205312e8,5.424211777645594e7,11,0.3392939567565918,false
9584,1.350248424205312e8,3.385118169999987e6,1,0.05991411209106445,false
9585,1.350248749487405e8,9.741221290510139e7,23,0.6581919193267822,false
9586,1.3502487494874048e8,4.572116599999994e6,1,0.060337066650390625,false
9587,1.3502493283549803e8,4.035981146593925e7,13,0.3511059284210205,false
9588,1.3502498845529965e8,9.328438805750817e6,3,0.11470913887023926,false
9589,1.3502507151082274e8,1.4382553192276776e7,3,0.12320494651794434,false
9590,1.350250785738571e8,4.6086014210000575e7,9,0.29340386390686035,false
9591,1.3502511228358042e8,5.7656643815758586e7,13,0.40393900871276855,false
9592,1.3502512991252762e8,6.1014746502509326e7,13,0.37661099433898926,false
9593,1.3502513575458342e8,2.9227074732708186e7,7,0.23734116554260254,false
9594,1.350251642031133e8,6.050555336669849e7,14,0.40537190437316895,false
9595,1.350251677347114e8,4.5443943291718975e7,12,0.3277139663696289,false
9596,1.3502523219525626e8,9.875156091403684e7,16,0.46263599395751953,false
9597,1.3502527088442037e8,5.667908251569685e7,10,0.30545902252197266,false
9598,1.3502528204066777e8,1.913921887189661e7,5,0.16337013244628906,false
9599,1.350252853643377e8,3.39739451141617e7,7,0.22424697875976562,false
9600,1.3502528785679972e8,1.0109445350954667e7,3,0.11541986465454102,false
9601,1.3502529969595936e8,4.201961108575317e7,8,0.27121710777282715,false
9602,1.350254056871822e8,1.3348757494144255e8,18,0.45603084564208984,false
9603,1.3502544209340122e8,4.896737766369267e7,14,0.4037661552429199,false
9604,1.3502544209340122e8,3.3685836099999994e6,1,0.057394981384277344,false
9605,1.3502544209340125e8,3.385118169999987e6,1,0.059103965759277344,false
9606,1.3502545403386804e8,1.532782925802994e8,37,1.0033249855041504,false
9607,1.35025454033868e8,3.3685836100000143e6,1,0.0576479434967041,false
9608,1.3502552420216107e8,2.4297164459741414e7,6,0.2091829776763916,false
9609,1.3502552972144195e8,9.834463027113752e7,24,0.6738030910491943,false
9610,1.350255674588076e8,2.40861788699568e8,47,1.3149559497833252,false
9611,1.3502556745880762e8,3.385118169999987e6,1,0.05974602699279785,false
9612,1.3502588360320258e8,6.231330652622479e7,17,0.4891030788421631,false
9613,1.35025893219577e8,1.5171821166105157e8,28,0.7861769199371338,false
9614,1.3502589321957698e8,3.3685836100000143e6,1,0.05888009071350098,false
9615,1.350259975884949e8,1.834651409733212e7,4,0.1577470302581787,false
9616,1.3502600511789197e8,3.9713737746671975e7,9,0.2866709232330322,false
9617,1.3502601690635338e8,4.782237577228871e7,9,0.3011159896850586,false
9618,1.350260169063534e8,3.3685628890625983e6,1,0.060231924057006836,false
9619,1.3502601932365298e8,2.4509357051809207e7,7,0.20733118057250977,false
9620,1.3502603342658827e8,7.152091960000008e6,2,0.09083080291748047,false
9621,1.3502608175448003e8,7.065818162613711e7,18,0.5362770557403564,false
9622,1.3502609715541095e8,6.545352990730658e7,15,0.40839099884033203,false
9623,1.3502610171343532e8,3.6879541425172225e7,10,0.27732110023498535,false
9624,1.3502611309625727e8,3.523210737498428e7,9,0.2468118667602539,false
9625,1.3502620387869516e8,4.375455744422737e7,8,0.2680950164794922,false
9626,1.3502622853109226e8,1.4730660431241742e8,26,0.7323551177978516,false
9627,1.3502626498796946e8,2.0110355406427696e7,6,0.20551085472106934,false
9628,1.350262653598781e8,1.072918171038143e8,26,0.7348341941833496,false
9629,1.3502632702978802e8,7.6564551299974e7,23,0.6177217960357666,false
9630,1.3502636550840276e8,7.333569435823555e7,20,0.5868980884552002,false
9631,1.3502643978993008e8,1.869733208849486e8,38,1.139491081237793,false
9632,1.3502644882253447e8,6.737406540961221e6,2,0.08940291404724121,false
9633,1.3502644882253447e8,3.3685836100000143e6,1,0.05770611763000488,false
9634,1.350265021390747e8,2.6418220175930858e7,8,0.2555549144744873,false
9635,1.350265436034927e8,6.7705300243219435e6,2,0.0905759334564209,false
9636,1.3502660083821142e8,6.825062777697214e7,13,0.3816061019897461,false
9637,1.3502662924161974e8,4.891002853759521e7,8,0.24054193496704102,false
9638,1.3502665371361622e8,2.148423404611844e7,5,0.16295504570007324,false
9639,1.3502665371361622e8,3.385118169999987e6,1,0.058296918869018555,false
9640,1.3502667131716204e8,1.095806717048966e8,18,0.5345821380615234,false
9641,1.350267380813577e8,3.810102623742833e8,49,1.3050858974456787,false
9642,1.3502674031514376e8,3.3685628890625983e6,1,0.05839204788208008,false
9643,1.3502677765424067e8,1.053764123613146e7,3,0.1190650463104248,false
9644,1.3502677765424067e8,3.3685836100000143e6,1,0.05792689323425293,false
9645,1.3502679076306134e8,7.417707821463001e7,12,0.3306100368499756,false
9646,1.3502679241597882e8,9.711432949573666e6,3,0.11567187309265137,false
9647,1.3502682882773152e8,2.1555378694559154e8,30,0.886085033416748,false
9648,1.3502683026196092e8,2.6333548713148683e7,8,0.2608511447906494,false
9649,1.3502683781532845e8,3.743761695899242e7,9,0.2660059928894043,false
9650,1.3502683976649833e8,3.3685836100000143e6,1,0.056439876556396484,false
9651,1.3502696892077312e8,3.798272985161857e7,11,0.3020331859588623,false
9652,1.3502696892077312e8,4.572116599999994e6,1,0.05898594856262207,false
9653,1.3502701412024906e8,3.293101432485017e7,9,0.2758760452270508,false
9654,1.3502717547508577e8,1.8413763238633722e7,4,0.1616518497467041,false
9655,1.350271893900598e8,5.799328642777358e7,13,0.39555811882019043,false
9656,1.3502722765258795e8,1.7915734620797217e7,5,0.17846989631652832,false
9657,1.3502724246524814e8,2.0421921630181834e7,6,0.208298921585083,false
9658,1.3502729481577626e8,4.100678544196862e7,8,0.28519105911254883,false
9659,1.3502730138987663e8,8.102256699999988e6,2,0.09116506576538086,false
9660,1.3502733322691032e8,6.990490618302478e7,17,0.5040478706359863,false
9661,1.3502746742353493e8,2.5420334531181872e7,5,0.16709017753601074,false
9662,1.3502749574419266e8,1.0296956441319257e7,3,0.1199338436126709,false
9663,1.3502758592485467e8,2.0066512566916227e7,6,0.2004251480102539,false
9664,1.3502761803355655e8,3.913947984741363e7,9,0.2978999614715576,false
9665,1.3502763581951085e8,1.210187396236524e7,3,0.12273406982421875,false
9666,1.3502765440406117e8,1.781732468385832e7,5,0.18751788139343262,false
9667,1.350276795602769e8,2.0055034037365347e7,7,0.2199420928955078,false
9668,1.3502771989355835e8,6.770691581124425e6,2,0.09183883666992188,false
9669,1.350278631381528e8,1.7478959171530038e7,5,0.1795361042022705,false
9670,1.3502787481643617e8,2.0955062174845815e7,5,0.1851029396057129,false
9671,1.3502787987845147e8,6.774120878027223e7,17,0.5007350444793701,false
9672,1.3502788331937885e8,9.388336840944083e7,25,0.6932399272918701,false
9673,1.3502796179243913e8,1.2817221034233838e7,3,0.11899304389953613,false
9674,1.3502797367392153e8,7.037650506635399e7,15,0.4533250331878662,false
9675,1.3502837207574177e8,1.7460525243859172e7,4,0.1472461223602295,false
9676,1.3502843456994227e8,3.667044756538421e7,7,0.2607448101043701,false
9677,1.3502847208728966e8,6.009579879254025e7,10,0.3060641288757324,false
9678,1.3502849299391934e8,5.350040071069029e7,11,0.32648301124572754,false
9679,1.3502850388136306e8,1.0108400489699781e7,3,0.11698484420776367,false
9680,1.3502862755702075e8,1.1782875133545594e8,24,0.7132081985473633,false
9681,1.3502865341168684e8,3.511800309636995e7,7,0.22190594673156738,false
9682,1.350287027579065e8,2.0643644565308273e7,7,0.22026395797729492,false
9683,1.350287113054285e8,5.238473291750015e7,10,0.31955599784851074,false
9684,1.3502871293377298e8,3.3685836100000143e6,1,0.060402870178222656,false
9685,1.3502880944564658e8,7.736823309642017e6,2,0.09225010871887207,false
9686,1.3502881007895672e8,3.594288156475964e7,10,0.287477970123291,false
9687,1.350288750616609e8,1.0287916344949871e7,3,0.11940193176269531,false
9688,1.3502893189574113e8,4.632021940301916e7,9,0.2817800045013428,false
9689,1.3502893749233124e8,6.4726641669239014e7,11,0.3339660167694092,false
9690,1.350290375230454e8,1.2154629904065137e8,28,0.7519819736480713,false
9691,1.3502927399253416e8,9.201911749786693e7,19,0.5359351634979248,false
9692,1.35029285773471e8,1.1311223493367642e7,3,0.12405586242675781,false
9693,1.3502928773804444e8,6.737346376672566e6,2,0.0890960693359375,false
9694,1.3502929335548815e8,3.9794508710861936e7,10,0.3098161220550537,false
9695,1.350293068083041e8,6.63366464209637e6,2,0.09202194213867188,false
9696,1.3502935770008782e8,1.066754893834722e7,3,0.1208038330078125,false
9697,1.350294276958041e8,6.524426624003008e7,17,0.498035192489624,false
9698,1.350294276958041e8,3.5162721705476344e6,1,0.06030082702636719,false
9699,1.3502948385183e8,1.3835029794553086e7,5,0.16347217559814453,false
9700,1.3502961036887038e8,2.9432700925993502e7,9,0.26797986030578613,false
9701,1.3502961216178033e8,1.0521005755475968e7,3,0.11897802352905273,false
9702,1.3502961976678213e8,1.7247367605351388e8,30,0.8988900184631348,false
9703,1.3502966543326488e8,2.2909961789272845e7,7,0.206434965133667,false
9704,1.3502966559513208e8,4.1991857682137534e7,13,0.33286094665527344,false
9705,1.3503000422066912e8,1.3048048087312812e8,27,0.6815130710601807,false
9706,1.350300164377095e8,2.1527055554861248e7,5,0.1721029281616211,false
9707,1.3503003720131096e8,2.669919432646519e7,7,0.23241305351257324,false
9708,1.350300454296885e8,1.3973198330633077e8,26,0.7771799564361572,false
9709,1.3503004542968854e8,6.738028459999993e6,2,0.08969807624816895,false
9710,1.3503008422082475e8,6.3001122725514576e7,16,0.4640510082244873,false
9711,1.3503008871744046e8,6.7535755190626085e6,2,0.08974409103393555,false
9712,1.3503008972825462e8,2.740039807022798e7,9,0.24757885932922363,false
9713,1.3503010448275673e8,1.8116027333758548e7,6,0.18239617347717285,false
9714,1.3503017940812507e8,1.6013088802987495e8,21,0.5924398899078369,false
9715,1.3503022605899504e8,2.02852899909299e7,6,0.2004380226135254,false
9716,1.3503022605899504e8,3.3685836100000143e6,1,0.057684898376464844,false
9717,1.3503022843198562e8,3.379779509105252e7,10,0.29245615005493164,false
9718,1.3503029636161944e8,5.826109559046346e7,12,0.3155210018157959,false
9719,1.350302983161342e8,1.0971424607840455e8,27,0.7981410026550293,false
9720,1.350303332625814e8,1.6848970557585353e8,32,0.903404951095581,false
9721,1.3503045247911763e8,5.367339544564165e7,15,0.4111309051513672,false
9722,1.3503051854693085e8,5.136349012122971e7,9,0.24503707885742188,false
9723,1.3503051854693082e8,3.385118169999987e6,1,0.062159061431884766,false
9724,1.3503051956423765e8,1.0309496106487608e8,20,0.5967960357666016,false
9725,1.3503051956423768e8,4.572116599999994e6,1,0.06329083442687988,false
9726,1.350305195642377e8,3.3685836100000143e6,1,0.05940413475036621,false
9727,1.350306275652377e8,1.0534976823934346e7,3,0.12134695053100586,false
9728,1.3503068803428823e8,2.4202473572408468e7,5,0.18902301788330078,false
9729,1.3503069500546563e8,4.210311648764154e7,9,0.26613306999206543,false
9730,1.350307215898281e8,5.814466910257402e7,12,0.34371495246887207,false
9731,1.3503077010564148e8,1.951888593295458e7,6,0.19680285453796387,false
9732,1.3503077010564148e8,3.3685836100000143e6,1,0.05651116371154785,false
9733,1.3503077105018553e8,1.230483722313109e7,3,0.11982583999633789,false
9734,1.3503078983983004e8,1.9384582674228907e7,5,0.18158602714538574,false
9735,1.35030810669031e8,1.122914371821358e8,23,0.6479201316833496,false
9736,1.3503086445319325e8,5.388516519775745e7,10,0.27594590187072754,false
9737,1.350308737511481e8,3.3161125211431816e7,8,0.2728149890899658,false
9738,1.3503089715478888e8,3.40865869947415e7,8,0.2506380081176758,false
9739,1.3503124986841848e8,9.572622719999999e6,2,0.09470009803771973,false
9740,1.3503127333273715e8,6.950904673705763e7,18,0.535369873046875,false
9741,1.3503145497949955e8,1.5877252747255564e7,3,0.12279796600341797,false
9742,1.3503161998257947e8,2.9022310300065756e7,6,0.20262503623962402,false
9743,1.3503165750410247e8,1.782771779013452e8,33,0.965609073638916,false
9744,1.3503182508073655e8,4.215465980849415e7,7,0.21679997444152832,false
9745,1.3503210957194483e8,6.2691700658174306e7,14,0.4308590888977051,false
9746,1.3503215641297942e8,2.7315240972085476e7,6,0.215317964553833,false
9747,1.3503224397606882e8,3.916040254269442e7,11,0.300123929977417,false
9748,1.3503224957664698e8,2.152093540477544e7,6,0.19156694412231445,false
9749,1.3503269949868053e8,1.4864873468890697e7,3,0.11711812019348145,false
9750,1.3503270570977563e8,1.2754219513676628e7,4,0.14491891860961914,false
9751,1.350327184658379e8,2.753882156276512e7,6,0.21921396255493164,false
9752,1.3503272029363444e8,1.812381453872046e7,5,0.1866610050201416,false
9753,1.3503276460981402e8,2.1822638383256108e7,5,0.16545605659484863,false
9754,1.350328348736184e8,1.0470992894430071e7,3,0.12052607536315918,false
9755,1.3503283487361842e8,6.772516009477615e6,2,0.09394502639770508,false
9756,1.3503283487361836e8,3.385118169999987e6,1,0.059062957763671875,false
9757,1.3503289413045558e8,1.1519333534198076e7,3,0.12090086936950684,false
9758,1.3503289809297436e8,3.2198401726459786e7,8,0.2721090316772461,false
9759,1.3503294307470983e8,9.113304716001934e7,21,0.613806962966919,false
9760,1.3503296203301635e8,3.0388079114962786e7,7,0.2677741050720215,false
9761,1.350329934705997e8,3.0335503852808297e7,7,0.23973894119262695,false
9762,1.3503303885071164e8,3.9269405295015216e7,11,0.31361913681030273,false
9763,1.3503331044825715e8,3.7297322125951916e7,6,0.2026669979095459,false
9764,1.3503331837063983e8,3.265816520815499e7,7,0.25163984298706055,false
9765,1.350333197144431e8,3.0651829714859515e7,10,0.27858400344848633,false
9766,1.3503337779406378e8,8.761281911946082e7,19,0.5886590480804443,false
9767,1.3503358757910576e8,1.2388988258839394e8,26,0.6805779933929443,false
9768,1.3503358784509477e8,1.5741198933577776e7,5,0.17190194129943848,false
9769,1.3503360180454826e8,1.0638194407901572e8,22,0.6100900173187256,false
9770,1.350336179611899e8,1.057864149331503e8,16,0.4645681381225586,false
9771,1.3503361796119004e8,3.3685836100000143e6,1,0.05862593650817871,false
9772,1.350336273567355e8,1.1891972404410928e7,3,0.12045407295227051,false
9773,1.350336321130415e8,3.4535926350869834e7,8,0.267956018447876,false
9774,1.350336915098972e8,1.8689847788202196e7,6,0.20314979553222656,false
9775,1.3503370220164055e8,1.3920448889393091e7,4,0.15076899528503418,false
9776,1.3503371600460753e8,4.5476262550252825e7,14,0.38972020149230957,false
9777,1.3503376318537724e8,1.8374725716311842e7,5,0.17501497268676758,false
9778,1.3503380515002725e8,4.171168045695299e7,8,0.2843618392944336,false
9779,1.3503382540736365e8,1.2710681849129617e7,3,0.1225271224975586,false
9780,1.3503384072245848e8,2.2682744859873176e7,7,0.24119091033935547,false
9781,1.350340520771689e8,1.1490494525608718e7,3,0.11931395530700684,false
9782,1.3503406548618925e8,2.5155447679085225e8,44,1.211780071258545,false
9783,1.350340740002583e8,1.3491804461505175e7,4,0.15661191940307617,false
9784,1.3503412675787434e8,3.739028342812288e7,7,0.22323918342590332,false
9785,1.3503419504042783e8,9.744000004208684e7,15,0.4122178554534912,false
9786,1.350341950404279e8,8.516852395608723e6,2,0.09179401397705078,false
9787,1.3503419801048318e8,1.7368606897848845e7,6,0.19231796264648438,false
9788,1.3503420526132643e8,6.77031803691563e6,2,0.09486603736877441,false
9789,1.3503434978303647e8,4.253447064804369e7,7,0.21599793434143066,false
9790,1.350343535271688e8,4.572116599999994e6,1,0.06384015083312988,false
9791,1.3503436259592736e8,2.1023349745006174e7,6,0.21984505653381348,false
9792,1.3503436259592736e8,4.572116599999994e6,1,0.061760902404785156,false
9793,1.3503441807222015e8,5.500425147023119e7,15,0.4247570037841797,false
9794,1.3503443244881317e8,3.3685628890626132e6,1,0.05720210075378418,false
9795,1.350344747237069e8,6.152309013088283e7,10,0.33346986770629883,false
9796,1.3503447472370687e8,3.385118169999987e6,1,0.06210494041442871,false
9797,1.3503449538338646e8,2.5101336520883545e7,8,0.23315715789794922,false
9798,1.3503454879587346e8,3.977187405885415e8,65,1.7159998416900635,false
9799,1.3503454879587382e8,3.3685836100000143e6,1,0.05747413635253906,false
9800,1.350346237115695e8,8.765257820632076e7,16,0.4962320327758789,false
9801,1.350347776626649e8,8.414634911220145e7,12,0.3549528121948242,false
9802,1.350348151778055e8,1.449116799366948e7,4,0.16648602485656738,false
9803,1.3503483633846658e8,1.5500891937850714e7,5,0.1705000400543213,false
9804,1.3503484069222355e8,2.369740723429598e7,8,0.2569241523742676,false
9805,1.350349034518094e8,1.126384678475207e7,3,0.12056779861450195,false
9806,1.350349114865506e8,8.40270746312634e7,16,0.5019710063934326,false
9807,1.3503512672798774e8,3.4007187262855604e7,10,0.2516930103302002,false
9808,1.3503513839865953e8,7.428152568245031e7,18,0.5397651195526123,false
9809,1.3503522789413664e8,1.5277612458720833e7,4,0.15960693359375,false
9810,1.3503537278306705e8,5.797260967037469e7,15,0.39719295501708984,false
9811,1.3503556723310366e8,1.886246378282785e8,22,0.6183860301971436,false
9812,1.3503566968025964e8,5.0558230910393864e7,12,0.3652830123901367,false
9813,1.3503568729665416e8,6.293316290094854e7,14,0.4309370517730713,false
9814,1.3503568729665413e8,3.3685836100000143e6,1,0.05768108367919922,false
9815,1.35035695293452e8,1.4314186635654911e7,4,0.15321779251098633,false
9816,1.3503576499572507e8,1.9966618762887895e7,7,0.2012631893157959,false
9817,1.350357935320651e8,1.0948460151713297e7,3,0.11825799942016602,false
9818,1.3503587810392308e8,3.449099493936473e7,7,0.2178359031677246,false
9819,1.3503592389087284e8,2.683172189881882e7,8,0.2617790699005127,false
9820,1.3503606686573863e8,7.957129229999989e6,2,0.09422802925109863,false
9821,1.350361178918857e8,1.6774176502581537e7,5,0.17723798751831055,false
9822,1.350361799094925e8,1.5324938550029838e8,21,0.6064188480377197,false
9823,1.3503617990949252e8,3.5162721705476344e6,1,0.06094002723693848,false
9824,1.3503627072870773e8,1.9081525471643773e8,34,0.946012020111084,false
9825,1.3503642181637946e8,2.6329474378671303e7,8,0.2322380542755127,false
9826,1.350365632826316e8,6.0928992226401895e7,14,0.4194929599761963,false
9827,1.3503661675156835e8,5.313924574370065e7,12,0.3619270324707031,false
9828,1.350366303049191e8,3.468148604241784e7,10,0.29744887351989746,false
9829,1.3503666181770766e8,1.5331541413840309e7,5,0.169403076171875,false
9830,1.350366903950381e8,5.80657980214065e7,13,0.37438297271728516,false
9831,1.3503671831720293e8,2.059881525323212e7,5,0.19085097312927246,false
9832,1.3503672354451102e8,1.0003679582891107e7,3,0.11561298370361328,false
9833,1.3503677628016168e8,7.311562161678463e7,21,0.5976581573486328,false
9834,1.350367762801617e8,3.385118169999987e6,1,0.0611419677734375,false
9835,1.3503684813117224e8,9.14721456963205e7,16,0.4753398895263672,false
9836,1.3503684858964318e8,2.373758460359171e7,6,0.2180180549621582,false
9837,1.3503686086531818e8,1.1519435317247152e7,3,0.12310314178466797,false
9838,1.3503686089606053e8,6.867541584123701e6,2,0.09044885635375977,false
9839,1.3503690814369366e8,1.0538152960962579e7,3,0.11572694778442383,false
9840,1.3503692696082133e8,1.879628590996957e7,5,0.18622207641601562,false
9841,1.350370146095076e8,7.748802080504128e7,11,0.2826409339904785,false
9842,1.3503701964760244e8,7.152371115038961e6,2,0.09103798866271973,false
9843,1.3503707700704348e8,2.630414268368341e7,8,0.2508811950683594,false
9844,1.3503707700704348e8,4.572116599999994e6,1,0.06114983558654785,false
9845,1.3503708670098868e8,1.486823815173629e7,4,0.14902210235595703,false
9846,1.3503712243005264e8,3.0705358076047078e7,11,0.2665119171142578,false
9847,1.350373265627149e8,4.3781301882540196e7,8,0.25865602493286133,false
9848,1.350373661927514e8,3.911081007031226e7,7,0.22359204292297363,false
9849,1.3503737459435144e8,8.385805985282034e6,2,0.09161806106567383,false
9850,1.3503738369086745e8,1.6452006040251535e8,35,0.9946689605712891,false
9851,1.3503739002209288e8,6.867488200000003e6,2,0.09172606468200684,false
9852,1.3503739410766405e8,5.756940733213982e7,13,0.4017469882965088,false
9853,1.3503750598507664e8,1.0148809143000111e8,18,0.5065779685974121,false
9854,1.3503754254543284e8,2.435992315919447e7,6,0.21843600273132324,false
9855,1.3503755537566367e8,3.728226807050781e7,10,0.256882905960083,false
9856,1.350375682483266e8,1.8077660669691786e7,5,0.17722797393798828,false
9857,1.3503763441793814e8,1.1707742953533763e8,25,0.7067570686340332,false
9858,1.3503768491961646e8,1.46036827115304e8,25,0.722524881362915,false
9859,1.3503769207662332e8,3.734644689980608e7,10,0.2840261459350586,false
9860,1.3503769207662335e8,4.572116599999994e6,1,0.06267905235290527,false
9861,1.3503777570955074e8,6.579620333449158e7,13,0.3776388168334961,false
9862,1.3503777570955074e8,3.385118169999987e6,1,0.06051301956176758,false
9863,1.3503779174926758e8,1.0306906381531417e7,3,0.1243581771850586,false
9864,1.3503780677653885e8,6.7535755190626085e6,2,0.09068894386291504,false
9865,1.350378321349811e8,1.0252977311842859e7,3,0.11866188049316406,false
9866,1.350378321349811e8,3.385118169999987e6,1,0.06026601791381836,false
9867,1.350378610266356e8,4.020194280067937e7,9,0.3103759288787842,false
9868,1.3503788060486555e8,3.058757635748431e7,8,0.2817881107330322,false
9869,1.3503790660826126e8,2.152402411166519e7,5,0.1678469181060791,false
9870,1.3503790660826126e8,3.3685836100000143e6,1,0.059229135513305664,false
9871,1.3503795558174685e8,2.659395569195667e7,8,0.2687489986419678,false
9872,1.350380030869614e8,7.46485950313741e7,17,0.5087149143218994,false
9873,1.3503841254872993e8,3.890490003967105e7,12,0.34296607971191406,false
9874,1.3503843139667884e8,6.770402539683342e6,2,0.0939168930053711,false
9875,1.3503843410422173e8,7.300144118200928e6,2,0.09346914291381836,false
9876,1.350385009655012e8,1.33118104558613e7,3,0.11938190460205078,false
9877,1.35038544917625e8,9.321361610103607e6,2,0.0972909927368164,false
9878,1.3503865114215678e8,7.61387459457818e7,17,0.49256110191345215,false
9879,1.350386511421568e8,3.3685836100000143e6,1,0.05837583541870117,false
9880,1.3503866604043084e8,7.606783939580947e6,2,0.09683609008789062,false
9881,1.3503879741268283e8,2.2285155900699914e7,5,0.19082903861999512,false
9882,1.3503880393601865e8,2.8171947742883474e7,9,0.269136905670166,false
9883,1.3503892392291662e8,7.865473518107852e7,18,0.48867201805114746,false
9884,1.3503896410750586e8,2.252641043804881e7,5,0.19228601455688477,false
9885,1.3503897330859736e8,4.832342534240842e7,10,0.3121449947357178,false
9886,1.35038979942803e8,2.620346392315206e7,10,0.25715112686157227,false
9887,1.3503926269914427e8,9.545733957957798e7,15,0.44209980964660645,false
9888,1.3503926269914424e8,6.737346376672596e6,2,0.09169507026672363,false
9889,1.350393005913751e8,1.2486253772244543e7,3,0.11744999885559082,false
9890,1.3503932137737185e8,8.800207661154747e6,2,0.09733104705810547,false
9891,1.3503934154082423e8,9.938557761430697e7,26,0.7473199367523193,false
9892,1.3503937098677278e8,7.686720200288191e7,18,0.5434620380401611,false
9893,1.3503939878465563e8,2.6309211100165248e7,6,0.23152494430541992,false
9894,1.3503941376617733e8,2.3345901511642575e7,6,0.21863293647766113,false
9895,1.3503955839526242e8,4.523180862709144e7,8,0.2867391109466553,false
9896,1.3503960879058576e8,6.578055375036149e7,16,0.4868779182434082,false
9897,1.350396087905858e8,3.3685836100000143e6,1,0.05924797058105469,false
9898,1.3503962642987743e8,3.1983673829770252e7,9,0.27144312858581543,false
9899,1.3503963485503876e8,1.812698733488147e7,6,0.19263386726379395,false
9900,1.3503963485503876e8,3.3685836100000143e6,1,0.058010101318359375,false
9901,1.350397199149006e8,2.1535169429451495e7,6,0.1933739185333252,false
9902,1.3503974424056304e8,1.3526045649477601e7,4,0.161545991897583,false
9903,1.3503975321447182e8,3.516236478169474e7,12,0.3113701343536377,false
9904,1.350398019896928e8,3.323348558652991e7,7,0.27006006240844727,false
9905,1.3503985672189012e8,1.0611029317483294e8,20,0.6378359794616699,false
9906,1.3503985672189012e8,3.3685628890626132e6,1,0.05786490440368652,false
9907,1.350398567218901e8,3.3685836100000143e6,1,0.05760002136230469,false
9908,1.3503988631723025e8,2.7438044916977555e7,8,0.2657630443572998,false
9909,1.3503990741799378e8,6.421673994501701e7,12,0.37821197509765625,false
9910,1.350399758714922e8,1.962286832798183e7,6,0.19528889656066895,false
9911,1.350400506775096e8,1.1883773369766226e8,13,0.37558817863464355,false
9912,1.3504020556041154e8,4.580268857530382e7,9,0.31285595893859863,false
9913,1.350402055604115e8,8.133958299999982e6,2,0.09371805191040039,false
9914,1.350402322628626e8,1.2117885628662497e7,3,0.12319397926330566,false
9915,1.350402579204455e8,5.173287637529217e7,14,0.39296793937683105,false
9916,1.3504025792044553e8,3.385118169999987e6,1,0.06450700759887695,false
9917,1.3504028784605122e8,1.6596852094474062e7,5,0.18835091590881348,false
9918,1.3504029304920182e8,3.08247302805977e7,9,0.27654504776000977,false
9919,1.350403048079269e8,3.994366017119247e7,10,0.322829008102417,false
9920,1.350403733928461e8,8.861758800037587e7,11,0.3259561061859131,false
9921,1.3504038023331073e8,9.44642283136388e7,28,0.8004488945007324,false
9922,1.35040446528318e8,5.645875111656535e7,11,0.2911849021911621,false
9923,1.3504045342464787e8,8.49776609586043e7,15,0.4576451778411865,false
9924,1.3504046451471996e8,1.755682779855357e7,5,0.18451690673828125,false
9925,1.3504049081488785e8,6.737519435774818e6,2,0.09030604362487793,false
9926,1.3504056207802635e8,1.0055014533540246e8,20,0.6181919574737549,false
9927,1.3504060103605244e8,1.393995357396736e8,23,0.6850779056549072,false
9928,1.3504063382937032e8,3.573119135378902e7,10,0.31696605682373047,false
9929,1.3504077508911198e8,4.740517512240279e7,12,0.35376811027526855,false
9930,1.3504078859205675e8,2.808671184310253e7,5,0.16829895973205566,false
9931,1.350408313433269e8,2.0564077965062782e7,5,0.17853999137878418,false
9932,1.3504091203207523e8,2.617344500678873e7,5,0.1848890781402588,false
9933,1.350409228734804e8,3.859512228241554e7,9,0.2914090156555176,false
9934,1.3504093258659008e8,1.979427644083166e7,5,0.19405198097229004,false
9935,1.3504094194393256e8,6.9013576778567135e6,2,0.09184479713439941,false
9936,1.3504095074950293e8,2.0529028811971676e8,47,1.308279037475586,false
9937,1.3504098139408994e8,3.9884712700474605e7,11,0.31185197830200195,false
9938,1.3504098371979517e8,1.79669591039719e7,6,0.20210814476013184,false
9939,1.3504102939227277e8,7.377517530971572e7,18,0.5565190315246582,false
9940,1.3504107554744837e8,1.4187232695101202e7,3,0.1270458698272705,false
9941,1.3504132312879074e8,2.2347154152736336e7,5,0.17101216316223145,false
9942,1.3504132312879077e8,6.633664642096385e6,2,0.0934000015258789,false
9943,1.3504147638704947e8,1.0277929686233342e7,3,0.12174487113952637,false
9944,1.3504149850431392e8,4.866129148635721e7,11,0.3191690444946289,false
9945,1.350415209534279e8,9.57144251750184e7,20,0.6275570392608643,false
9946,1.3504157130344754e8,7.083060157586849e7,16,0.4921379089355469,false
9947,1.3504158879061675e8,2.130069245011872e7,5,0.18471813201904297,false
9948,1.3504160517237413e8,2.9280417292553842e7,8,0.25881195068359375,false
9949,1.3504172713864958e8,1.139324326019457e7,3,0.11767983436584473,false
9950,1.3504177805448246e8,3.385118169999987e6,1,0.06038808822631836,false
9951,1.3504196919565946e8,4.372235617337334e7,8,0.2581150531768799,false
9952,1.3504216155192095e8,1.35836577124269e7,4,0.15511798858642578,false
9953,1.3504219610702565e8,3.3214230828928366e7,8,0.2710869312286377,false
9954,1.3504224679059467e8,1.5869346034876257e7,4,0.15498900413513184,false
9955,1.3504236025159892e8,1.4635084190419912e7,3,0.12107110023498535,false
9956,1.350426947356592e8,3.58692031438389e7,9,0.2541830539703369,false
9957,1.3504270430614403e8,1.3897717058510825e7,4,0.1415269374847412,false
9958,1.3504273298480228e8,1.413859817270407e7,4,0.16007590293884277,false
9959,1.350427384143731e8,6.7382984356532395e6,2,0.08934307098388672,false
9960,1.350428607633934e8,1.4163951891931534e7,3,0.12250995635986328,false
9961,1.3504298239412537e8,6.772399479497361e7,14,0.3922851085662842,false
9962,1.3504300810061216e8,1.059490733495757e7,3,0.12034988403320312,false
9963,1.3504303744728008e8,2.1803253700026095e7,5,0.1869349479675293,false
9964,1.3504315859460786e8,6.893607150809422e7,13,0.3558800220489502,false
9965,1.3504317023414865e8,1.153291899424088e7,3,0.12456417083740234,false
9966,1.3504320683844796e8,6.801599819160452e7,13,0.4076848030090332,false
9967,1.3504320683844796e8,3.5286503705476224e6,1,0.06049513816833496,false
9968,1.350432440086221e8,9.245868879427075e7,18,0.5651459693908691,false
9969,1.3504336513264292e8,3.367758696826306e7,9,0.28104305267333984,false
9970,1.3504341094434533e8,4.9291423322371244e7,10,0.3260488510131836,false
9971,1.350434134527998e8,9.279746320036547e7,18,0.5666639804840088,false
9972,1.350435378580542e8,1.9369169906936496e7,6,0.2099931240081787,false
9973,1.350436348048348e8,2.2242802353656143e7,5,0.18377399444580078,false
9974,1.3504364533349153e8,2.770888413535866e7,6,0.19592690467834473,false
9975,1.3504365435893273e8,8.081614425151277e7,14,0.44327306747436523,false
9976,1.35043680923944e8,1.3637971713693202e7,4,0.1450490951538086,false
9977,1.3504370844517422e8,3.571047575940704e7,9,0.303555965423584,false
9978,1.3504370844517422e8,3.3685836100000143e6,1,0.05914592742919922,false
9979,1.3504372301720655e8,3.9346135823574054e8,56,1.5886149406433105,false
9980,1.3504374833237147e8,4.166239962891117e7,13,0.31699705123901367,false
9981,1.3504374833237147e8,3.385118169999987e6,1,0.06185293197631836,false
9982,1.3504397150220716e8,1.9849880994692415e7,5,0.1881120204925537,false
9983,1.3504397223856977e8,6.2113647618995756e7,14,0.43144702911376953,false
9984,1.3504401788623765e8,6.182300330412245e7,11,0.3276350498199463,false
9985,1.35044057701085e8,1.2522892356914935e8,18,0.5477700233459473,false
9986,1.3504409260854277e8,3.385118169999987e6,1,0.06134390830993652,false
9987,1.3504422049326745e8,1.6784548595713586e7,4,0.15290403366088867,false
9988,1.3504427455817387e8,6.737264439766109e6,2,0.09148597717285156,false
9989,1.3504427897036213e8,2.0131077699985906e7,6,0.21479105949401855,false
9990,1.3504436820569426e8,1.6054845088906282e8,21,0.594851016998291,false
9991,1.350443724243905e8,1.6949906844755948e7,6,0.19018292427062988,false
9992,1.35044389853652e8,6.477859004053429e7,14,0.43334007263183594,false
9993,1.3504447753836444e8,1.4687369073345393e7,3,0.1202390193939209,false
9994,1.350444896086629e8,1.5443743984823465e7,3,0.12630105018615723,false
9995,1.3504448960866293e8,3.3685836100000143e6,1,0.05992698669433594,false
9996,1.3504463403883174e8,1.6069470182206273e8,32,0.9047648906707764,false
9997,1.3504475550725743e8,1.0521625292644113e7,3,0.12615299224853516,false
9998,1.3504482836812842e8,5.3693248169597775e7,10,0.3234281539916992,false
9999,1.3504490400809672e8,2.5675077190355718e7,6,0.22686290740966797,false
10000,1.3504510168895343e8,2.703545883391735e7,5,0.18304705619812012,true
